Date,District,PD_A,PD_P,PD_Y,MZ_A,MZ_P,MZ_Y,WH_A,WH_P,WH_Y,ML_A,ML_P,ML_Y,BW_A,BW_P,BW_Y,BL_A,BL_P,BL_Y
1979-80,Achham,2450.0,2540.0,1.04,3100.0,4920.0,1.59,2850.0,2600.0,0.91,900.0,1000.0,1.11,0.0,0.0,0.0,550.0,500.0,0.91
1979-80,Arghakhanchi,1900.0,3730.0,1.96,8850.0,11850.0,1.34,810.0,930.0,1.15,1800.0,1850.0,1.03,0.0,0.0,0.0,290.0,260.0,0.9
1979-80,Baglung,2600.0,3710.0,1.43,8720.0,14050.0,1.61,1800.0,2320.0,1.29,1500.0,1450.0,0.97,0.0,0.0,0.0,220.0,220.0,1.0
1979-80,Baitadi,3100.0,3910.0,1.26,2700.0,4510.0,1.67,3450.0,2950.0,0.86,900.0,1060.0,1.18,0.0,0.0,0.0,650.0,520.0,0.8
1979-80,Bajhang,2700.0,4590.0,1.7,1000.0,1550.0,1.55,2300.0,2020.0,0.88,1000.0,1050.0,1.05,0.0,0.0,0.0,700.0,620.0,0.89
1979-80,Bajura,3000.0,5210.0,1.74,800.0,1400.0,1.75,1580.0,1420.0,0.9,970.0,1070.0,1.1,0.0,0.0,0.0,400.0,310.0,0.78
1979-80,Banke,28640.0,26000.0,0.91,5360.0,6030.0,1.12,9000.0,10800.0,1.2,940.0,930.0,0.99,0.0,0.0,0.0,270.0,270.0,1.0
1979-80,Bara,52410.0,106440.0,2.03,140.0,210.0,1.5,19380.0,25190.0,1.3,200.0,190.0,0.95,0.0,0.0,0.0,1250.0,1030.0,0.82
1979-80,Bardiya,26640.0,37930.0,1.42,9490.0,10500.0,1.11,2500.0,3000.0,1.2,500.0,520.0,1.04,0.0,0.0,0.0,20.0,20.0,1.0
1979-80,Bhaktapur,5370.0,17360.0,3.23,1900.0,2660.0,1.4,6400.0,9600.0,1.5,180.0,180.0,1.0,0.0,0.0,0.0,20.0,20.0,1.0
1979-80,Bhojpur,5820.0,10400.0,1.79,9900.0,14080.0,1.42,1350.0,1620.0,1.2,2000.0,2000.0,1.0,0.0,0.0,0.0,50.0,50.0,1.0
1979-80,Chitwan,24840.0,45500.0,1.83,22160.0,32640.0,1.47,11630.0,16280.0,1.4,1000.0,940.0,0.94,0.0,0.0,0.0,150.0,130.0,0.87
1979-80,Dadeldhura,2110.0,1710.0,0.81,3200.0,5290.0,1.65,3920.0,3600.0,0.92,1940.0,2300.0,1.19,0.0,0.0,0.0,300.0,300.0,1.0
1979-80,Dailekh,3400.0,5320.0,1.56,5200.0,8990.0,1.73,2000.0,2000.0,1.0,1500.0,1650.0,1.1,0.0,0.0,0.0,810.0,650.0,0.8
1979-80,Dang,30440.0,36930.0,1.21,20910.0,31060.0,1.49,13000.0,15600.0,1.2,400.0,410.0,1.02,0.0,0.0,0.0,450.0,450.0,1.0
1979-80,Darchula,1380.0,2380.0,1.72,1840.0,3200.0,1.74,1900.0,1520.0,0.8,620.0,710.0,1.15,0.0,0.0,0.0,1800.0,1260.0,0.7
1979-80,Dhading,5600.0,11790.0,2.11,9900.0,13550.0,1.37,1050.0,1050.0,1.0,2020.0,2020.0,1.0,0.0,0.0,0.0,260.0,220.0,0.85
1979-80,Dhankuta,7660.0,16080.0,2.1,12820.0,17950.0,1.4,1590.0,2240.0,1.41,4210.0,3790.0,0.9,0.0,0.0,0.0,60.0,60.0,1.0
1979-80,Dhanusa,54840.0,100930.0,1.84,2980.0,3740.0,1.26,18000.0,20520.0,1.14,2730.0,2530.0,0.93,0.0,0.0,0.0,200.0,170.0,0.85
1979-80,Dolakha,1750.0,3500.0,2.0,3600.0,3670.0,1.02,680.0,780.0,1.15,900.0,600.0,0.67,0.0,0.0,0.0,70.0,60.0,0.86
1979-80,Dolpa,190.0,320.0,1.68,1300.0,1700.0,1.31,800.0,810.0,1.01,650.0,750.0,1.15,0.0,0.0,0.0,500.0,490.0,0.98
1979-80,Doti,5000.0,8570.0,1.71,4500.0,7530.0,1.67,4700.0,4400.0,0.94,1300.0,1390.0,1.07,0.0,0.0,0.0,640.0,640.0,1.0
1979-80,Gorkha,4930.0,7560.0,1.53,5470.0,4840.0,0.88,1410.0,1270.0,0.9,2700.0,2000.0,0.74,0.0,0.0,0.0,250.0,250.0,1.0
1979-80,Gulmi,3150.0,6170.0,1.96,9170.0,14670.0,1.6,1360.0,1500.0,1.1,1800.0,1990.0,1.11,0.0,0.0,0.0,450.0,410.0,0.91
1979-80,Humla,230.0,360.0,1.57,600.0,1000.0,1.67,500.0,450.0,0.9,700.0,720.0,1.03,0.0,0.0,0.0,650.0,530.0,0.82
1979-80,Ilam,7500.0,18700.0,2.49,6300.0,8100.0,1.29,1730.0,2400.0,1.39,2430.0,2840.0,1.17,0.0,0.0,0.0,50.0,50.0,1.0
1979-80,Jajarkot,2800.0,5040.0,1.8,5300.0,9280.0,1.75,1500.0,1800.0,1.2,1300.0,1400.0,1.08,0.0,0.0,0.0,650.0,520.0,0.8
1979-80,Jhapa,87070.0,148020.0,1.7,2980.0,4170.0,1.4,6000.0,6600.0,1.1,990.0,820.0,0.83,0.0,0.0,0.0,50.0,50.0,1.0
1979-80,Jumla,1350.0,2340.0,1.73,840.0,1390.0,1.65,1000.0,1050.0,1.05,1300.0,1140.0,0.88,0.0,0.0,0.0,1100.0,1090.0,0.99
1979-80,Kailali,42010.0,32670.0,0.78,11150.0,16730.0,1.5,7000.0,8210.0,1.17,1400.0,1340.0,0.96,0.0,0.0,0.0,30.0,30.0,1.0
1979-80,Kalikot,220.0,380.0,1.73,1830.0,3020.0,1.65,780.0,860.0,1.1,700.0,700.0,1.0,0.0,0.0,0.0,700.0,690.0,0.99
1979-80,Kanchanpur,24900.0,16930.0,0.68,4130.0,5890.0,1.43,5300.0,6000.0,1.13,500.0,490.0,0.98,0.0,0.0,0.0,150.0,130.0,0.87
1979-80,Kapilbastu,69510.0,55320.0,0.8,3800.0,3300.0,0.87,16700.0,19200.0,1.15,450.0,390.0,0.87,0.0,0.0,0.0,220.0,200.0,0.91
1979-80,Kaski,10310.0,23280.0,2.26,9100.0,8190.0,0.9,2750.0,3570.0,1.3,7000.0,6200.0,0.89,0.0,0.0,0.0,100.0,100.0,1.0
1979-80,Kathmandu,11720.0,37420.0,3.19,9500.0,16250.0,1.71,11700.0,17730.0,1.52,1400.0,1400.0,1.0,0.0,0.0,0.0,40.0,40.0,1.0
1979-80,Kavre,6980.0,16400.0,2.35,9310.0,14550.0,1.56,6500.0,7800.0,1.2,2000.0,2610.0,1.3,0.0,0.0,0.0,60.0,60.0,1.0
1979-80,Khotang,1500.0,2420.0,1.61,5400.0,5640.0,1.04,340.0,290.0,0.85,1110.0,1200.0,1.08,0.0,0.0,0.0,100.0,90.0,0.9
1979-80,Lalitpur,4400.0,15090.0,3.43,3900.0,6120.0,1.57,4500.0,6300.0,1.4,980.0,840.0,0.86,0.0,0.0,0.0,20.0,20.0,1.0
1979-80,Lamjung,5500.0,10240.0,1.86,6270.0,6920.0,1.1,1500.0,1700.0,1.13,5950.0,6000.0,1.01,0.0,0.0,0.0,200.0,200.0,1.0
1979-80,Mahottari,68260.0,113120.0,1.66,4100.0,5740.0,1.4,11100.0,13880.0,1.25,1500.0,1800.0,1.2,0.0,0.0,0.0,380.0,300.0,0.79
1979-80,Makwanpur,10300.0,19710.0,1.91,14700.0,22050.0,1.5,4180.0,5850.0,1.4,2700.0,2840.0,1.05,0.0,0.0,0.0,160.0,120.0,0.75
1979-80,Manang,0.0,0.0,0.0,1550.0,2330.0,1.5,210.0,220.0,1.05,550.0,570.0,1.04,0.0,0.0,0.0,600.0,600.0,1.0
1979-80,Morang,78430.0,139760.0,1.78,5400.0,8100.0,1.5,12500.0,15000.0,1.2,1100.0,950.0,0.86,0.0,0.0,0.0,50.0,50.0,1.0
1979-80,Mugu,280.0,350.0,1.25,700.0,1000.0,1.43,400.0,410.0,1.02,450.0,500.0,1.11,0.0,0.0,0.0,280.0,270.0,0.96
1979-80,Mustang,80.0,150.0,1.88,850.0,1360.0,1.6,350.0,350.0,1.0,550.0,680.0,1.24,0.0,0.0,0.0,600.0,550.0,0.92
1979-80,Myagdi,2020.0,4300.0,2.13,3600.0,3000.0,0.83,700.0,700.0,1.0,800.0,780.0,0.98,0.0,0.0,0.0,210.0,210.0,1.0
1979-80,Nawalparasi,35470.0,53020.0,1.49,8230.0,7560.0,0.92,13720.0,15090.0,1.1,1380.0,1110.0,0.8,0.0,0.0,0.0,100.0,90.0,0.9
1979-80,Nuwakot,7000.0,16940.0,2.42,7600.0,6720.0,0.88,1950.0,2460.0,1.26,1800.0,1950.0,1.08,0.0,0.0,0.0,90.0,90.0,1.0
1979-80,Okhaldhunga,2660.0,4200.0,1.58,6120.0,6540.0,1.07,520.0,650.0,1.25,2200.0,1940.0,0.88,0.0,0.0,0.0,150.0,140.0,0.93
1979-80,Palpa,5080.0,7050.0,1.39,5050.0,3590.0,0.71,4550.0,5910.0,1.3,2000.0,1200.0,0.6,0.0,0.0,0.0,60.0,60.0,1.0
1979-80,Panchthar,3990.0,7180.0,1.8,9000.0,12150.0,1.35,820.0,980.0,1.2,3620.0,3160.0,0.87,0.0,0.0,0.0,180.0,150.0,0.83
1979-80,Parbat,1850.0,3490.0,1.89,3820.0,5950.0,1.56,1700.0,1870.0,1.1,2250.0,2200.0,0.98,0.0,0.0,0.0,350.0,350.0,1.0
1979-80,Parsa,39030.0,78270.0,2.01,200.0,260.0,1.3,13750.0,18560.0,1.35,300.0,290.0,0.97,0.0,0.0,0.0,400.0,350.0,0.88
1979-80,Pyuthan,3200.0,6080.0,1.9,7100.0,11070.0,1.56,4300.0,5590.0,1.3,1200.0,1200.0,1.0,0.0,0.0,0.0,100.0,100.0,1.0
1979-80,Ramechhap,4150.0,7780.0,1.87,7470.0,7000.0,0.94,500.0,560.0,1.12,2320.0,1800.0,0.78,0.0,0.0,0.0,80.0,70.0,0.88
1979-80,Rasuwa,130.0,190.0,1.46,1000.0,1210.0,1.21,620.0,690.0,1.11,480.0,460.0,0.96,0.0,0.0,0.0,410.0,380.0,0.93
1979-80,Rautahat,69430.0,108270.0,1.56,2000.0,2880.0,1.44,16250.0,19500.0,1.2,550.0,480.0,0.87,0.0,0.0,0.0,2400.0,2210.0,0.92
1979-80,Rolpa,620.0,1110.0,1.79,3220.0,4190.0,1.3,1600.0,1440.0,0.9,620.0,650.0,1.05,0.0,0.0,0.0,520.0,500.0,0.96
1979-80,Rukum,700.0,1280.0,1.83,3200.0,4950.0,1.55,1600.0,1320.0,0.82,200.0,250.0,1.25,0.0,0.0,0.0,700.0,570.0,0.81
1979-80,Rupandehi,68900.0,76150.0,1.11,3440.0,4130.0,1.2,21500.0,25800.0,1.2,640.0,480.0,0.75,0.0,0.0,0.0,340.0,300.0,0.88
1979-80,Salyan,3890.0,6040.0,1.55,7160.0,8140.0,1.14,5000.0,6000.0,1.2,3870.0,2320.0,0.6,0.0,0.0,0.0,760.0,760.0,1.0
1979-80,Sankhuwasabha,8800.0,20260.0,2.3,5280.0,5340.0,1.01,260.0,300.0,1.15,2310.0,2550.0,1.1,0.0,0.0,0.0,250.0,210.0,0.84
1979-80,Saptari,72850.0,144240.0,1.98,400.0,550.0,1.38,8000.0,8800.0,1.1,870.0,720.0,0.83,0.0,0.0,0.0,50.0,40.0,0.8
1979-80,Sarlahi,34670.0,54840.0,1.58,6500.0,7280.0,1.12,9150.0,11530.0,1.26,650.0,550.0,0.85,0.0,0.0,0.0,120.0,120.0,1.0
1979-80,Sindhuli,9370.0,19530.0,2.08,9250.0,12260.0,1.33,3150.0,4100.0,1.3,2050.0,2400.0,1.17,0.0,0.0,0.0,100.0,80.0,0.8
1979-80,Sindhupalchok,4170.0,7170.0,1.72,10320.0,12380.0,1.2,1400.0,1630.0,1.16,2930.0,2830.0,0.97,0.0,0.0,0.0,340.0,320.0,0.94
1979-80,Siraha,66930.0,133490.0,1.99,1940.0,2560.0,1.32,14850.0,17520.0,1.18,2190.0,1420.0,0.65,0.0,0.0,0.0,110.0,110.0,1.0
1979-80,Solukhumbu,340.0,440.0,1.29,4500.0,7830.0,1.74,300.0,280.0,0.93,1000.0,1100.0,1.1,0.0,0.0,0.0,560.0,510.0,0.91
1979-80,Sunsari,50350.0,91390.0,1.82,5970.0,7620.0,1.28,8000.0,9600.0,1.2,1070.0,1050.0,0.98,0.0,0.0,0.0,120.0,120.0,1.0
1979-80,Surkhet,7090.0,7520.0,1.06,8000.0,14400.0,1.8,10400.0,13000.0,1.25,550.0,620.0,1.13,0.0,0.0,0.0,300.0,300.0,1.0
1979-80,Syangja,9500.0,18620.0,1.96,6330.0,6060.0,0.96,2560.0,2560.0,1.0,7000.0,5880.0,0.84,0.0,0.0,0.0,40.0,40.0,1.0
1979-80,Tanahu,10170.0,18600.0,1.83,10970.0,12940.0,1.18,5630.0,5070.0,0.9,5420.0,6800.0,1.25,0.0,0.0,0.0,50.0,50.0,1.0
1979-80,Taplejung,1880.0,3320.0,1.77,5310.0,7920.0,1.49,260.0,290.0,1.12,1400.0,1700.0,1.21,0.0,0.0,0.0,260.0,160.0,0.62
1979-80,Tehrathum,3750.0,6960.0,1.86,6640.0,10060.0,1.52,820.0,900.0,1.1,2120.0,2090.0,0.99,0.0,0.0,0.0,120.0,120.0,1.0
1979-80,Udayapur,12980.0,25920.0,2.0,10000.0,7650.0,0.76,3000.0,3600.0,1.2,1300.0,1550.0,1.19,0.0,0.0,0.0,200.0,180.0,0.9
1980-81,Achham,2600.0,3600.0,1.38,2850.0,4390.0,1.54,3200.0,2720.0,0.85,850.0,1000.0,1.18,0.0,0.0,0.0,500.0,400.0,0.8
1980-81,Arghakhanchi,1890.0,4100.0,2.17,8840.0,14230.0,1.61,810.0,930.0,1.15,1800.0,2100.0,1.17,0.0,0.0,0.0,300.0,150.0,0.5
1980-81,Baglung,2600.0,5590.0,2.15,9000.0,14400.0,1.6,1880.0,2350.0,1.25,1000.0,1100.0,1.1,0.0,0.0,0.0,200.0,190.0,0.95
1980-81,Baitadi,3300.0,6570.0,1.99,2900.0,4120.0,1.42,3500.0,2450.0,0.7,1000.0,1100.0,1.1,0.0,0.0,0.0,500.0,400.0,0.8
1980-81,Bajhang,2700.0,4510.0,1.67,1000.0,1460.0,1.46,2300.0,2070.0,0.9,980.0,880.0,0.9,0.0,0.0,0.0,700.0,630.0,0.9
1980-81,Bajura,1810.0,3260.0,1.8,780.0,1260.0,1.62,1600.0,1600.0,1.0,1300.0,1170.0,0.9,0.0,0.0,0.0,410.0,320.0,0.78
1980-81,Banke,27430.0,52120.0,1.9,4320.0,6480.0,1.5,8910.0,9970.0,1.12,920.0,900.0,0.98,0.0,0.0,0.0,240.0,220.0,0.92
1980-81,Bara,52500.0,108900.0,2.07,450.0,810.0,1.8,22860.0,29720.0,1.3,210.0,200.0,0.95,0.0,0.0,0.0,280.0,250.0,0.89
1980-81,Bardiya,28000.0,60200.0,2.15,8740.0,15300.0,1.75,6500.0,8120.0,1.25,510.0,500.0,0.98,0.0,0.0,0.0,40.0,40.0,1.0
1980-81,Bhaktapur,6500.0,21450.0,3.3,2230.0,4340.0,1.95,5730.0,7480.0,1.31,180.0,190.0,1.06,0.0,0.0,0.0,20.0,20.0,1.0
1980-81,Bhojpur,6100.0,12250.0,2.01,10640.0,16720.0,1.57,1450.0,1570.0,1.08,2010.0,2010.0,1.0,0.0,0.0,0.0,60.0,50.0,0.83
1980-81,Chitwan,24820.0,48190.0,1.94,26200.0,45060.0,1.72,13450.0,18160.0,1.35,1100.0,1040.0,0.95,0.0,0.0,0.0,90.0,80.0,0.89
1980-81,Dadeldhura,2000.0,3600.0,1.8,3100.0,4460.0,1.44,4500.0,3740.0,0.83,2000.0,2200.0,1.1,0.0,0.0,0.0,500.0,460.0,0.92
1980-81,Dailekh,3400.0,6120.0,1.8,5220.0,8560.0,1.64,1500.0,1570.0,1.05,2200.0,2180.0,0.99,0.0,0.0,0.0,700.0,570.0,0.81
1980-81,Dang,31620.0,60080.0,1.9,21170.0,36000.0,1.7,12880.0,15740.0,1.22,450.0,450.0,1.0,0.0,0.0,0.0,450.0,450.0,1.0
1980-81,Darchula,1460.0,2190.0,1.5,2570.0,3620.0,1.41,2500.0,1870.0,0.75,600.0,540.0,0.9,0.0,0.0,0.0,1600.0,1440.0,0.9
1980-81,Dhading,6490.0,13490.0,2.08,7350.0,12130.0,1.65,1100.0,1260.0,1.15,2000.0,1800.0,0.9,0.0,0.0,0.0,250.0,200.0,0.8
1980-81,Dhankuta,9220.0,18440.0,2.0,15260.0,21360.0,1.4,1970.0,2690.0,1.37,4220.0,3700.0,0.88,0.0,0.0,0.0,90.0,80.0,0.89
1980-81,Dhanusa,54800.0,104200.0,1.9,3180.0,5090.0,1.6,17940.0,24220.0,1.35,2730.0,2540.0,0.93,0.0,0.0,0.0,870.0,430.0,0.49
1980-81,Dolakha,1730.0,3290.0,1.9,3600.0,5040.0,1.4,1070.0,1230.0,1.15,920.0,730.0,0.79,0.0,0.0,0.0,90.0,60.0,0.67
1980-81,Dolpa,140.0,240.0,1.71,1140.0,1590.0,1.39,250.0,270.0,1.08,620.0,580.0,0.94,0.0,0.0,0.0,480.0,460.0,0.96
1980-81,Doti,5000.0,10400.0,2.08,4270.0,6830.0,1.6,5000.0,4900.0,0.98,1270.0,1400.0,1.1,0.0,0.0,0.0,100.0,80.0,0.8
1980-81,Gorkha,4750.0,8550.0,1.8,6400.0,9600.0,1.5,2000.0,1800.0,0.9,2690.0,2260.0,0.84,0.0,0.0,0.0,240.0,240.0,1.0
1980-81,Gulmi,3150.0,6300.0,2.0,9000.0,14400.0,1.6,1750.0,2010.0,1.15,2000.0,1980.0,0.99,0.0,0.0,0.0,440.0,420.0,0.95
1980-81,Humla,160.0,210.0,1.31,600.0,960.0,1.6,240.0,240.0,1.0,710.0,640.0,0.9,0.0,0.0,0.0,150.0,120.0,0.8
1980-81,Ilam,11470.0,27530.0,2.4,8900.0,14350.0,1.61,2180.0,2980.0,1.37,2100.0,2730.0,1.3,0.0,0.0,0.0,70.0,50.0,0.71
1980-81,Jajarkot,2840.0,5710.0,2.01,4640.0,6910.0,1.49,2500.0,2780.0,1.11,1600.0,1760.0,1.1,0.0,0.0,0.0,800.0,800.0,1.0
1980-81,Jhapa,87000.0,152250.0,1.75,4500.0,6750.0,1.5,5100.0,6370.0,1.25,950.0,850.0,0.89,0.0,0.0,0.0,50.0,40.0,0.8
1980-81,Jumla,1340.0,2700.0,2.01,1100.0,1830.0,1.66,800.0,880.0,1.1,1120.0,1230.0,1.1,0.0,0.0,0.0,1100.0,1090.0,0.99
1980-81,Kailali,49260.0,86700.0,1.76,11420.0,17470.0,1.53,9450.0,10950.0,1.16,1390.0,1400.0,1.01,0.0,0.0,0.0,30.0,30.0,1.0
1980-81,Kalikot,210.0,430.0,2.05,1850.0,2590.0,1.4,1000.0,1000.0,1.0,780.0,740.0,0.95,0.0,0.0,0.0,680.0,610.0,0.9
1980-81,Kanchanpur,24950.0,43660.0,1.75,6370.0,9750.0,1.53,7340.0,8670.0,1.18,580.0,650.0,1.12,0.0,0.0,0.0,150.0,140.0,0.93
1980-81,Kapilbastu,77560.0,139610.0,1.8,4200.0,7600.0,1.81,21640.0,25970.0,1.2,490.0,390.0,0.8,0.0,0.0,0.0,200.0,160.0,0.8
1980-81,Kaski,10320.0,23500.0,2.28,9120.0,14500.0,1.59,2900.0,3130.0,1.08,6890.0,6200.0,0.9,0.0,0.0,0.0,90.0,80.0,0.89
1980-81,Kathmandu,11720.0,35280.0,3.01,9500.0,18050.0,1.9,9800.0,11370.0,1.16,1400.0,1400.0,1.0,0.0,0.0,0.0,40.0,40.0,1.0
1980-81,Kavre,6950.0,16030.0,2.31,9300.0,14880.0,1.6,6500.0,8770.0,1.35,1930.0,2120.0,1.1,0.0,0.0,0.0,50.0,40.0,0.8
1980-81,Khotang,1540.0,2500.0,1.62,5850.0,8780.0,1.5,350.0,440.0,1.26,1100.0,1210.0,1.1,0.0,0.0,0.0,90.0,70.0,0.78
1980-81,Lalitpur,4400.0,14960.0,3.4,3890.0,7270.0,1.87,6000.0,7920.0,1.32,1300.0,1290.0,0.99,0.0,0.0,0.0,30.0,30.0,1.0
1980-81,Lamjung,6000.0,11220.0,1.87,8000.0,12720.0,1.59,3000.0,2760.0,0.92,3000.0,2670.0,0.89,0.0,0.0,0.0,200.0,200.0,1.0
1980-81,Mahottari,68500.0,122850.0,1.79,4700.0,7520.0,1.6,14670.0,18340.0,1.25,1450.0,1360.0,0.94,0.0,0.0,0.0,790.0,400.0,0.51
1980-81,Makwanpur,10230.0,22510.0,2.2,15000.0,30000.0,2.0,3260.0,4400.0,1.35,2500.0,2480.0,0.99,0.0,0.0,0.0,180.0,160.0,0.89
1980-81,Manang,0.0,0.0,0.0,1550.0,2860.0,1.85,500.0,530.0,1.06,560.0,550.0,0.98,0.0,0.0,0.0,600.0,600.0,1.0
1980-81,Morang,78400.0,141100.0,1.8,6000.0,9540.0,1.59,11300.0,15250.0,1.35,1000.0,950.0,0.95,0.0,0.0,0.0,100.0,90.0,0.9
1980-81,Mugu,290.0,560.0,1.93,700.0,1050.0,1.5,400.0,410.0,1.02,460.0,430.0,0.93,0.0,0.0,0.0,890.0,800.0,0.9
1980-81,Mustang,20.0,30.0,1.5,780.0,1430.0,1.83,170.0,170.0,1.0,540.0,540.0,1.0,0.0,0.0,0.0,900.0,900.0,1.0
1980-81,Myagdi,2000.0,4000.0,2.0,5000.0,7900.0,1.58,800.0,800.0,1.0,780.0,710.0,0.91,0.0,0.0,0.0,200.0,190.0,0.95
1980-81,Nawalparasi,35460.0,70770.0,2.0,9000.0,18000.0,2.0,18410.0,24300.0,1.32,1350.0,1210.0,0.9,0.0,0.0,0.0,110.0,90.0,0.82
1980-81,Nuwakot,7010.0,17000.0,2.43,8000.0,12000.0,1.5,4000.0,4940.0,1.24,1790.0,1790.0,1.0,0.0,0.0,0.0,90.0,90.0,1.0
1980-81,Okhaldhunga,2420.0,4600.0,1.9,7980.0,11970.0,1.5,930.0,1160.0,1.25,2250.0,2470.0,1.1,0.0,0.0,0.0,150.0,120.0,0.8
1980-81,Palpa,6000.0,11400.0,1.9,5000.0,8000.0,1.6,4500.0,5850.0,1.3,1950.0,1830.0,0.94,0.0,0.0,0.0,70.0,60.0,0.86
1980-81,Panchthar,3550.0,7000.0,1.97,8080.0,12120.0,1.5,800.0,960.0,1.2,3610.0,3250.0,0.9,0.0,0.0,0.0,50.0,40.0,0.8
1980-81,Parbat,1850.0,3520.0,1.9,3750.0,5810.0,1.55,1700.0,1920.0,1.13,3000.0,2610.0,0.87,0.0,0.0,0.0,300.0,270.0,0.9
1980-81,Parsa,40290.0,84610.0,2.1,170.0,310.0,1.82,15590.0,20270.0,1.3,310.0,300.0,0.97,0.0,0.0,0.0,150.0,120.0,0.8
1980-81,Pyuthan,3180.0,7000.0,2.2,7080.0,11470.0,1.62,3200.0,4000.0,1.25,1210.0,1450.0,1.2,0.0,0.0,0.0,150.0,130.0,0.87
1980-81,Ramechhap,4500.0,9000.0,2.0,11000.0,17000.0,1.55,1020.0,1110.0,1.09,2500.0,2500.0,1.0,0.0,0.0,0.0,90.0,80.0,0.89
1980-81,Rasuwa,240.0,390.0,1.62,620.0,840.0,1.35,610.0,610.0,1.0,470.0,420.0,0.89,0.0,0.0,0.0,400.0,360.0,0.9
1980-81,Rautahat,66880.0,119050.0,1.78,2060.0,3300.0,1.6,13800.0,15730.0,1.14,560.0,500.0,0.89,0.0,0.0,0.0,2400.0,2130.0,0.89
1980-81,Rolpa,600.0,1140.0,1.9,3760.0,5680.0,1.51,2320.0,2090.0,0.9,610.0,610.0,1.0,0.0,0.0,0.0,490.0,440.0,0.9
1980-81,Rukum,860.0,1640.0,1.91,3840.0,5070.0,1.32,2000.0,1780.0,0.89,250.0,260.0,1.04,0.0,0.0,0.0,690.0,560.0,0.81
1980-81,Rupandehi,68240.0,129660.0,1.9,3670.0,7270.0,1.98,19300.0,24320.0,1.26,390.0,350.0,0.9,0.0,0.0,0.0,340.0,300.0,0.88
1980-81,Salyan,4080.0,8570.0,2.1,7080.0,10620.0,1.5,5950.0,7140.0,1.2,5160.0,5680.0,1.1,0.0,0.0,0.0,1140.0,990.0,0.87
1980-81,Sankhuwasabha,8400.0,18480.0,2.2,7870.0,12350.0,1.57,400.0,460.0,1.15,2000.0,2000.0,1.0,0.0,0.0,0.0,240.0,200.0,0.83
1980-81,Saptari,73460.0,145450.0,1.98,650.0,900.0,1.38,5420.0,7050.0,1.3,870.0,720.0,0.83,0.0,0.0,0.0,80.0,60.0,0.75
1980-81,Sarlahi,33680.0,63650.0,1.89,6870.0,11000.0,1.6,10890.0,14160.0,1.3,1150.0,1030.0,0.9,0.0,0.0,0.0,320.0,280.0,0.88
1980-81,Sindhuli,9400.0,19680.0,2.09,9150.0,14640.0,1.6,3200.0,4160.0,1.3,2040.0,2390.0,1.17,0.0,0.0,0.0,220.0,190.0,0.86
1980-81,Sindhupalchok,3900.0,7100.0,1.82,8600.0,13760.0,1.6,2200.0,2640.0,1.2,2700.0,2700.0,1.0,0.0,0.0,0.0,300.0,270.0,0.9
1980-81,Siraha,67460.0,134250.0,1.99,2000.0,3360.0,1.68,10000.0,13500.0,1.35,2200.0,2190.0,1.0,0.0,0.0,0.0,100.0,80.0,0.8
1980-81,Solukhumbu,380.0,500.0,1.32,4550.0,8120.0,1.78,310.0,310.0,1.0,980.0,1080.0,1.1,0.0,0.0,0.0,550.0,490.0,0.89
1980-81,Sunsari,50340.0,91500.0,1.82,5980.0,9530.0,1.59,5140.0,6940.0,1.35,600.0,590.0,0.98,0.0,0.0,0.0,50.0,40.0,0.8
1980-81,Surkhet,6770.0,12860.0,1.9,9000.0,15750.0,1.75,13950.0,16570.0,1.19,930.0,1020.0,1.1,0.0,0.0,0.0,1210.0,970.0,0.8
1980-81,Syangja,9500.0,19000.0,2.0,6200.0,9860.0,1.59,2460.0,2660.0,1.08,6930.0,6240.0,0.9,0.0,0.0,0.0,40.0,30.0,0.75
1980-81,Tanahu,9400.0,17950.0,1.91,11570.0,18500.0,1.6,4460.0,4660.0,1.04,5400.0,6750.0,1.25,0.0,0.0,0.0,60.0,50.0,0.83
1980-81,Taplejung,1900.0,3400.0,1.79,5600.0,9630.0,1.72,650.0,730.0,1.12,1380.0,1660.0,1.2,0.0,0.0,0.0,130.0,110.0,0.85
1980-81,Tehrathum,4000.0,8000.0,2.0,6940.0,11000.0,1.59,620.0,610.0,0.98,2100.0,2070.0,0.99,0.0,0.0,0.0,130.0,120.0,0.92
1980-81,Udayapur,12600.0,26160.0,2.08,8200.0,13120.0,1.6,3410.0,3990.0,1.17,900.0,1010.0,1.12,0.0,0.0,0.0,90.0,80.0,0.89
1981-82,Achham,2690.0,3770.0,1.4,2850.0,3800.0,1.33,3200.0,3200.0,1.0,850.0,940.0,1.11,0.0,0.0,0.0,500.0,420.0,0.84
1981-82,Arghakhanchi,1790.0,3580.0,2.0,8740.0,13980.0,1.6,1070.0,1070.0,1.0,1000.0,1150.0,1.15,0.0,0.0,0.0,300.0,210.0,0.7
1981-82,Baglung,3020.0,7550.0,2.5,7120.0,10680.0,1.5,1920.0,2300.0,1.2,1000.0,1100.0,1.1,0.0,0.0,0.0,200.0,180.0,0.9
1981-82,Baitadi,3300.0,6600.0,2.0,2900.0,3770.0,1.3,3500.0,3150.0,0.9,1000.0,1100.0,1.1,0.0,0.0,0.0,500.0,400.0,0.8
1981-82,Bajhang,3100.0,5180.0,1.67,1000.0,1600.0,1.6,2350.0,2350.0,1.0,710.0,640.0,0.9,0.0,0.0,0.0,710.0,640.0,0.9
1981-82,Bajura,1810.0,3200.0,1.77,780.0,1250.0,1.6,2000.0,2000.0,1.0,700.0,630.0,0.9,0.0,0.0,0.0,800.0,680.0,0.85
1981-82,Banke,33440.0,56850.0,1.7,3850.0,5770.0,1.5,9170.0,11920.0,1.3,920.0,920.0,1.0,0.0,0.0,0.0,100.0,90.0,0.9
1981-82,Bara,52200.0,140940.0,2.7,3500.0,7000.0,2.0,22330.0,37070.0,1.66,210.0,200.0,0.95,0.0,0.0,0.0,190.0,190.0,1.0
1981-82,Bardiya,27330.0,60130.0,2.2,7820.0,12510.0,1.6,8270.0,10750.0,1.3,510.0,510.0,1.0,0.0,0.0,0.0,40.0,40.0,1.0
1981-82,Bhaktapur,5220.0,28700.0,5.5,2430.0,4860.0,2.0,5110.0,15330.0,3.0,130.0,160.0,1.23,0.0,0.0,0.0,20.0,20.0,1.0
1981-82,Bhojpur,6100.0,14640.0,2.4,11040.0,16560.0,1.5,1500.0,1650.0,1.1,2010.0,2010.0,1.0,0.0,0.0,0.0,60.0,50.0,0.83
1981-82,Chitwan,24930.0,62000.0,2.49,23600.0,42250.0,1.79,9290.0,10310.0,1.11,660.0,660.0,1.0,0.0,0.0,0.0,90.0,70.0,0.78
1981-82,Dadeldhura,2000.0,3450.0,1.72,2480.0,3540.0,1.43,4460.0,6380.0,1.43,3000.0,3300.0,1.1,0.0,0.0,0.0,600.0,540.0,0.9
1981-82,Dailekh,4070.0,7530.0,1.85,5200.0,8320.0,1.6,1500.0,1500.0,1.0,2200.0,2200.0,1.0,0.0,0.0,0.0,700.0,560.0,0.8
1981-82,Dang,28340.0,56680.0,2.0,20470.0,34390.0,1.68,14990.0,25480.0,1.7,450.0,360.0,0.8,0.0,0.0,0.0,450.0,400.0,0.89
1981-82,Darchula,1840.0,2300.0,1.25,2570.0,4110.0,1.6,2500.0,2250.0,0.9,700.0,630.0,0.9,0.0,0.0,0.0,1600.0,1280.0,0.8
1981-82,Dhading,10060.0,20820.0,2.07,7350.0,11760.0,1.6,1100.0,1320.0,1.2,2000.0,2000.0,1.0,0.0,0.0,0.0,250.0,200.0,0.8
1981-82,Dhankuta,7750.0,19370.0,2.5,19230.0,26910.0,1.4,2380.0,3000.0,1.26,4220.0,3800.0,0.9,0.0,0.0,0.0,30.0,30.0,1.0
1981-82,Dhanusa,57680.0,98060.0,1.7,3180.0,5100.0,1.6,15320.0,17620.0,1.15,2730.0,2590.0,0.95,0.0,0.0,0.0,870.0,610.0,0.7
1981-82,Dolakha,2020.0,3840.0,1.9,4200.0,6300.0,1.5,1070.0,1170.0,1.09,920.0,740.0,0.8,0.0,0.0,0.0,90.0,70.0,0.78
1981-82,Dolpa,140.0,390.0,2.79,1140.0,1710.0,1.5,250.0,300.0,1.2,620.0,580.0,0.94,0.0,0.0,0.0,480.0,430.0,0.9
1981-82,Doti,6910.0,13150.0,1.9,4200.0,6720.0,1.6,7000.0,9800.0,1.4,1270.0,1400.0,1.1,0.0,0.0,0.0,400.0,360.0,0.9
1981-82,Gorkha,4750.0,8790.0,1.85,6500.0,9750.0,1.5,2530.0,2530.0,1.0,2690.0,2420.0,0.9,0.0,0.0,0.0,240.0,220.0,0.92
1981-82,Gulmi,3150.0,6360.0,2.02,9000.0,13500.0,1.5,1700.0,1870.0,1.1,2000.0,2000.0,1.0,0.0,0.0,0.0,440.0,400.0,0.91
1981-82,Humla,170.0,240.0,1.41,600.0,660.0,1.1,240.0,240.0,1.0,1000.0,1000.0,1.0,0.0,0.0,0.0,150.0,120.0,0.8
1981-82,Ilam,13170.0,30290.0,2.3,8900.0,16000.0,1.8,1900.0,2660.0,1.4,2000.0,1600.0,0.8,0.0,0.0,0.0,10.0,10.0,1.0
1981-82,Jajarkot,2930.0,5740.0,1.96,4000.0,4800.0,1.2,2550.0,2550.0,1.0,2000.0,2200.0,1.1,0.0,0.0,0.0,800.0,640.0,0.8
1981-82,Jhapa,91380.0,137070.0,1.5,4550.0,6820.0,1.5,5000.0,6000.0,1.2,950.0,1140.0,1.2,0.0,0.0,0.0,50.0,40.0,0.8
1981-82,Jumla,1340.0,3480.0,2.6,1050.0,1360.0,1.3,990.0,990.0,1.0,1120.0,1120.0,1.0,0.0,0.0,0.0,1100.0,990.0,0.9
1981-82,Kailali,40770.0,73790.0,1.81,10230.0,14320.0,1.4,14360.0,18670.0,1.3,1390.0,1530.0,1.1,0.0,0.0,0.0,30.0,30.0,1.0
1981-82,Kalikot,210.0,430.0,2.05,920.0,1010.0,1.1,1000.0,950.0,0.95,510.0,510.0,1.0,0.0,0.0,0.0,680.0,610.0,0.9
1981-82,Kanchanpur,25000.0,55000.0,2.2,4950.0,6440.0,1.3,7500.0,8850.0,1.18,560.0,640.0,1.14,0.0,0.0,0.0,160.0,200.0,1.25
1981-82,Kapilbastu,78470.0,141250.0,1.8,4200.0,6720.0,1.6,19010.0,26610.0,1.4,490.0,440.0,0.9,0.0,0.0,0.0,200.0,160.0,0.8
1981-82,Kaski,19890.0,41920.0,2.11,9100.0,9900.0,1.09,3700.0,4260.0,1.15,6400.0,7680.0,1.2,0.0,0.0,0.0,100.0,100.0,1.0
1981-82,Kathmandu,11060.0,52530.0,4.75,9740.0,19480.0,2.0,9500.0,18720.0,1.97,1400.0,1540.0,1.1,0.0,0.0,0.0,40.0,40.0,1.0
1981-82,Kavre,9600.0,18050.0,1.88,22310.0,35700.0,1.6,6500.0,9100.0,1.4,2100.0,2310.0,1.1,0.0,0.0,0.0,50.0,40.0,0.8
1981-82,Khotang,1540.0,2380.0,1.55,5850.0,7020.0,1.2,350.0,440.0,1.26,1100.0,1200.0,1.09,0.0,0.0,0.0,150.0,130.0,0.87
1981-82,Lalitpur,4860.0,18950.0,3.9,4000.0,7200.0,1.8,6000.0,7800.0,1.3,1300.0,1300.0,1.0,0.0,0.0,0.0,30.0,30.0,1.0
1981-82,Lamjung,6000.0,10590.0,1.76,8000.0,12000.0,1.5,3000.0,2760.0,0.92,3000.0,2700.0,0.9,0.0,0.0,0.0,200.0,200.0,1.0
1981-82,Mahottari,63010.0,126020.0,2.0,4700.0,7570.0,1.61,14230.0,13080.0,0.92,1450.0,1380.0,0.95,0.0,0.0,0.0,790.0,550.0,0.7
1981-82,Makwanpur,7910.0,19770.0,2.5,15000.0,30000.0,2.0,4070.0,5290.0,1.3,3280.0,2620.0,0.8,0.0,0.0,0.0,180.0,160.0,0.89
1981-82,Manang,0.0,0.0,0.0,120.0,190.0,1.58,530.0,740.0,1.4,560.0,550.0,0.98,0.0,0.0,0.0,600.0,600.0,1.0
1981-82,Morang,80470.0,152890.0,1.9,9040.0,14460.0,1.6,10200.0,18770.0,1.84,750.0,530.0,0.71,0.0,0.0,0.0,100.0,80.0,0.8
1981-82,Mugu,290.0,560.0,1.93,700.0,1080.0,1.54,400.0,400.0,1.0,600.0,560.0,0.93,0.0,0.0,0.0,890.0,800.0,0.9
1981-82,Mustang,10.0,20.0,2.0,780.0,1250.0,1.6,460.0,550.0,1.2,540.0,540.0,1.0,0.0,0.0,0.0,900.0,900.0,1.0
1981-82,Myagdi,1920.0,3780.0,1.97,5010.0,8020.0,1.6,1400.0,1400.0,1.0,780.0,710.0,0.91,0.0,0.0,0.0,230.0,210.0,0.91
1981-82,Nawalparasi,33230.0,62470.0,1.88,9400.0,15040.0,1.6,12410.0,16260.0,1.31,1350.0,1210.0,0.9,0.0,0.0,0.0,110.0,90.0,0.82
1981-82,Nuwakot,9930.0,24630.0,2.48,8000.0,12800.0,1.6,4000.0,6520.0,1.63,1790.0,1790.0,1.0,0.0,0.0,0.0,90.0,70.0,0.78
1981-82,Okhaldhunga,2430.0,4250.0,1.75,8100.0,12150.0,1.5,980.0,1080.0,1.1,2250.0,2480.0,1.1,0.0,0.0,0.0,80.0,70.0,0.88
1981-82,Palpa,7500.0,15750.0,2.1,4730.0,7450.0,1.58,5250.0,5670.0,1.08,1950.0,1850.0,0.95,0.0,0.0,0.0,50.0,40.0,0.8
1981-82,Panchthar,3550.0,5680.0,1.6,8080.0,13740.0,1.7,900.0,1130.0,1.26,3610.0,3250.0,0.9,0.0,0.0,0.0,50.0,40.0,0.8
1981-82,Parbat,1850.0,3560.0,1.92,3750.0,5920.0,1.58,1700.0,1790.0,1.05,3000.0,2700.0,0.9,0.0,0.0,0.0,300.0,210.0,0.7
1981-82,Parsa,44000.0,132000.0,3.0,1130.0,2160.0,1.91,14460.0,28490.0,1.97,310.0,300.0,0.97,0.0,0.0,0.0,340.0,310.0,0.91
1981-82,Pyuthan,3180.0,7000.0,2.2,8050.0,12080.0,1.5,4000.0,4800.0,1.2,1210.0,1450.0,1.2,0.0,0.0,0.0,150.0,130.0,0.87
1981-82,Ramechhap,4470.0,7550.0,1.69,11000.0,16500.0,1.5,1850.0,1850.0,1.0,2500.0,1710.0,0.68,0.0,0.0,0.0,90.0,70.0,0.78
1981-82,Rasuwa,160.0,320.0,2.0,700.0,840.0,1.2,610.0,670.0,1.1,470.0,420.0,0.89,0.0,0.0,0.0,400.0,320.0,0.8
1981-82,Rautahat,60570.0,109030.0,1.8,2060.0,3300.0,1.6,13800.0,15180.0,1.1,560.0,500.0,0.89,0.0,0.0,0.0,2400.0,2160.0,0.9
1981-82,Rolpa,600.0,1140.0,1.9,3760.0,5640.0,1.5,2300.0,2070.0,0.9,610.0,610.0,1.0,0.0,0.0,0.0,490.0,390.0,0.8
1981-82,Rukum,860.0,1640.0,1.91,3840.0,5370.0,1.4,2000.0,1800.0,0.9,500.0,500.0,1.0,0.0,0.0,0.0,690.0,550.0,0.8
1981-82,Rupandehi,65370.0,99370.0,1.52,3670.0,6980.0,1.9,27750.0,30800.0,1.11,690.0,620.0,0.9,0.0,0.0,0.0,120.0,110.0,0.92
1981-82,Salyan,4080.0,8570.0,2.1,7100.0,10650.0,1.5,5900.0,6490.0,1.1,4500.0,4950.0,1.1,0.0,0.0,0.0,1140.0,1140.0,1.0
1981-82,Sankhuwasabha,8400.0,18480.0,2.2,7870.0,12350.0,1.57,400.0,460.0,1.15,2000.0,2000.0,1.0,0.0,0.0,0.0,240.0,220.0,0.92
1981-82,Saptari,74340.0,104080.0,1.4,700.0,980.0,1.4,4830.0,3380.0,0.7,870.0,830.0,0.95,0.0,0.0,0.0,80.0,60.0,0.75
1981-82,Sarlahi,38870.0,73850.0,1.9,6870.0,11000.0,1.6,12600.0,8820.0,0.7,1150.0,1040.0,0.9,0.0,0.0,0.0,320.0,230.0,0.72
1981-82,Sindhuli,7960.0,16540.0,2.08,9150.0,14640.0,1.6,4750.0,6170.0,1.3,2040.0,2450.0,1.2,0.0,0.0,0.0,220.0,190.0,0.86
1981-82,Sindhupalchok,3900.0,7100.0,1.82,9600.0,15360.0,1.6,2200.0,2420.0,1.1,2700.0,2700.0,1.0,0.0,0.0,0.0,300.0,240.0,0.8
1981-82,Siraha,67200.0,112220.0,1.67,1760.0,3010.0,1.71,5510.0,7710.0,1.4,2200.0,2190.0,1.0,0.0,0.0,0.0,100.0,30.0,0.3
1981-82,Solukhumbu,360.0,950.0,2.64,3500.0,4200.0,1.2,310.0,340.0,1.1,980.0,1080.0,1.1,0.0,0.0,0.0,550.0,500.0,0.91
1981-82,Sunsari,46680.0,107360.0,2.3,4950.0,7920.0,1.6,8030.0,15260.0,1.9,600.0,540.0,0.9,0.0,0.0,0.0,50.0,40.0,0.8
1981-82,Surkhet,7980.0,13570.0,1.7,9280.0,13920.0,1.5,14280.0,17280.0,1.21,930.0,770.0,0.83,0.0,0.0,0.0,1170.0,1050.0,0.9
1981-82,Syangja,9500.0,21850.0,2.3,6200.0,9300.0,1.5,2450.0,2820.0,1.15,6930.0,6580.0,0.95,0.0,0.0,0.0,40.0,30.0,0.75
1981-82,Tanahu,11320.0,28130.0,2.48,11570.0,17350.0,1.5,3170.0,4470.0,1.41,5500.0,6050.0,1.1,0.0,0.0,0.0,60.0,50.0,0.83
1981-82,Taplejung,1900.0,3570.0,1.88,5600.0,10640.0,1.9,1100.0,1210.0,1.1,1380.0,1660.0,1.2,0.0,0.0,0.0,130.0,120.0,0.92
1981-82,Tehrathum,10760.0,17750.0,1.65,11970.0,18970.0,1.58,950.0,1040.0,1.09,2840.0,2560.0,0.9,0.0,0.0,0.0,130.0,100.0,0.77
1981-82,Udayapur,11940.0,23040.0,1.93,8200.0,13120.0,1.6,4000.0,4800.0,1.2,900.0,1080.0,1.2,0.0,0.0,0.0,30.0,30.0,1.0
1982-83,Achham,1930.0,2700.0,1.4,2850.0,3420.0,1.2,3200.0,3360.0,1.05,850.0,940.0,1.11,0.0,0.0,0.0,500.0,400.0,0.8
1982-83,Arghakhanchi,1690.0,3090.0,1.83,8830.0,11300.0,1.28,1000.0,1420.0,1.42,800.0,800.0,1.0,0.0,0.0,0.0,300.0,270.0,0.9
1982-83,Baglung,4600.0,10350.0,2.25,9000.0,16200.0,1.8,1780.0,1920.0,1.08,1000.0,1100.0,1.1,0.0,0.0,0.0,200.0,180.0,0.9
1982-83,Baitadi,3300.0,6270.0,1.9,2900.0,2830.0,0.98,3300.0,2970.0,0.9,1000.0,1100.0,1.1,0.0,0.0,0.0,430.0,340.0,0.79
1982-83,Bajhang,2940.0,4910.0,1.67,900.0,1260.0,1.4,2350.0,2360.0,1.0,1020.0,920.0,0.9,0.0,0.0,0.0,710.0,630.0,0.89
1982-83,Bajura,1470.0,3130.0,2.13,780.0,870.0,1.12,2000.0,2000.0,1.0,700.0,630.0,0.9,0.0,0.0,0.0,800.0,720.0,0.9
1982-83,Banke,33000.0,30150.0,0.91,3900.0,3950.0,1.01,13000.0,16900.0,1.3,920.0,920.0,1.0,0.0,0.0,0.0,130.0,120.0,0.92
1982-83,Bara,49270.0,61950.0,1.26,3370.0,9590.0,2.85,24300.0,41300.0,1.7,70.0,60.0,0.86,0.0,0.0,0.0,110.0,110.0,1.0
1982-83,Bardiya,34170.0,53270.0,1.56,12020.0,14440.0,1.2,8790.0,10580.0,1.2,450.0,360.0,0.8,0.0,0.0,0.0,70.0,90.0,1.29
1982-83,Bhaktapur,5230.0,20340.0,3.89,2430.0,7780.0,3.2,4870.0,13290.0,2.73,130.0,160.0,1.23,0.0,0.0,0.0,20.0,20.0,1.0
1982-83,Bhojpur,5810.0,8950.0,1.54,11040.0,9940.0,0.9,1530.0,1680.0,1.1,1310.0,980.0,0.75,0.0,0.0,0.0,60.0,50.0,0.83
1982-83,Chitwan,27920.0,56160.0,2.01,29000.0,35000.0,1.21,12110.0,18160.0,1.5,750.0,700.0,0.93,0.0,0.0,0.0,900.0,900.0,1.0
1982-83,Dadeldhura,5380.0,8630.0,1.6,2540.0,3630.0,1.43,8900.0,7120.0,0.8,2870.0,2300.0,0.8,0.0,0.0,0.0,500.0,450.0,0.9
1982-83,Dailekh,3460.0,6400.0,1.85,5200.0,7900.0,1.52,1500.0,1500.0,1.0,2200.0,2200.0,1.0,0.0,0.0,0.0,700.0,560.0,0.8
1982-83,Dang,32950.0,57300.0,1.74,19940.0,33540.0,1.68,12970.0,16990.0,1.31,450.0,360.0,0.8,0.0,0.0,0.0,100.0,90.0,0.9
1982-83,Darchula,1840.0,2210.0,1.2,2570.0,3490.0,1.36,2590.0,2590.0,1.0,700.0,590.0,0.84,0.0,0.0,0.0,1000.0,800.0,0.8
1982-83,Dhading,12660.0,25320.0,2.0,7760.0,9640.0,1.24,4840.0,7260.0,1.5,1480.0,1480.0,1.0,0.0,0.0,0.0,260.0,210.0,0.81
1982-83,Dhankuta,8060.0,13860.0,1.72,21710.0,16670.0,0.77,2550.0,3850.0,1.51,7010.0,6310.0,0.9,0.0,0.0,0.0,30.0,20.0,0.67
1982-83,Dhanusa,44990.0,32810.0,0.73,3790.0,6830.0,1.8,24260.0,28870.0,1.19,1150.0,800.0,0.7,0.0,0.0,0.0,510.0,400.0,0.78
1982-83,Dolakha,2030.0,4470.0,2.2,4200.0,7140.0,1.7,920.0,1000.0,1.09,1100.0,1240.0,1.13,0.0,0.0,0.0,300.0,240.0,0.8
1982-83,Dolpa,140.0,390.0,2.79,1140.0,1540.0,1.35,250.0,300.0,1.2,620.0,580.0,0.94,0.0,0.0,0.0,500.0,450.0,0.9
1982-83,Doti,6920.0,8650.0,1.25,4200.0,6720.0,1.6,10510.0,12610.0,1.2,1850.0,1560.0,0.84,0.0,0.0,0.0,400.0,360.0,0.9
1982-83,Gorkha,4800.0,7550.0,1.57,6550.0,7880.0,1.2,3360.0,3690.0,1.1,2700.0,2440.0,0.9,0.0,0.0,0.0,230.0,200.0,0.87
1982-83,Gulmi,3150.0,4730.0,1.5,9900.0,8910.0,0.9,1820.0,2000.0,1.1,3000.0,2700.0,0.9,0.0,0.0,0.0,210.0,210.0,1.0
1982-83,Humla,150.0,210.0,1.4,600.0,590.0,0.98,240.0,240.0,1.0,1000.0,1000.0,1.0,0.0,0.0,0.0,150.0,120.0,0.8
1982-83,Ilam,9900.0,15840.0,1.6,5610.0,11050.0,1.97,1860.0,2090.0,1.12,1950.0,1480.0,0.76,0.0,0.0,0.0,10.0,10.0,1.0
1982-83,Jajarkot,2900.0,5680.0,1.96,4000.0,4800.0,1.2,2550.0,2550.0,1.0,2000.0,2000.0,1.0,0.0,0.0,0.0,800.0,640.0,0.8
1982-83,Jhapa,84350.0,126570.0,1.5,9530.0,13090.0,1.37,8220.0,12330.0,1.5,900.0,1100.0,1.22,0.0,0.0,0.0,50.0,60.0,1.2
1982-83,Jumla,1300.0,1860.0,1.43,800.0,880.0,1.1,990.0,990.0,1.0,220.0,220.0,1.0,0.0,0.0,0.0,1100.0,880.0,0.8
1982-83,Kailali,42800.0,58680.0,1.37,11500.0,13760.0,1.2,13910.0,19060.0,1.37,1300.0,1300.0,1.0,0.0,0.0,0.0,30.0,30.0,1.0
1982-83,Kalikot,210.0,220.0,1.05,520.0,540.0,1.04,1000.0,1000.0,1.0,1140.0,1140.0,1.0,0.0,0.0,0.0,690.0,590.0,0.86
1982-83,Kanchanpur,27480.0,44240.0,1.61,8610.0,12720.0,1.48,9240.0,9890.0,1.07,600.0,600.0,1.0,0.0,0.0,0.0,30.0,40.0,1.33
1982-83,Kapilbastu,76870.0,99990.0,1.3,360.0,600.0,1.67,23120.0,34680.0,1.5,540.0,490.0,0.91,0.0,0.0,0.0,180.0,100.0,0.56
1982-83,Kaski,19000.0,38000.0,2.0,10480.0,18870.0,1.8,3700.0,5180.0,1.4,9000.0,9000.0,1.0,0.0,0.0,0.0,100.0,100.0,1.0
1982-83,Kathmandu,11550.0,42390.0,3.67,10210.0,23480.0,2.3,9970.0,19640.0,1.97,1000.0,1140.0,1.14,0.0,0.0,0.0,10.0,10.0,1.0
1982-83,Kavre,11620.0,22080.0,1.9,22300.0,30330.0,1.36,8200.0,11480.0,1.4,1100.0,1320.0,1.2,0.0,0.0,0.0,50.0,40.0,0.8
1982-83,Khotang,1220.0,1240.0,1.02,5400.0,5180.0,0.96,410.0,530.0,1.29,1100.0,1200.0,1.09,0.0,0.0,0.0,130.0,120.0,0.92
1982-83,Lalitpur,3950.0,15370.0,3.89,7620.0,13720.0,1.8,3920.0,5100.0,1.3,1200.0,1200.0,1.0,0.0,0.0,0.0,40.0,40.0,1.0
1982-83,Lamjung,5590.0,8880.0,1.59,8020.0,10840.0,1.35,4470.0,5360.0,1.2,3000.0,2700.0,0.9,0.0,0.0,0.0,200.0,200.0,1.0
1982-83,Mahottari,38290.0,21520.0,0.56,2730.0,5950.0,2.18,15320.0,13020.0,0.85,4780.0,2870.0,0.6,0.0,0.0,0.0,680.0,340.0,0.5
1982-83,Makwanpur,11970.0,25690.0,2.15,18150.0,25870.0,1.43,5590.0,9890.0,1.77,2800.0,1680.0,0.6,0.0,0.0,0.0,160.0,140.0,0.88
1982-83,Manang,0.0,0.0,0.0,100.0,120.0,1.2,530.0,740.0,1.4,560.0,550.0,0.98,0.0,0.0,0.0,590.0,530.0,0.9
1982-83,Morang,74570.0,119180.0,1.6,12100.0,20550.0,1.7,13310.0,20090.0,1.51,700.0,840.0,1.2,0.0,0.0,0.0,80.0,70.0,0.88
1982-83,Mugu,270.0,520.0,1.93,600.0,840.0,1.4,400.0,400.0,1.0,600.0,560.0,0.93,0.0,0.0,0.0,670.0,600.0,0.9
1982-83,Mustang,10.0,20.0,2.0,780.0,1250.0,1.6,400.0,480.0,1.2,540.0,540.0,1.0,0.0,0.0,0.0,900.0,800.0,0.89
1982-83,Myagdi,1880.0,3700.0,1.97,5000.0,6800.0,1.36,1400.0,1400.0,1.0,780.0,710.0,0.91,0.0,0.0,0.0,240.0,240.0,1.0
1982-83,Nawalparasi,34610.0,59260.0,1.71,5520.0,10540.0,1.91,14570.0,23310.0,1.6,500.0,450.0,0.9,0.0,0.0,0.0,50.0,50.0,1.0
1982-83,Nuwakot,18970.0,44230.0,2.33,8200.0,9200.0,1.12,6000.0,7200.0,1.2,2420.0,2420.0,1.0,0.0,0.0,0.0,70.0,40.0,0.57
1982-83,Okhaldhunga,2450.0,3250.0,1.33,8100.0,9110.0,1.12,980.0,1080.0,1.1,2250.0,2480.0,1.1,0.0,0.0,0.0,90.0,80.0,0.89
1982-83,Palpa,8640.0,12950.0,1.5,17130.0,13700.0,0.8,5000.0,3760.0,0.75,2700.0,1690.0,0.63,0.0,0.0,0.0,250.0,200.0,0.8
1982-83,Panchthar,2050.0,3810.0,1.86,7510.0,9640.0,1.28,1140.0,1280.0,1.12,3400.0,3060.0,0.9,0.0,0.0,0.0,300.0,150.0,0.5
1982-83,Parbat,1850.0,3560.0,1.92,4000.0,6000.0,1.5,1700.0,1790.0,1.05,3000.0,2700.0,0.9,0.0,0.0,0.0,310.0,260.0,0.84
1982-83,Parsa,51770.0,90520.0,1.75,3220.0,8850.0,2.75,17660.0,35320.0,2.0,250.0,240.0,0.96,0.0,0.0,0.0,300.0,300.0,1.0
1982-83,Pyuthan,3180.0,7000.0,2.2,9080.0,13620.0,1.5,4000.0,4800.0,1.2,1420.0,1400.0,0.99,0.0,0.0,0.0,200.0,160.0,0.8
1982-83,Ramechhap,4070.0,6230.0,1.53,7930.0,9520.0,1.2,1850.0,2030.0,1.1,1980.0,1350.0,0.68,0.0,0.0,0.0,100.0,90.0,0.9
1982-83,Rasuwa,150.0,300.0,2.0,700.0,710.0,1.01,500.0,500.0,1.0,400.0,360.0,0.9,0.0,0.0,0.0,400.0,400.0,1.0
1982-83,Rautahat,58660.0,55440.0,0.95,4560.0,7900.0,1.73,24710.0,17300.0,0.7,560.0,500.0,0.89,0.0,0.0,0.0,740.0,740.0,1.0
1982-83,Rolpa,550.0,1050.0,1.91,3760.0,5360.0,1.43,2300.0,2070.0,0.9,610.0,610.0,1.0,0.0,0.0,0.0,490.0,390.0,0.8
1982-83,Rukum,450.0,860.0,1.91,3460.0,3630.0,1.05,2000.0,1800.0,0.9,500.0,500.0,1.0,0.0,0.0,0.0,700.0,560.0,0.8
1982-83,Rupandehi,64350.0,92790.0,1.44,1380.0,2640.0,1.91,27770.0,42770.0,1.54,390.0,350.0,0.9,0.0,0.0,0.0,110.0,100.0,0.91
1982-83,Salyan,5110.0,10730.0,2.1,7100.0,9580.0,1.35,7900.0,8700.0,1.1,4570.0,5030.0,1.1,0.0,0.0,0.0,1000.0,1000.0,1.0
1982-83,Sankhuwasabha,8130.0,14310.0,1.76,7870.0,12230.0,1.55,270.0,280.0,1.04,2000.0,2000.0,1.0,0.0,0.0,0.0,240.0,240.0,1.0
1982-83,Saptari,69310.0,76900.0,1.11,450.0,550.0,1.22,10240.0,15560.0,1.52,700.0,670.0,0.96,0.0,0.0,0.0,60.0,50.0,0.83
1982-83,Sarlahi,44000.0,29580.0,0.67,10550.0,16620.0,1.58,13220.0,23800.0,1.8,3710.0,2600.0,0.7,0.0,0.0,0.0,230.0,230.0,1.0
1982-83,Sindhuli,5530.0,10960.0,1.98,5900.0,9440.0,1.6,3650.0,4380.0,1.2,2040.0,2450.0,1.2,0.0,0.0,0.0,220.0,200.0,0.91
1982-83,Sindhupalchok,4250.0,7720.0,1.82,8600.0,12110.0,1.41,2200.0,3300.0,1.5,2450.0,2450.0,1.0,0.0,0.0,0.0,320.0,320.0,1.0
1982-83,Siraha,58590.0,54300.0,0.93,1570.0,2860.0,1.82,12700.0,20320.0,1.6,2000.0,2090.0,1.04,0.0,0.0,0.0,20.0,30.0,1.5
1982-83,Solukhumbu,420.0,1050.0,2.5,3500.0,2730.0,0.78,250.0,230.0,0.92,980.0,1080.0,1.1,0.0,0.0,0.0,550.0,490.0,0.89
1982-83,Sunsari,42670.0,76820.0,1.8,4350.0,7300.0,1.68,16140.0,24210.0,1.5,600.0,540.0,0.9,0.0,0.0,0.0,40.0,40.0,1.0
1982-83,Surkhet,9220.0,10880.0,1.18,10140.0,14940.0,1.47,12990.0,15590.0,1.2,1000.0,830.0,0.83,0.0,0.0,0.0,1390.0,1250.0,0.9
1982-83,Syangja,12060.0,21270.0,1.76,6400.0,11540.0,1.8,2450.0,2940.0,1.2,7030.0,6670.0,0.95,0.0,0.0,0.0,50.0,40.0,0.8
1982-83,Tanahu,9300.0,17120.0,1.84,12300.0,19700.0,1.6,3050.0,4390.0,1.44,5400.0,6480.0,1.2,0.0,0.0,0.0,50.0,40.0,0.8
1982-83,Taplejung,1600.0,3010.0,1.88,5600.0,10430.0,1.86,520.0,570.0,1.1,2020.0,2270.0,1.12,0.0,0.0,0.0,60.0,50.0,0.83
1982-83,Tehrathum,9010.0,14860.0,1.65,11950.0,13280.0,1.11,950.0,760.0,0.8,3040.0,2740.0,0.9,0.0,0.0,0.0,120.0,120.0,1.0
1982-83,Udayapur,10300.0,16390.0,1.59,8400.0,12210.0,1.45,5660.0,6730.0,1.19,250.0,190.0,0.76,0.0,0.0,0.0,20.0,20.0,1.0
1983-84,Achham,1930.0,2890.0,1.5,2850.0,3420.0,1.2,3200.0,3520.0,1.1,850.0,760.0,0.89,0.0,0.0,0.0,500.0,400.0,0.8
1983-84,Arghakhanchi,1700.0,3500.0,2.06,8830.0,13280.0,1.5,1000.0,1000.0,1.0,800.0,720.0,0.9,0.0,0.0,0.0,300.0,270.0,0.9
1983-84,Baglung,4600.0,10380.0,2.26,9000.0,9610.0,1.07,1780.0,1920.0,1.08,1000.0,900.0,0.9,0.0,0.0,0.0,150.0,130.0,0.87
1983-84,Baitadi,3500.0,5940.0,1.7,2900.0,3580.0,1.23,3500.0,3500.0,1.0,1000.0,900.0,0.9,0.0,0.0,0.0,500.0,500.0,1.0
1983-84,Bajhang,2940.0,4940.0,1.68,900.0,1520.0,1.69,3300.0,3300.0,1.0,1020.0,920.0,0.9,0.0,0.0,0.0,700.0,630.0,0.9
1983-84,Bajura,1470.0,2650.0,1.8,780.0,1130.0,1.45,2000.0,2000.0,1.0,700.0,630.0,0.9,0.0,0.0,0.0,710.0,570.0,0.8
1983-84,Banke,34000.0,66900.0,1.97,3920.0,5330.0,1.36,14630.0,20480.0,1.4,920.0,830.0,0.9,0.0,0.0,0.0,90.0,80.0,0.89
1983-84,Bara,52200.0,162250.0,3.11,6150.0,18400.0,2.99,24910.0,42350.0,1.7,100.0,100.0,1.0,0.0,0.0,0.0,120.0,120.0,1.0
1983-84,Bardiya,27390.0,60260.0,2.2,7880.0,12660.0,1.61,10010.0,12010.0,1.2,450.0,400.0,0.89,0.0,0.0,0.0,40.0,40.0,1.0
1983-84,Bhaktapur,4830.0,21730.0,4.5,2430.0,4860.0,2.0,4910.0,13750.0,2.8,130.0,130.0,1.0,0.0,0.0,0.0,20.0,20.0,1.0
1983-84,Bhojpur,5810.0,10460.0,1.8,11040.0,16560.0,1.5,1550.0,1700.0,1.1,1310.0,1180.0,0.9,0.0,0.0,0.0,60.0,50.0,0.83
1983-84,Chitwan,28780.0,74110.0,2.58,28200.0,45640.0,1.62,12460.0,18690.0,1.5,550.0,550.0,1.0,0.0,0.0,0.0,100.0,100.0,1.0
1983-84,Dadeldhura,5390.0,5760.0,1.07,2380.0,3330.0,1.4,8060.0,9270.0,1.15,2530.0,2530.0,1.0,0.0,0.0,0.0,650.0,650.0,1.0
1983-84,Dailekh,3460.0,7930.0,2.29,5200.0,7490.0,1.44,2100.0,2310.0,1.1,2200.0,1980.0,0.9,0.0,0.0,0.0,700.0,500.0,0.71
1983-84,Dang,31370.0,64240.0,2.05,19940.0,32910.0,1.65,13100.0,17680.0,1.35,450.0,450.0,1.0,0.0,0.0,0.0,100.0,90.0,0.9
1983-84,Darchula,1840.0,2580.0,1.4,2570.0,4110.0,1.6,2590.0,2590.0,1.0,700.0,630.0,0.9,0.0,0.0,0.0,1000.0,800.0,0.8
1983-84,Dhading,11140.0,20080.0,1.8,8800.0,8040.0,0.91,4000.0,6400.0,1.6,3540.0,3540.0,1.0,0.0,0.0,0.0,280.0,270.0,0.96
1983-84,Dhankuta,9070.0,20140.0,2.22,19230.0,25680.0,1.34,2660.0,3460.0,1.3,7010.0,6300.0,0.9,0.0,0.0,0.0,30.0,20.0,0.67
1983-84,Dhanusa,58180.0,126310.0,2.17,2510.0,5320.0,2.12,19770.0,23720.0,1.2,1150.0,970.0,0.84,0.0,0.0,0.0,510.0,410.0,0.8
1983-84,Dolakha,2030.0,3510.0,1.73,4200.0,5990.0,1.43,920.0,1100.0,1.2,1100.0,990.0,0.9,0.0,0.0,0.0,300.0,240.0,0.8
1983-84,Dolpa,140.0,330.0,2.36,1140.0,1710.0,1.5,250.0,250.0,1.0,620.0,580.0,0.94,0.0,0.0,0.0,500.0,450.0,0.9
1983-84,Doti,6920.0,10380.0,1.5,4200.0,6050.0,1.44,10510.0,13140.0,1.25,1400.0,1260.0,0.9,0.0,0.0,0.0,400.0,360.0,0.9
1983-84,Gorkha,4900.0,9050.0,1.85,6060.0,6940.0,1.15,3360.0,4030.0,1.2,2690.0,2150.0,0.8,0.0,0.0,0.0,230.0,200.0,0.87
1983-84,Gulmi,3170.0,6200.0,1.96,9900.0,12830.0,1.3,1850.0,2030.0,1.1,2000.0,1800.0,0.9,0.0,0.0,0.0,110.0,110.0,1.0
1983-84,Humla,270.0,530.0,1.96,600.0,660.0,1.1,240.0,240.0,1.0,1000.0,900.0,0.9,0.0,0.0,0.0,150.0,130.0,0.87
1983-84,Ilam,10120.0,20040.0,1.98,8510.0,15220.0,1.79,2100.0,2730.0,1.3,1950.0,1750.0,0.9,0.0,0.0,0.0,60.0,60.0,1.0
1983-84,Jajarkot,2900.0,4650.0,1.6,4000.0,3600.0,0.9,2550.0,2550.0,1.0,2000.0,1800.0,0.9,0.0,0.0,0.0,800.0,640.0,0.8
1983-84,Jhapa,90860.0,160820.0,1.77,6790.0,11730.0,1.73,8020.0,12830.0,1.6,1200.0,1200.0,1.0,0.0,0.0,0.0,10.0,10.0,1.0
1983-84,Jumla,1300.0,3080.0,2.37,800.0,1290.0,1.61,990.0,1040.0,1.05,750.0,670.0,0.89,0.0,0.0,0.0,1100.0,990.0,0.9
1983-84,Kailali,40420.0,75600.0,1.87,11550.0,14620.0,1.27,13900.0,19460.0,1.4,1300.0,1170.0,0.9,0.0,0.0,0.0,100.0,100.0,1.0
1983-84,Kalikot,150.0,250.0,1.67,520.0,960.0,1.85,1000.0,1000.0,1.0,1140.0,1140.0,1.0,0.0,0.0,0.0,690.0,620.0,0.9
1983-84,Kanchanpur,35070.0,77150.0,2.2,4990.0,6560.0,1.31,8020.0,9620.0,1.2,400.0,320.0,0.8,0.0,0.0,0.0,150.0,150.0,1.0
1983-84,Kapilbastu,79220.0,127120.0,1.6,2500.0,7220.0,2.89,22760.0,29590.0,1.3,790.0,720.0,0.91,0.0,0.0,0.0,100.0,100.0,1.0
1983-84,Kaski,19000.0,41710.0,2.2,10510.0,9010.0,0.86,3700.0,4440.0,1.2,8900.0,8900.0,1.0,0.0,0.0,0.0,50.0,50.0,1.0
1983-84,Kathmandu,11000.0,49500.0,4.5,10210.0,19480.0,1.91,10000.0,18000.0,1.8,1000.0,1000.0,1.0,0.0,0.0,0.0,10.0,10.0,1.0
1983-84,Kavre,11620.0,23240.0,2.0,22000.0,28600.0,1.3,7000.0,11200.0,1.6,1100.0,1100.0,1.0,0.0,0.0,0.0,300.0,300.0,1.0
1983-84,Khotang,1220.0,1840.0,1.51,5850.0,7020.0,1.2,820.0,820.0,1.0,1100.0,1100.0,1.0,0.0,0.0,0.0,150.0,130.0,0.87
1983-84,Lalitpur,5290.0,21160.0,4.0,6730.0,9420.0,1.4,3850.0,4500.0,1.17,1200.0,1200.0,1.0,0.0,0.0,0.0,40.0,40.0,1.0
1983-84,Lamjung,5690.0,13180.0,2.32,8020.0,10240.0,1.28,4470.0,5360.0,1.2,3000.0,2550.0,0.85,0.0,0.0,0.0,220.0,200.0,0.91
1983-84,Mahottari,51430.0,101070.0,1.97,2800.0,5850.0,2.09,15110.0,14200.0,0.94,3350.0,3010.0,0.9,0.0,0.0,0.0,580.0,460.0,0.79
1983-84,Makwanpur,12050.0,27870.0,2.31,18000.0,32680.0,1.82,5650.0,10730.0,1.9,2000.0,1800.0,0.9,0.0,0.0,0.0,240.0,240.0,1.0
1983-84,Manang,0.0,0.0,0.0,100.0,180.0,1.8,530.0,740.0,1.4,560.0,500.0,0.89,0.0,0.0,0.0,590.0,530.0,0.9
1983-84,Morang,81670.0,156100.0,1.91,11340.0,20210.0,1.78,12350.0,19760.0,1.6,1140.0,1030.0,0.9,0.0,0.0,0.0,80.0,70.0,0.88
1983-84,Mugu,210.0,380.0,1.81,600.0,1080.0,1.8,400.0,400.0,1.0,600.0,540.0,0.9,0.0,0.0,0.0,670.0,600.0,0.9
1983-84,Mustang,0.0,0.0,0.0,780.0,1250.0,1.6,480.0,480.0,1.0,540.0,490.0,0.91,0.0,0.0,0.0,900.0,800.0,0.89
1983-84,Myagdi,1920.0,3750.0,1.95,5000.0,7220.0,1.44,1400.0,1400.0,1.0,780.0,700.0,0.9,0.0,0.0,0.0,270.0,240.0,0.89
1983-84,Nawalparasi,34470.0,77890.0,2.26,6150.0,17540.0,2.85,14570.0,18940.0,1.3,500.0,500.0,1.0,0.0,0.0,0.0,70.0,70.0,1.0
1983-84,Nuwakot,16920.0,42120.0,2.49,8510.0,13700.0,1.61,4810.0,5150.0,1.07,2420.0,1930.0,0.8,0.0,0.0,0.0,90.0,90.0,1.0
1983-84,Okhaldhunga,2450.0,4000.0,1.63,8100.0,11540.0,1.42,980.0,1080.0,1.1,2250.0,2250.0,1.0,0.0,0.0,0.0,90.0,80.0,0.89
1983-84,Palpa,8150.0,17020.0,2.09,4730.0,6330.0,1.34,5000.0,5000.0,1.0,2000.0,1600.0,0.8,0.0,0.0,0.0,300.0,300.0,1.0
1983-84,Panchthar,8970.0,14350.0,1.6,7610.0,13210.0,1.74,1120.0,1230.0,1.1,3400.0,3230.0,0.95,0.0,0.0,0.0,300.0,240.0,0.8
1983-84,Parbat,1870.0,3600.0,1.93,4000.0,5330.0,1.33,2200.0,2200.0,1.0,3000.0,2400.0,0.8,0.0,0.0,0.0,360.0,260.0,0.72
1983-84,Parsa,48770.0,152580.0,3.13,3700.0,11050.0,2.99,16660.0,28220.0,1.69,300.0,300.0,1.0,0.0,0.0,0.0,340.0,300.0,0.88
1983-84,Pyuthan,3180.0,7000.0,2.2,9080.0,12080.0,1.33,6000.0,7200.0,1.2,1420.0,1280.0,0.9,0.0,0.0,0.0,200.0,160.0,0.8
1983-84,Ramechhap,3790.0,4170.0,1.1,11380.0,8250.0,0.72,2280.0,2510.0,1.1,1060.0,950.0,0.9,0.0,0.0,0.0,300.0,300.0,1.0
1983-84,Rasuwa,150.0,270.0,1.8,790.0,870.0,1.1,500.0,500.0,1.0,400.0,400.0,1.0,0.0,0.0,0.0,100.0,100.0,1.0
1983-84,Rautahat,58810.0,97570.0,1.66,4760.0,10050.0,2.11,21530.0,25840.0,1.2,560.0,560.0,1.0,0.0,0.0,0.0,2050.0,2050.0,1.0
1983-84,Rolpa,550.0,1210.0,2.2,3760.0,5640.0,1.5,1600.0,1600.0,1.0,610.0,550.0,0.9,0.0,0.0,0.0,490.0,390.0,0.8
1983-84,Rukum,450.0,1310.0,2.91,3460.0,5100.0,1.47,2000.0,2000.0,1.0,500.0,450.0,0.9,0.0,0.0,0.0,700.0,560.0,0.8
1983-84,Rupandehi,65050.0,130100.0,2.0,2600.0,7480.0,2.88,25280.0,35390.0,1.4,170.0,170.0,1.0,0.0,0.0,0.0,110.0,110.0,1.0
1983-84,Salyan,5110.0,10000.0,1.96,7100.0,9050.0,1.27,6000.0,6000.0,1.0,4570.0,4570.0,1.0,0.0,0.0,0.0,1000.0,900.0,0.9
1983-84,Sankhuwasabha,8230.0,15870.0,1.93,8320.0,12490.0,1.5,1130.0,1240.0,1.1,2000.0,1800.0,0.9,0.0,0.0,0.0,240.0,240.0,1.0
1983-84,Saptari,72810.0,127720.0,1.75,800.0,1180.0,1.48,10280.0,12340.0,1.2,380.0,340.0,0.89,0.0,0.0,0.0,60.0,50.0,0.83
1983-84,Sarlahi,46740.0,91940.0,1.97,10550.0,16120.0,1.53,14360.0,16800.0,1.17,600.0,600.0,1.0,0.0,0.0,0.0,270.0,350.0,1.3
1983-84,Sindhuli,7870.0,15680.0,1.99,9150.0,14640.0,1.6,4360.0,5230.0,1.2,2040.0,1830.0,0.9,0.0,0.0,0.0,360.0,360.0,1.0
1983-84,Sindhupalchok,4400.0,7630.0,1.73,10000.0,11520.0,1.15,4000.0,4000.0,1.0,2450.0,2450.0,1.0,0.0,0.0,0.0,320.0,280.0,0.88
1983-84,Siraha,67200.0,114440.0,1.7,1760.0,4010.0,2.28,11430.0,18290.0,1.6,2000.0,2000.0,1.0,0.0,0.0,0.0,20.0,30.0,1.5
1983-84,Solukhumbu,420.0,960.0,2.29,3500.0,3900.0,1.11,250.0,230.0,0.92,980.0,980.0,1.0,0.0,0.0,0.0,550.0,500.0,0.91
1983-84,Sunsari,45490.0,105490.0,2.32,6230.0,10990.0,1.76,12560.0,20100.0,1.6,800.0,720.0,0.9,0.0,0.0,0.0,40.0,40.0,1.0
1983-84,Surkhet,9670.0,14570.0,1.51,10140.0,11140.0,1.1,12600.0,15120.0,1.2,1050.0,1050.0,1.0,0.0,0.0,0.0,810.0,750.0,0.93
1983-84,Syangja,9820.0,21480.0,2.19,6330.0,8890.0,1.4,1810.0,1990.0,1.1,6930.0,6240.0,0.9,0.0,0.0,0.0,50.0,40.0,0.8
1983-84,Tanahu,10400.0,22800.0,2.19,12300.0,16580.0,1.35,3980.0,6370.0,1.6,5500.0,4950.0,0.9,0.0,0.0,0.0,50.0,40.0,0.8
1983-84,Taplejung,1600.0,3070.0,1.92,5600.0,10110.0,1.81,520.0,520.0,1.0,2020.0,2420.0,1.2,0.0,0.0,0.0,60.0,60.0,1.0
1983-84,Tehrathum,10780.0,16160.0,1.5,11950.0,18970.0,1.59,1000.0,1100.0,1.1,3040.0,2700.0,0.89,0.0,0.0,0.0,120.0,120.0,1.0
1983-84,Udayapur,11910.0,24420.0,2.05,8200.0,12860.0,1.57,5180.0,6220.0,1.2,900.0,900.0,1.0,0.0,0.0,0.0,20.0,20.0,1.0
1984-85,Achham,3180.0,4450.0,1.4,3140.0,3770.0,1.2,3990.0,3590.0,0.9,1700.0,1530.0,0.9,0.0,0.0,0.0,820.0,650.0,0.79
1984-85,Arghakhanchi,3020.0,5440.0,1.8,8860.0,13290.0,1.5,1460.0,730.0,0.5,1030.0,920.0,0.89,0.0,0.0,0.0,270.0,240.0,0.89
1984-85,Baglung,4900.0,8820.0,1.8,9300.0,10230.0,1.1,2500.0,2250.0,0.9,2000.0,1800.0,0.9,0.0,0.0,0.0,300.0,240.0,0.8
1984-85,Baitadi,3450.0,5040.0,1.46,2950.0,3920.0,1.33,3520.0,2640.0,0.75,1200.0,1080.0,0.9,0.0,0.0,0.0,450.0,360.0,0.8
1984-85,Bajhang,2700.0,3510.0,1.3,1240.0,1610.0,1.3,3500.0,3150.0,0.9,1230.0,1110.0,0.9,0.0,0.0,0.0,810.0,730.0,0.9
1984-85,Bajura,1450.0,2390.0,1.65,1500.0,2100.0,1.4,2350.0,2110.0,0.9,1040.0,930.0,0.89,0.0,0.0,0.0,920.0,730.0,0.79
1984-85,Banke,24170.0,47880.0,1.98,5070.0,6630.0,1.31,13170.0,14480.0,1.1,740.0,740.0,1.0,0.0,0.0,0.0,100.0,90.0,0.9
1984-85,Bara,56910.0,157500.0,2.77,5490.0,13270.0,2.42,22410.0,34290.0,1.53,110.0,110.0,1.0,0.0,0.0,0.0,470.0,420.0,0.89
1984-85,Bardiya,29320.0,58560.0,2.0,8580.0,16300.0,1.9,8730.0,9600.0,1.1,400.0,400.0,1.0,0.0,0.0,0.0,50.0,40.0,0.8
1984-85,Bhaktapur,5220.0,21920.0,4.2,2300.0,5750.0,2.5,5480.0,12280.0,2.24,180.0,200.0,1.11,0.0,0.0,0.0,20.0,20.0,1.0
1984-85,Bhojpur,10540.0,18990.0,1.8,11830.0,17150.0,1.45,1800.0,2160.0,1.2,2200.0,1980.0,0.9,0.0,0.0,0.0,80.0,60.0,0.75
1984-85,Chitwan,28870.0,76390.0,2.65,23010.0,37650.0,1.64,7740.0,12380.0,1.6,600.0,600.0,1.0,0.0,0.0,0.0,20.0,20.0,1.0
1984-85,Dadeldhura,5420.0,7390.0,1.36,2760.0,3830.0,1.39,9030.0,7220.0,0.8,2770.0,2490.0,0.9,0.0,0.0,0.0,900.0,630.0,0.7
1984-85,Dailekh,3250.0,5680.0,1.75,7500.0,8250.0,1.1,3100.0,2170.0,0.7,2400.0,2160.0,0.9,0.0,0.0,0.0,950.0,660.0,0.69
1984-85,Dang,32950.0,62910.0,1.91,20060.0,22890.0,1.14,13880.0,18040.0,1.3,400.0,400.0,1.0,0.0,0.0,0.0,120.0,100.0,0.83
1984-85,Darchula,1560.0,2190.0,1.4,4030.0,6040.0,1.5,2590.0,2070.0,0.8,1310.0,1180.0,0.9,0.0,0.0,0.0,950.0,760.0,0.8
1984-85,Dhading,10270.0,18810.0,1.83,14840.0,19290.0,1.3,4050.0,5500.0,1.36,3200.0,2880.0,0.9,0.0,0.0,0.0,300.0,290.0,0.97
1984-85,Dhankuta,10050.0,20100.0,2.0,22970.0,34550.0,1.5,2100.0,2840.0,1.35,6040.0,6040.0,1.0,0.0,0.0,0.0,50.0,40.0,0.8
1984-85,Dhanusa,57000.0,106490.0,1.87,2090.0,3580.0,1.71,18290.0,25050.0,1.37,500.0,500.0,1.0,0.0,0.0,0.0,140.0,130.0,0.93
1984-85,Dolakha,2490.0,4250.0,1.71,4000.0,5600.0,1.4,1000.0,1000.0,1.0,1540.0,1390.0,0.9,0.0,0.0,0.0,250.0,220.0,0.88
1984-85,Dolpa,570.0,1020.0,1.79,1970.0,2360.0,1.2,500.0,500.0,1.0,1070.0,960.0,0.9,0.0,0.0,0.0,450.0,400.0,0.89
1984-85,Doti,6050.0,9070.0,1.5,5000.0,6500.0,1.3,10540.0,9480.0,0.9,1640.0,1480.0,0.9,0.0,0.0,0.0,450.0,400.0,0.89
1984-85,Gorkha,15770.0,26880.0,1.7,10050.0,12100.0,1.2,4200.0,5030.0,1.2,4200.0,3780.0,0.9,0.0,0.0,0.0,240.0,200.0,0.83
1984-85,Gulmi,3120.0,6240.0,2.0,14000.0,15400.0,1.1,1570.0,1570.0,1.0,2400.0,2100.0,0.88,0.0,0.0,0.0,210.0,190.0,0.9
1984-85,Humla,500.0,750.0,1.5,650.0,700.0,1.08,450.0,400.0,0.89,1180.0,1060.0,0.9,0.0,0.0,0.0,320.0,290.0,0.91
1984-85,Ilam,12440.0,27270.0,2.19,15120.0,22690.0,1.5,3070.0,4020.0,1.31,2900.0,2610.0,0.9,0.0,0.0,0.0,80.0,70.0,0.88
1984-85,Jajarkot,2100.0,2520.0,1.2,8000.0,8800.0,1.1,3050.0,2130.0,0.7,1900.0,1710.0,0.9,0.0,0.0,0.0,880.0,700.0,0.8
1984-85,Jhapa,92990.0,143380.0,1.54,8510.0,13680.0,1.61,4390.0,5970.0,1.36,650.0,590.0,0.91,0.0,0.0,0.0,10.0,10.0,1.0
1984-85,Jumla,1290.0,1935.0,1.5,1280.0,1920.0,1.5,1430.0,1290.0,0.9,1400.0,1260.0,0.9,0.0,0.0,0.0,1350.0,1080.0,0.8
1984-85,Kailali,39470.0,71050.0,1.8,10360.0,11490.0,1.11,12510.0,15010.0,1.2,740.0,660.0,0.89,0.0,0.0,0.0,210.0,190.0,0.9
1984-85,Kalikot,1090.0,1635.0,1.5,1140.0,1480.0,1.3,1550.0,1240.0,0.8,1200.0,1080.0,0.9,0.0,0.0,0.0,870.0,770.0,0.89
1984-85,Kanchanpur,35100.0,73900.0,2.11,6080.0,6640.0,1.09,10330.0,11360.0,1.1,300.0,270.0,0.9,0.0,0.0,0.0,280.0,250.0,0.89
1984-85,Kapilbastu,73280.0,125780.0,1.72,750.0,1210.0,1.61,20480.0,24570.0,1.2,370.0,370.0,1.0,0.0,0.0,0.0,50.0,40.0,0.8
1984-85,Kaski,18580.0,39000.0,2.1,11630.0,13980.0,1.2,3500.0,4130.0,1.18,9000.0,8100.0,0.9,0.0,0.0,0.0,50.0,40.0,0.8
1984-85,Kathmandu,11240.0,44960.0,4.0,9600.0,17280.0,1.8,8500.0,13600.0,1.6,600.0,540.0,0.9,0.0,0.0,0.0,10.0,10.0,1.0
1984-85,Kavre,5940.0,9080.0,1.53,10100.0,10220.0,1.01,7000.0,8400.0,1.2,1470.0,1320.0,0.9,0.0,0.0,0.0,320.0,300.0,0.94
1984-85,Khotang,1770.0,2670.0,1.51,6120.0,7350.0,1.2,800.0,960.0,1.2,1250.0,1120.0,0.9,0.0,0.0,0.0,130.0,100.0,0.77
1984-85,Lalitpur,5560.0,18350.0,3.3,6950.0,12510.0,1.8,3750.0,4500.0,1.2,1000.0,900.0,0.9,0.0,0.0,0.0,20.0,20.0,1.0
1984-85,Lamjung,10330.0,18750.0,1.82,9320.0,12600.0,1.35,4500.0,5850.0,1.3,3400.0,3060.0,0.9,0.0,0.0,0.0,200.0,180.0,0.9
1984-85,Mahottari,52530.0,90120.0,1.72,3150.0,5810.0,1.84,14790.0,14790.0,1.0,1050.0,940.0,0.9,0.0,0.0,0.0,110.0,110.0,1.0
1984-85,Makwanpur,12260.0,29930.0,2.44,19740.0,33990.0,1.72,6160.0,9240.0,1.5,1400.0,1260.0,0.9,0.0,0.0,0.0,600.0,540.0,0.9
1984-85,Manang,0.0,0.0,0.0,110.0,200.0,1.82,530.0,740.0,1.4,1000.0,900.0,0.9,0.0,0.0,0.0,700.0,630.0,0.9
1984-85,Morang,80000.0,149980.0,1.87,8800.0,15250.0,1.73,9260.0,12590.0,1.36,970.0,970.0,1.0,0.0,0.0,0.0,50.0,40.0,0.8
1984-85,Mugu,980.0,1470.0,1.5,1010.0,1320.0,1.31,960.0,860.0,0.9,1200.0,1080.0,0.9,0.0,0.0,0.0,980.0,880.0,0.9
1984-85,Mustang,0.0,0.0,0.0,820.0,1150.0,1.4,860.0,770.0,0.9,620.0,620.0,1.0,0.0,0.0,0.0,950.0,850.0,0.89
1984-85,Myagdi,3000.0,5700.0,1.9,5500.0,9350.0,1.7,1850.0,1660.0,0.9,1050.0,840.0,0.8,0.0,0.0,0.0,250.0,230.0,0.92
1984-85,Nawalparasi,36560.0,80420.0,2.2,6320.0,11540.0,1.83,13110.0,15380.0,1.17,250.0,250.0,1.0,0.0,0.0,0.0,50.0,40.0,0.8
1984-85,Nuwakot,16950.0,39310.0,2.32,10200.0,15440.0,1.51,5190.0,5700.0,1.1,2370.0,2130.0,0.9,0.0,0.0,0.0,50.0,40.0,0.8
1984-85,Okhaldhunga,3030.0,4860.0,1.6,7000.0,9940.0,1.42,1200.0,1320.0,1.1,2400.0,2400.0,1.0,0.0,0.0,0.0,100.0,100.0,1.0
1984-85,Palpa,9200.0,21550.0,2.34,19260.0,23110.0,1.2,4800.0,4300.0,0.9,1500.0,1500.0,1.0,0.0,0.0,0.0,200.0,180.0,0.9
1984-85,Panchthar,10170.0,17440.0,1.71,14110.0,24000.0,1.7,3500.0,3920.0,1.12,4810.0,4570.0,0.95,0.0,0.0,0.0,450.0,410.0,0.91
1984-85,Parbat,3090.0,6130.0,1.98,4500.0,5990.0,1.33,2240.0,2130.0,0.95,3200.0,2880.0,0.9,0.0,0.0,0.0,300.0,270.0,0.9
1984-85,Parsa,45350.0,147690.0,3.26,1540.0,3730.0,2.42,14990.0,22850.0,1.52,320.0,320.0,1.0,0.0,0.0,0.0,160.0,160.0,1.0
1984-85,Pyuthan,5140.0,8850.0,1.72,9000.0,10800.0,1.2,6050.0,5380.0,0.89,1800.0,1670.0,0.93,0.0,0.0,0.0,310.0,290.0,0.94
1984-85,Ramechhap,3630.0,5490.0,1.51,15000.0,16500.0,1.1,2170.0,1910.0,0.88,2040.0,1630.0,0.8,0.0,0.0,0.0,320.0,290.0,0.91
1984-85,Rasuwa,830.0,1500.0,1.81,1500.0,1800.0,1.2,800.0,800.0,1.0,840.0,770.0,0.92,0.0,0.0,0.0,140.0,110.0,0.79
1984-85,Rautahat,56050.0,98760.0,1.76,3600.0,7600.0,2.11,18300.0,19210.0,1.05,580.0,580.0,1.0,0.0,0.0,0.0,2000.0,1800.0,0.9
1984-85,Rolpa,3000.0,3300.0,1.1,9010.0,12610.0,1.4,2200.0,1760.0,0.8,1040.0,910.0,0.88,0.0,0.0,0.0,610.0,480.0,0.79
1984-85,Rukum,2500.0,3250.0,1.3,9200.0,10120.0,1.1,2500.0,2000.0,0.8,1130.0,990.0,0.88,0.0,0.0,0.0,850.0,680.0,0.8
1984-85,Rupandehi,69380.0,138760.0,2.0,920.0,1970.0,2.14,22750.0,27300.0,1.2,130.0,130.0,1.0,0.0,0.0,0.0,40.0,30.0,0.75
1984-85,Salyan,6600.0,8910.0,1.35,11200.0,13440.0,1.2,7000.0,4900.0,0.7,4750.0,4750.0,1.0,0.0,0.0,0.0,950.0,860.0,0.91
1984-85,Sankhuwasabha,11130.0,21270.0,1.91,9750.0,19410.0,1.99,1150.0,1260.0,1.1,2630.0,2630.0,1.0,0.0,0.0,0.0,250.0,250.0,1.0
1984-85,Saptari,72030.0,115940.0,1.61,400.0,620.0,1.55,8250.0,9570.0,1.16,360.0,360.0,1.0,0.0,0.0,0.0,60.0,40.0,0.67
1984-85,Sarlahi,52630.0,103330.0,1.96,10260.0,15870.0,1.55,14070.0,18290.0,1.3,750.0,750.0,1.0,0.0,0.0,0.0,250.0,230.0,0.92
1984-85,Sindhuli,11770.0,21290.0,1.81,22530.0,31540.0,1.4,4990.0,4490.0,0.9,2260.0,2260.0,1.0,0.0,0.0,0.0,300.0,270.0,0.9
1984-85,Sindhupalchok,4400.0,7600.0,1.73,9500.0,14250.0,1.5,4300.0,4300.0,1.0,2830.0,2550.0,0.9,0.0,0.0,0.0,400.0,320.0,0.8
1984-85,Siraha,65310.0,102970.0,1.58,2000.0,3920.0,1.96,8010.0,10810.0,1.35,1010.0,1010.0,1.0,0.0,0.0,0.0,20.0,20.0,1.0
1984-85,Solukhumbu,280.0,600.0,2.14,2650.0,5050.0,1.91,400.0,480.0,1.2,890.0,1090.0,1.22,0.0,0.0,0.0,520.0,470.0,0.9
1984-85,Sunsari,50230.0,109850.0,2.19,2200.0,4150.0,1.89,10050.0,14170.0,1.41,500.0,500.0,1.0,0.0,0.0,0.0,50.0,40.0,0.8
1984-85,Surkhet,9930.0,16880.0,1.7,10890.0,11150.0,1.02,12650.0,10120.0,0.8,600.0,600.0,1.0,0.0,0.0,0.0,900.0,810.0,0.9
1984-85,Syangja,9500.0,20720.0,2.18,10500.0,13720.0,1.31,4000.0,4000.0,1.0,9000.0,8100.0,0.9,0.0,0.0,0.0,50.0,40.0,0.8
1984-85,Tanahu,11500.0,23000.0,2.0,12300.0,13510.0,1.1,3900.0,6240.0,1.6,6000.0,5400.0,0.9,0.0,0.0,0.0,50.0,40.0,0.8
1984-85,Taplejung,1740.0,3190.0,1.83,6200.0,9920.0,1.6,750.0,980.0,1.31,1730.0,1900.0,1.1,0.0,0.0,0.0,120.0,100.0,0.83
1984-85,Tehrathum,10550.0,16470.0,1.56,12000.0,18030.0,1.5,1200.0,1380.0,1.15,3250.0,2930.0,0.9,0.0,0.0,0.0,130.0,120.0,0.92
1984-85,Udayapur,11700.0,19950.0,1.71,7900.0,8440.0,1.07,4150.0,4560.0,1.1,850.0,850.0,1.0,0.0,0.0,0.0,20.0,20.0,1.0
1985-86,Achham,3200.0,4560.0,1.42,3150.0,3780.0,1.2,5000.0,4000.0,0.8,1700.0,1700.0,1.0,0.0,0.0,0.0,900.0,720.0,0.8
1985-86,Arghakhanchi,3050.0,6100.0,2.0,8900.0,15000.0,1.69,2000.0,1800.0,0.9,1100.0,1000.0,0.91,0.0,0.0,0.0,260.0,180.0,0.69
1985-86,Baglung,5000.0,9000.0,1.8,9280.0,10230.0,1.1,6000.0,5400.0,0.9,2700.0,2700.0,1.0,0.0,0.0,0.0,250.0,190.0,0.76
1985-86,Baitadi,3300.0,3780.0,1.15,2900.0,2900.0,1.0,5250.0,4720.0,0.9,1000.0,1000.0,1.0,0.0,0.0,0.0,550.0,350.0,0.64
1985-86,Bajhang,2700.0,4050.0,1.5,1000.0,1300.0,1.3,3850.0,3460.0,0.9,1020.0,1020.0,1.0,0.0,0.0,0.0,900.0,730.0,0.81
1985-86,Bajura,2700.0,5400.0,2.0,750.0,1050.0,1.4,3000.0,2400.0,0.8,2000.0,2000.0,1.0,0.0,0.0,0.0,1000.0,750.0,0.75
1985-86,Banke,30370.0,51560.0,1.7,5520.0,7220.0,1.31,13500.0,17550.0,1.3,920.0,830.0,0.9,0.0,0.0,0.0,100.0,90.0,0.9
1985-86,Bara,56740.0,164550.0,2.9,5570.0,13170.0,2.36,22400.0,40320.0,1.8,110.0,110.0,1.0,0.0,0.0,0.0,180.0,160.0,0.89
1985-86,Bardiya,26900.0,59180.0,2.2,8950.0,14330.0,1.6,8800.0,13200.0,1.5,400.0,400.0,1.0,0.0,0.0,0.0,50.0,40.0,0.8
1985-86,Bhaktapur,4890.0,19070.0,3.9,2200.0,5500.0,2.5,5490.0,11530.0,2.1,50.0,50.0,1.0,0.0,0.0,0.0,10.0,10.0,1.0
1985-86,Bhojpur,10600.0,15900.0,1.5,12010.0,18120.0,1.51,1850.0,2080.0,1.12,2000.0,1900.0,0.95,0.0,0.0,0.0,80.0,70.0,0.88
1985-86,Chitwan,29370.0,82240.0,2.8,22020.0,35240.0,1.6,6430.0,9000.0,1.4,770.0,620.0,0.81,0.0,0.0,0.0,300.0,240.0,0.8
1985-86,Dadeldhura,6500.0,7280.0,1.12,2530.0,4050.0,1.6,8660.0,6920.0,0.8,2770.0,2770.0,1.0,0.0,0.0,0.0,800.0,560.0,0.7
1985-86,Dailekh,4200.0,6380.0,1.52,5750.0,9490.0,1.65,4130.0,3800.0,0.92,2250.0,2250.0,1.0,0.0,0.0,0.0,1100.0,750.0,0.68
1985-86,Dang,36450.0,73900.0,2.03,20160.0,28110.0,1.39,14000.0,19600.0,1.4,510.0,460.0,0.9,0.0,0.0,0.0,150.0,140.0,0.93
1985-86,Darchula,3700.0,5180.0,1.4,7000.0,9100.0,1.3,6060.0,4240.0,0.7,1310.0,1180.0,0.9,0.0,0.0,0.0,1000.0,750.0,0.75
1985-86,Dhading,13000.0,22750.0,1.75,15000.0,22500.0,1.5,4500.0,5630.0,1.25,3300.0,3300.0,1.0,0.0,0.0,0.0,400.0,340.0,0.85
1985-86,Dhankuta,9400.0,18800.0,2.0,20150.0,30220.0,1.5,2200.0,3080.0,1.4,8000.0,6000.0,0.75,0.0,0.0,0.0,60.0,40.0,0.67
1985-86,Dhanusa,52830.0,105660.0,2.0,3230.0,6450.0,2.0,17750.0,21540.0,1.21,540.0,500.0,0.93,0.0,0.0,0.0,510.0,410.0,0.8
1985-86,Dolakha,2370.0,4030.0,1.7,3360.0,5040.0,1.5,5000.0,4250.0,0.85,1650.0,1320.0,0.8,0.0,0.0,0.0,300.0,240.0,0.8
1985-86,Dolpa,570.0,880.0,1.54,1970.0,1770.0,0.9,620.0,550.0,0.89,1070.0,1070.0,1.0,0.0,0.0,0.0,450.0,380.0,0.84
1985-86,Doti,6050.0,8470.0,1.4,5000.0,5000.0,1.0,10540.0,9490.0,0.9,1640.0,1200.0,0.73,0.0,0.0,0.0,500.0,400.0,0.8
1985-86,Gorkha,15780.0,27800.0,1.76,17260.0,20730.0,1.2,4200.0,4020.0,0.96,6450.0,6400.0,0.99,0.0,0.0,0.0,250.0,190.0,0.76
1985-86,Gulmi,4100.0,8030.0,1.96,20000.0,24000.0,1.2,4200.0,4200.0,1.0,2700.0,2570.0,0.95,0.0,0.0,0.0,150.0,140.0,0.93
1985-86,Humla,450.0,670.0,1.49,650.0,650.0,1.0,600.0,430.0,0.72,1120.0,1180.0,1.05,0.0,0.0,0.0,320.0,250.0,0.78
1985-86,Ilam,12450.0,24950.0,2.0,15220.0,27780.0,1.83,3900.0,4700.0,1.21,2700.0,2160.0,0.8,0.0,0.0,0.0,100.0,90.0,0.9
1985-86,Jajarkot,2100.0,2390.0,1.14,8000.0,8400.0,1.05,4500.0,3600.0,0.8,1900.0,1900.0,1.0,0.0,0.0,0.0,1000.0,650.0,0.65
1985-86,Jhapa,86500.0,153100.0,1.77,7200.0,10360.0,1.44,4000.0,5600.0,1.4,750.0,710.0,0.95,0.0,0.0,0.0,20.0,10.0,0.5
1985-86,Jumla,1290.0,1840.0,1.43,1280.0,1920.0,1.5,1230.0,1160.0,0.94,1250.0,940.0,0.75,0.0,0.0,0.0,2000.0,1400.0,0.7
1985-86,Kailali,39160.0,70490.0,1.8,10950.0,13230.0,1.21,13500.0,17550.0,1.3,740.0,740.0,1.0,0.0,0.0,0.0,300.0,270.0,0.9
1985-86,Kalikot,1090.0,1850.0,1.7,1140.0,1710.0,1.5,3000.0,1800.0,0.6,1200.0,1200.0,1.0,0.0,0.0,0.0,700.0,540.0,0.77
1985-86,Kanchanpur,35700.0,74970.0,2.1,9260.0,11820.0,1.28,10330.0,14460.0,1.4,300.0,270.0,0.9,0.0,0.0,0.0,250.0,240.0,0.96
1985-86,Kapilbastu,76980.0,138560.0,1.8,660.0,1420.0,2.15,20500.0,28700.0,1.4,300.0,300.0,1.0,0.0,0.0,0.0,40.0,30.0,0.75
1985-86,Kaski,18000.0,36000.0,2.0,15400.0,20000.0,1.3,3700.0,4440.0,1.2,8000.0,8000.0,1.0,0.0,0.0,0.0,70.0,50.0,0.71
1985-86,Kathmandu,11200.0,39200.0,3.5,9500.0,19000.0,2.0,8000.0,12000.0,1.5,500.0,500.0,1.0,0.0,0.0,0.0,10.0,10.0,1.0
1985-86,Kavre,12620.0,18930.0,1.5,22380.0,30400.0,1.36,8000.0,8800.0,1.1,1200.0,950.0,0.79,0.0,0.0,0.0,300.0,280.0,0.93
1985-86,Khotang,2500.0,3750.0,1.5,8730.0,8730.0,1.0,1500.0,1500.0,1.0,4200.0,2940.0,0.7,0.0,0.0,0.0,250.0,240.0,0.96
1985-86,Lalitpur,4700.0,15280.0,3.25,7000.0,14000.0,2.0,4000.0,6000.0,1.5,1020.0,1020.0,1.0,0.0,0.0,0.0,40.0,40.0,1.0
1985-86,Lamjung,10350.0,17070.0,1.65,9320.0,11040.0,1.18,4450.0,6200.0,1.39,3350.0,3350.0,1.0,0.0,0.0,0.0,210.0,200.0,0.95
1985-86,Mahottari,47930.0,95860.0,2.0,3250.0,6360.0,1.96,16610.0,19930.0,1.2,1000.0,800.0,0.8,0.0,0.0,0.0,130.0,120.0,0.92
1985-86,Makwanpur,12670.0,27870.0,2.2,18200.0,21650.0,1.19,6270.0,10030.0,1.6,2950.0,2360.0,0.8,0.0,0.0,0.0,500.0,420.0,0.84
1985-86,Manang,0.0,0.0,0.0,120.0,200.0,1.67,540.0,700.0,1.3,950.0,850.0,0.89,0.0,0.0,0.0,650.0,600.0,0.92
1985-86,Morang,74830.0,154150.0,2.06,7500.0,11250.0,1.5,9000.0,13480.0,1.5,1000.0,950.0,0.95,0.0,0.0,0.0,80.0,70.0,0.88
1985-86,Mugu,980.0,1670.0,1.7,1010.0,1980.0,1.96,1150.0,1050.0,0.91,1200.0,810.0,0.68,0.0,0.0,0.0,980.0,880.0,0.9
1985-86,Mustang,0.0,0.0,0.0,850.0,1200.0,1.41,860.0,860.0,1.0,600.0,540.0,0.9,0.0,0.0,0.0,900.0,850.0,0.94
1985-86,Myagdi,3000.0,5400.0,1.8,5470.0,7650.0,1.4,1900.0,1520.0,0.8,2950.0,2650.0,0.9,0.0,0.0,0.0,260.0,180.0,0.69
1985-86,Nawalparasi,34030.0,85100.0,2.5,6160.0,12320.0,2.0,11680.0,15770.0,1.35,450.0,360.0,0.8,0.0,0.0,0.0,40.0,30.0,0.75
1985-86,Nuwakot,15190.0,34180.0,2.25,11900.0,17800.0,1.5,5140.0,5800.0,1.13,2400.0,2160.0,0.9,0.0,0.0,0.0,70.0,50.0,0.71
1985-86,Okhaldhunga,2900.0,4730.0,1.63,6510.0,9120.0,1.4,1400.0,1540.0,1.1,2500.0,2500.0,1.0,0.0,0.0,0.0,110.0,100.0,0.91
1985-86,Palpa,8850.0,18770.0,2.12,19680.0,23600.0,1.2,5000.0,4000.0,0.8,5940.0,5350.0,0.9,0.0,0.0,0.0,250.0,210.0,0.84
1985-86,Panchthar,10220.0,18390.0,1.8,14100.0,25530.0,1.81,3600.0,4150.0,1.15,5810.0,4060.0,0.7,0.0,0.0,0.0,500.0,400.0,0.8
1985-86,Parbat,3100.0,6180.0,1.99,4520.0,6060.0,1.34,2300.0,2070.0,0.9,3000.0,3000.0,1.0,0.0,0.0,0.0,240.0,190.0,0.79
1985-86,Parsa,45900.0,142290.0,3.1,2220.0,4510.0,2.03,13490.0,20230.0,1.5,320.0,320.0,1.0,0.0,0.0,0.0,90.0,80.0,0.89
1985-86,Pyuthan,5140.0,8850.0,1.72,9000.0,10000.0,1.11,7260.0,5810.0,0.8,1800.0,1670.0,0.93,0.0,0.0,0.0,400.0,280.0,0.7
1985-86,Ramechhap,6140.0,7260.0,1.18,16000.0,17600.0,1.1,3050.0,4880.0,1.6,2100.0,1890.0,0.9,0.0,0.0,0.0,320.0,290.0,0.91
1985-86,Rasuwa,850.0,2000.0,2.35,1300.0,1820.0,1.4,900.0,800.0,0.89,850.0,780.0,0.92,0.0,0.0,0.0,250.0,180.0,0.72
1985-86,Rautahat,59620.0,101350.0,1.7,5870.0,8210.0,1.4,16470.0,21410.0,1.3,740.0,520.0,0.7,0.0,0.0,0.0,740.0,700.0,0.95
1985-86,Rolpa,2430.0,2430.0,1.0,8000.0,12000.0,1.5,2900.0,2610.0,0.9,700.0,700.0,1.0,0.0,0.0,0.0,1400.0,1120.0,0.8
1985-86,Rukum,1800.0,3960.0,2.2,9200.0,7820.0,0.85,3300.0,3000.0,0.91,600.0,790.0,1.32,0.0,0.0,0.0,1100.0,880.0,0.8
1985-86,Rupandehi,69260.0,145450.0,2.1,870.0,1690.0,1.94,22000.0,30800.0,1.4,210.0,210.0,1.0,0.0,0.0,0.0,50.0,40.0,0.8
1985-86,Salyan,6600.0,8730.0,1.32,12880.0,18030.0,1.4,12000.0,10800.0,0.9,4750.0,4750.0,1.0,0.0,0.0,0.0,1180.0,820.0,0.69
1985-86,Sankhuwasabha,11120.0,22240.0,2.0,9750.0,17540.0,1.8,1200.0,1300.0,1.08,2600.0,2600.0,1.0,0.0,0.0,0.0,250.0,230.0,0.92
1985-86,Saptari,73540.0,125020.0,1.7,400.0,520.0,1.3,8000.0,8600.0,1.08,360.0,340.0,0.94,0.0,0.0,0.0,70.0,60.0,0.86
1985-86,Sarlahi,52900.0,105800.0,2.0,10360.0,19470.0,1.88,12570.0,18850.0,1.5,530.0,530.0,1.0,0.0,0.0,0.0,260.0,230.0,0.88
1985-86,Sindhuli,8100.0,15500.0,1.91,12100.0,19220.0,1.59,5520.0,7180.0,1.3,1000.0,800.0,0.8,0.0,0.0,0.0,220.0,190.0,0.86
1985-86,Sindhupalchok,4300.0,6960.0,1.62,9500.0,13300.0,1.4,4770.0,4050.0,0.85,2850.0,2850.0,1.0,0.0,0.0,0.0,350.0,280.0,0.8
1985-86,Siraha,68570.0,113280.0,1.65,1850.0,2590.0,1.4,7800.0,10900.0,1.4,1100.0,1000.0,0.91,0.0,0.0,0.0,30.0,20.0,0.67
1985-86,Solukhumbu,420.0,580.0,1.38,2500.0,3750.0,1.5,400.0,460.0,1.15,900.0,890.0,0.99,0.0,0.0,0.0,560.0,500.0,0.89
1985-86,Sunsari,48700.0,112980.0,2.32,2250.0,3370.0,1.5,10000.0,14800.0,1.48,500.0,500.0,1.0,0.0,0.0,0.0,50.0,40.0,0.8
1985-86,Surkhet,10000.0,20000.0,2.0,13820.0,15380.0,1.11,12600.0,11340.0,0.9,1000.0,1000.0,1.0,0.0,0.0,0.0,1000.0,850.0,0.85
1985-86,Syangja,15270.0,30540.0,2.0,11000.0,14300.0,1.3,6000.0,6000.0,1.0,10000.0,9000.0,0.9,0.0,0.0,0.0,70.0,50.0,0.71
1985-86,Tanahu,13360.0,24480.0,1.83,21000.0,22880.0,1.09,3500.0,5950.0,1.7,7000.0,6300.0,0.9,0.0,0.0,0.0,30.0,30.0,1.0
1985-86,Taplejung,2000.0,3800.0,1.9,5600.0,7840.0,1.4,1750.0,1750.0,1.0,2000.0,2000.0,1.0,0.0,0.0,0.0,150.0,120.0,0.8
1985-86,Tehrathum,10860.0,16290.0,1.5,11970.0,17950.0,1.5,1350.0,1410.0,1.04,3000.0,2700.0,0.9,0.0,0.0,0.0,150.0,140.0,0.93
1985-86,Udayapur,11600.0,18800.0,1.62,7620.0,14480.0,1.9,3900.0,4450.0,1.14,900.0,900.0,1.0,0.0,0.0,0.0,30.0,30.0,1.0
1986-87,Achham,3250.0,3940.0,1.21,3130.0,3740.0,1.19,5500.0,4950.0,0.9,1720.0,1590.0,0.92,0.0,0.0,0.0,680.0,550.0,0.81
1986-87,Arghakhanchi,3040.0,5480.0,1.8,8860.0,10600.0,1.2,2050.0,2050.0,1.0,1000.0,900.0,0.9,0.0,0.0,0.0,210.0,150.0,0.71
1986-87,Baglung,5020.0,9030.0,1.8,9310.0,12100.0,1.3,6050.0,6650.0,1.1,3000.0,2800.0,0.93,0.0,0.0,0.0,220.0,200.0,0.91
1986-87,Baitadi,4000.0,4240.0,1.06,3500.0,3650.0,1.04,6000.0,5400.0,0.9,1110.0,1050.0,0.95,0.0,0.0,0.0,720.0,580.0,0.81
1986-87,Bajhang,3090.0,4940.0,1.6,950.0,1290.0,1.36,4000.0,3400.0,0.85,1060.0,1020.0,0.96,0.0,0.0,0.0,1000.0,800.0,0.8
1986-87,Bajura,2650.0,5240.0,1.98,800.0,1120.0,1.4,3150.0,2520.0,0.8,1940.0,1870.0,0.96,0.0,0.0,0.0,900.0,630.0,0.7
1986-87,Banke,19740.0,15470.0,0.78,5490.0,6740.0,1.23,14880.0,22320.0,1.5,550.0,510.0,0.93,0.0,0.0,0.0,50.0,50.0,1.0
1986-87,Bara,56990.0,153140.0,2.69,5600.0,13250.0,2.37,22890.0,45550.0,1.99,90.0,90.0,1.0,0.0,0.0,0.0,170.0,160.0,0.94
1986-87,Bardiya,25800.0,58890.0,2.28,11080.0,16720.0,1.51,9300.0,13950.0,1.5,200.0,190.0,0.95,0.0,0.0,0.0,40.0,40.0,1.0
1986-87,Bhaktapur,4800.0,19200.0,4.0,2200.0,5000.0,2.27,5380.0,11300.0,2.1,40.0,40.0,1.0,0.0,0.0,0.0,10.0,10.0,1.0
1986-87,Bhojpur,10550.0,13780.0,1.31,12000.0,18100.0,1.51,1900.0,1900.0,1.0,1980.0,1780.0,0.9,0.0,0.0,0.0,90.0,80.0,0.89
1986-87,Chitwan,29720.0,70030.0,2.36,22030.0,32200.0,1.46,7900.0,11850.0,1.5,680.0,600.0,0.88,0.0,0.0,0.0,400.0,320.0,0.8
1986-87,Dadeldhura,6400.0,6920.0,1.08,2610.0,4150.0,1.59,8550.0,8120.0,0.95,2800.0,2710.0,0.97,0.0,0.0,0.0,650.0,590.0,0.91
1986-87,Dailekh,4140.0,6290.0,1.52,6000.0,8000.0,1.33,4150.0,3890.0,0.94,2260.0,2140.0,0.95,0.0,0.0,0.0,1010.0,810.0,0.8
1986-87,Dang,36400.0,61980.0,1.7,20010.0,30090.0,1.5,14500.0,21750.0,1.5,500.0,400.0,0.8,0.0,0.0,0.0,130.0,120.0,0.92
1986-87,Darchula,3640.0,4840.0,1.33,7030.0,9140.0,1.3,6500.0,5200.0,0.8,1290.0,1240.0,0.96,0.0,0.0,0.0,980.0,740.0,0.76
1986-87,Dhading,12990.0,23150.0,1.78,14960.0,22020.0,1.47,4550.0,6000.0,1.32,3200.0,3200.0,1.0,0.0,0.0,0.0,410.0,380.0,0.93
1986-87,Dhankuta,9300.0,18000.0,1.94,20000.0,28000.0,1.4,2210.0,3120.0,1.41,7700.0,5770.0,0.75,0.0,0.0,0.0,30.0,20.0,0.67
1986-87,Dhanusa,49120.0,64460.0,1.31,3400.0,5950.0,1.75,19000.0,24700.0,1.3,600.0,600.0,1.0,0.0,0.0,0.0,470.0,440.0,0.94
1986-87,Dolakha,2360.0,3800.0,1.61,3300.0,5000.0,1.52,4900.0,4410.0,0.9,1600.0,1280.0,0.8,0.0,0.0,0.0,310.0,250.0,0.81
1986-87,Dolpa,550.0,850.0,1.55,2000.0,2200.0,1.1,650.0,570.0,0.88,1130.0,1020.0,0.9,0.0,0.0,0.0,520.0,430.0,0.83
1986-87,Doti,6020.0,8950.0,1.49,5210.0,5800.0,1.11,10350.0,11280.0,1.09,1700.0,1570.0,0.92,0.0,0.0,0.0,400.0,340.0,0.85
1986-87,Gorkha,15800.0,27100.0,1.72,17280.0,20230.0,1.17,4300.0,5100.0,1.19,6500.0,5850.0,0.9,0.0,0.0,0.0,210.0,170.0,0.81
1986-87,Gulmi,4080.0,7540.0,1.85,20300.0,24120.0,1.19,4250.0,4450.0,1.05,3000.0,2700.0,0.9,0.0,0.0,0.0,230.0,200.0,0.87
1986-87,Humla,430.0,680.0,1.58,710.0,850.0,1.2,620.0,490.0,0.79,1170.0,1170.0,1.0,0.0,0.0,0.0,310.0,230.0,0.74
1986-87,Ilam,12400.0,21340.0,1.72,15200.0,26620.0,1.75,3950.0,3980.0,1.01,2680.0,2410.0,0.9,0.0,0.0,0.0,120.0,110.0,0.92
1986-87,Jajarkot,2170.0,3310.0,1.53,8000.0,9040.0,1.13,4550.0,3870.0,0.85,2100.0,2000.0,0.95,0.0,0.0,0.0,850.0,690.0,0.81
1986-87,Jhapa,85930.0,147380.0,1.72,7300.0,12600.0,1.73,5690.0,10240.0,1.8,690.0,620.0,0.9,0.0,0.0,0.0,10.0,10.0,1.0
1986-87,Jumla,1530.0,2180.0,1.42,1300.0,1900.0,1.46,1260.0,1200.0,0.95,1270.0,1150.0,0.91,0.0,0.0,0.0,1850.0,1500.0,0.81
1986-87,Kailali,40000.0,72000.0,1.8,11000.0,14410.0,1.31,16000.0,21600.0,1.35,700.0,700.0,1.0,0.0,0.0,0.0,290.0,280.0,0.97
1986-87,Kalikot,1020.0,1530.0,1.5,1150.0,1840.0,1.6,2980.0,2380.0,0.8,1240.0,1200.0,0.97,0.0,0.0,0.0,690.0,550.0,0.8
1986-87,Kanchanpur,36000.0,60840.0,1.69,9400.0,12160.0,1.29,11250.0,16310.0,1.45,310.0,260.0,0.84,0.0,0.0,0.0,260.0,250.0,0.96
1986-87,Kapilbastu,61580.0,75280.0,1.22,800.0,1400.0,1.75,26750.0,37450.0,1.4,350.0,320.0,0.91,0.0,0.0,0.0,100.0,90.0,0.9
1986-87,Kaski,18150.0,34490.0,1.9,15450.0,20100.0,1.3,4000.0,5200.0,1.3,8350.0,7900.0,0.95,0.0,0.0,0.0,60.0,60.0,1.0
1986-87,Kathmandu,11100.0,40000.0,3.6,9200.0,18300.0,1.99,7900.0,12250.0,1.55,450.0,450.0,1.0,0.0,0.0,0.0,10.0,10.0,1.0
1986-87,Kavre,12500.0,21400.0,1.71,22300.0,25000.0,1.12,14740.0,16210.0,1.1,1100.0,1000.0,0.91,0.0,0.0,0.0,310.0,300.0,0.97
1986-87,Khotang,2480.0,3670.0,1.48,8740.0,10490.0,1.2,1550.0,1550.0,1.0,4180.0,3340.0,0.8,0.0,0.0,0.0,260.0,250.0,0.96
1986-87,Lalitpur,4680.0,16000.0,3.42,7000.0,13000.0,1.86,4050.0,6050.0,1.49,1000.0,1000.0,1.0,0.0,0.0,0.0,30.0,30.0,1.0
1986-87,Lamjung,10380.0,16690.0,1.61,9340.0,11220.0,1.2,4550.0,5690.0,1.25,3500.0,3120.0,0.89,0.0,0.0,0.0,220.0,220.0,1.0
1986-87,Mahottari,43620.0,69160.0,1.59,3270.0,5240.0,1.6,15830.0,17410.0,1.1,1100.0,900.0,0.82,0.0,0.0,0.0,140.0,130.0,0.93
1986-87,Makwanpur,12640.0,27740.0,2.19,17330.0,22130.0,1.28,6500.0,11050.0,1.7,2940.0,2440.0,0.83,0.0,0.0,0.0,480.0,450.0,0.94
1986-87,Manang,0.0,0.0,0.0,130.0,210.0,1.62,550.0,690.0,1.25,930.0,800.0,0.86,0.0,0.0,0.0,450.0,590.0,1.31
1986-87,Morang,73430.0,139620.0,1.9,8310.0,11820.0,1.42,13900.0,22240.0,1.6,990.0,890.0,0.9,0.0,0.0,0.0,90.0,80.0,0.89
1986-87,Mugu,950.0,1620.0,1.71,1030.0,1440.0,1.4,1180.0,1120.0,0.95,1220.0,1040.0,0.85,0.0,0.0,0.0,1040.0,950.0,0.91
1986-87,Mustang,0.0,0.0,0.0,860.0,1240.0,1.44,870.0,870.0,1.0,660.0,600.0,0.91,0.0,0.0,0.0,910.0,870.0,0.96
1986-87,Myagdi,3010.0,5100.0,1.69,5500.0,7700.0,1.4,1520.0,2270.0,1.49,3000.0,2700.0,0.9,0.0,0.0,0.0,270.0,240.0,0.89
1986-87,Nawalparasi,33200.0,76750.0,2.31,6350.0,11000.0,1.73,13010.0,20800.0,1.6,530.0,450.0,0.85,0.0,0.0,0.0,60.0,50.0,0.83
1986-87,Nuwakot,16240.0,39550.0,2.44,16570.0,20870.0,1.26,5220.0,6260.0,1.2,2440.0,2170.0,0.89,0.0,0.0,0.0,40.0,40.0,1.0
1986-87,Okhaldhunga,2950.0,4450.0,1.51,7020.0,10530.0,1.5,1400.0,1500.0,1.07,2400.0,2400.0,1.0,0.0,0.0,0.0,120.0,100.0,0.83
1986-87,Palpa,8860.0,13040.0,1.47,19700.0,21610.0,1.1,5050.0,5560.0,1.1,6000.0,5400.0,0.9,0.0,0.0,0.0,300.0,300.0,1.0
1986-87,Panchthar,10320.0,17600.0,1.71,14060.0,22500.0,1.6,3660.0,4390.0,1.2,5850.0,5260.0,0.9,0.0,0.0,0.0,510.0,430.0,0.84
1986-87,Parbat,3250.0,6200.0,1.91,4550.0,6820.0,1.5,2500.0,3000.0,1.2,3100.0,2790.0,0.9,0.0,0.0,0.0,250.0,230.0,0.92
1986-87,Parsa,45270.0,132400.0,2.92,2240.0,4630.0,2.07,12950.0,17480.0,1.35,300.0,200.0,0.67,0.0,0.0,0.0,100.0,90.0,0.9
1986-87,Pyuthan,6540.0,11770.0,1.8,9010.0,9800.0,1.09,8500.0,8500.0,1.0,2270.0,2140.0,0.94,0.0,0.0,0.0,350.0,300.0,0.86
1986-87,Ramechhap,6110.0,6980.0,1.14,15780.0,17000.0,1.08,3350.0,3700.0,1.1,2100.0,2100.0,1.0,0.0,0.0,0.0,320.0,290.0,0.91
1986-87,Rasuwa,1060.0,2290.0,2.16,2090.0,3490.0,1.67,890.0,810.0,0.91,400.0,400.0,1.0,0.0,0.0,0.0,340.0,300.0,0.88
1986-87,Rautahat,58350.0,78550.0,1.35,5880.0,8240.0,1.4,17500.0,23000.0,1.31,700.0,650.0,0.93,0.0,0.0,0.0,780.0,750.0,0.96
1986-87,Rolpa,2500.0,3500.0,1.4,8200.0,11070.0,1.35,4500.0,3600.0,0.8,780.0,780.0,1.0,0.0,0.0,0.0,1380.0,1240.0,0.9
1986-87,Rukum,2300.0,6360.0,2.77,11000.0,9900.0,0.9,3500.0,3330.0,0.95,750.0,710.0,0.95,0.0,0.0,0.0,1050.0,840.0,0.8
1986-87,Rupandehi,69000.0,123630.0,1.79,880.0,1650.0,1.88,23550.0,35320.0,1.5,200.0,180.0,0.9,0.0,0.0,0.0,30.0,30.0,1.0
1986-87,Salyan,6780.0,9560.0,1.41,13000.0,16900.0,1.3,14000.0,12600.0,0.9,4250.0,4250.0,1.0,0.0,0.0,0.0,1000.0,800.0,0.8
1986-87,Sankhuwasabha,11100.0,20500.0,1.85,9850.0,17900.0,1.82,1500.0,1810.0,1.21,2590.0,2330.0,0.9,0.0,0.0,0.0,250.0,240.0,0.96
1986-87,Saptari,65580.0,86130.0,1.31,380.0,590.0,1.55,11460.0,14890.0,1.3,390.0,390.0,1.0,0.0,0.0,0.0,80.0,70.0,0.88
1986-87,Sarlahi,50170.0,78300.0,1.56,10100.0,18930.0,1.87,12940.0,19280.0,1.49,620.0,700.0,1.13,0.0,0.0,0.0,270.0,250.0,0.93
1986-87,Sindhuli,8040.0,14220.0,1.77,11700.0,17700.0,1.51,4950.0,6430.0,1.3,1000.0,800.0,0.8,0.0,0.0,0.0,230.0,210.0,0.91
1986-87,Sindhupalchok,4350.0,7100.0,1.63,9700.0,14300.0,1.47,4500.0,4100.0,0.91,2500.0,2720.0,1.09,0.0,0.0,0.0,370.0,300.0,0.81
1986-87,Siraha,59930.0,71960.0,1.2,1920.0,2920.0,1.52,9700.0,13580.0,1.4,1130.0,1010.0,0.89,0.0,0.0,0.0,40.0,30.0,0.75
1986-87,Solukhumbu,430.0,590.0,1.37,2600.0,3910.0,1.5,450.0,490.0,1.09,910.0,900.0,0.99,0.0,0.0,0.0,550.0,490.0,0.89
1986-87,Sunsari,45200.0,95110.0,2.1,2900.0,4610.0,1.59,13760.0,20640.0,1.5,550.0,490.0,0.89,0.0,0.0,0.0,50.0,40.0,0.8
1986-87,Surkhet,9800.0,19850.0,2.03,13590.0,16350.0,1.2,15690.0,15690.0,1.0,1120.0,1090.0,0.97,0.0,0.0,0.0,1050.0,950.0,0.9
1986-87,Syangja,15300.0,29850.0,1.95,11300.0,14800.0,1.31,7000.0,9650.0,1.38,9970.0,8970.0,0.9,0.0,0.0,0.0,60.0,50.0,0.83
1986-87,Tanahu,13350.0,22770.0,1.71,21100.0,23880.0,1.13,3700.0,6060.0,1.64,6500.0,6000.0,0.92,0.0,0.0,0.0,20.0,20.0,1.0
1986-87,Taplejung,2260.0,3610.0,1.6,5670.0,7940.0,1.4,1760.0,1760.0,1.0,2020.0,2000.0,0.99,0.0,0.0,0.0,180.0,130.0,0.72
1986-87,Tehrathum,10550.0,14260.0,1.35,12000.0,17920.0,1.49,1500.0,1540.0,1.03,2980.0,2530.0,0.85,0.0,0.0,0.0,150.0,110.0,0.73
1986-87,Udayapur,11120.0,17850.0,1.61,7200.0,12670.0,1.76,3940.0,4720.0,1.2,850.0,850.0,1.0,0.0,0.0,0.0,40.0,40.0,1.0
1987-88,Achham,3650.0,6210.0,1.7,4150.0,4570.0,1.1,6500.0,5800.0,0.89,2000.0,1800.0,0.9,0.0,0.0,0.0,700.0,570.0,0.81
1987-88,Arghakhanchi,4100.0,7430.0,1.81,9950.0,11290.0,1.13,4700.0,5170.0,1.1,1200.0,1100.0,0.92,0.0,0.0,0.0,600.0,540.0,0.9
1987-88,Baglung,5050.0,10100.0,2.0,10000.0,12500.0,1.25,5870.0,7040.0,1.2,3900.0,3800.0,0.97,0.0,0.0,0.0,400.0,320.0,0.8
1987-88,Baitadi,4050.0,5670.0,1.4,3400.0,3560.0,1.05,5600.0,4760.0,0.85,1360.0,1220.0,0.9,0.0,0.0,0.0,700.0,520.0,0.74
1987-88,Bajhang,3400.0,5780.0,1.7,2000.0,2600.0,1.3,4150.0,3530.0,0.85,1200.0,1140.0,0.95,0.0,0.0,0.0,650.0,580.0,0.89
1987-88,Bajura,2500.0,4750.0,1.9,980.0,1280.0,1.31,4500.0,3600.0,0.8,2020.0,1980.0,0.98,0.0,0.0,0.0,1220.0,920.0,0.75
1987-88,Banke,28540.0,57080.0,2.0,4860.0,3610.0,0.74,14000.0,20300.0,1.45,0.0,0.0,0.0,0.0,0.0,0.0,50.0,50.0,1.0
1987-88,Bara,56980.0,179770.0,3.15,6430.0,12030.0,1.87,23280.0,41900.0,1.8,100.0,100.0,1.0,0.0,0.0,0.0,190.0,190.0,1.0
1987-88,Bardiya,33150.0,69760.0,2.1,10450.0,15740.0,1.51,10730.0,16090.0,1.5,20.0,20.0,1.0,0.0,0.0,0.0,30.0,30.0,1.0
1987-88,Bhaktapur,5190.0,26460.0,5.1,2280.0,3530.0,1.55,5720.0,10210.0,1.78,50.0,50.0,1.0,0.0,0.0,0.0,20.0,20.0,1.0
1987-88,Bhojpur,13380.0,18900.0,1.41,15040.0,21070.0,1.4,2100.0,2210.0,1.05,5200.0,4160.0,0.8,0.0,0.0,0.0,60.0,60.0,1.0
1987-88,Chitwan,28500.0,87650.0,3.08,22030.0,40850.0,1.85,8640.0,11920.0,1.38,560.0,560.0,1.0,0.0,0.0,0.0,300.0,270.0,0.9
1987-88,Dadeldhura,6350.0,9520.0,1.5,2650.0,3870.0,1.46,8210.0,6980.0,0.85,3240.0,2590.0,0.8,0.0,0.0,0.0,670.0,530.0,0.79
1987-88,Dailekh,4300.0,6020.0,1.4,8150.0,9780.0,1.2,4500.0,4050.0,0.9,2300.0,2190.0,0.95,0.0,0.0,0.0,1000.0,750.0,0.75
1987-88,Dang,34560.0,69740.0,2.02,20420.0,28720.0,1.41,18020.0,27010.0,1.5,470.0,430.0,0.91,0.0,0.0,0.0,120.0,110.0,0.92
1987-88,Darchula,1780.0,2180.0,1.22,7200.0,9360.0,1.3,6100.0,4880.0,0.8,1500.0,1200.0,0.8,0.0,0.0,0.0,920.0,750.0,0.82
1987-88,Dhading,12740.0,24870.0,1.95,15010.0,21020.0,1.4,4960.0,6790.0,1.37,3500.0,3110.0,0.89,0.0,0.0,0.0,350.0,300.0,0.86
1987-88,Dhankuta,8900.0,17590.0,1.98,18650.0,28050.0,1.5,2500.0,3250.0,1.3,7000.0,6300.0,0.9,0.0,0.0,0.0,30.0,30.0,1.0
1987-88,Dhanusa,54200.0,109050.0,2.01,2510.0,4000.0,1.59,19990.0,27390.0,1.37,700.0,630.0,0.9,0.0,0.0,0.0,410.0,330.0,0.8
1987-88,Dolakha,2390.0,4520.0,1.89,4120.0,5770.0,1.4,4550.0,4370.0,0.96,1610.0,1450.0,0.9,0.0,0.0,0.0,300.0,220.0,0.73
1987-88,Dolpa,520.0,780.0,1.5,2010.0,1800.0,0.9,810.0,810.0,1.0,1100.0,1020.0,0.93,0.0,0.0,0.0,530.0,450.0,0.85
1987-88,Doti,6500.0,9890.0,1.52,4910.0,5430.0,1.11,10390.0,9350.0,0.9,1440.0,1300.0,0.9,0.0,0.0,0.0,300.0,240.0,0.8
1987-88,Gorkha,16030.0,23510.0,1.47,17270.0,20020.0,1.16,4200.0,5080.0,1.21,6870.0,6180.0,0.9,0.0,0.0,0.0,220.0,220.0,1.0
1987-88,Gulmi,4150.0,7030.0,1.69,21470.0,22760.0,1.06,4300.0,4300.0,1.0,3700.0,3330.0,0.9,0.0,0.0,0.0,330.0,260.0,0.79
1987-88,Humla,540.0,650.0,1.2,670.0,640.0,0.96,600.0,530.0,0.88,1110.0,1000.0,0.9,0.0,0.0,0.0,320.0,260.0,0.81
1987-88,Ilam,10670.0,18440.0,1.73,15250.0,22890.0,1.5,3980.0,3990.0,1.0,3120.0,2650.0,0.85,0.0,0.0,0.0,130.0,120.0,0.92
1987-88,Jajarkot,3100.0,4490.0,1.45,8300.0,9300.0,1.12,6030.0,4800.0,0.8,2110.0,2110.0,1.0,0.0,0.0,0.0,810.0,650.0,0.8
1987-88,Jhapa,85240.0,167800.0,1.97,7620.0,8790.0,1.15,10200.0,15810.0,1.55,2350.0,1880.0,0.8,0.0,0.0,0.0,20.0,20.0,1.0
1987-88,Jumla,1550.0,3130.0,2.02,1320.0,2000.0,1.52,2110.0,1850.0,0.88,1260.0,1180.0,0.94,0.0,0.0,0.0,1870.0,1500.0,0.8
1987-88,Kailali,48200.0,86760.0,1.8,11770.0,16430.0,1.4,18890.0,20780.0,1.1,1000.0,1000.0,1.0,0.0,0.0,0.0,290.0,250.0,0.86
1987-88,Kalikot,1050.0,1680.0,1.6,1780.0,3200.0,1.8,5250.0,4570.0,0.87,1100.0,1100.0,1.0,0.0,0.0,0.0,1040.0,830.0,0.8
1987-88,Kanchanpur,35630.0,55580.0,1.56,11800.0,9630.0,0.82,11020.0,11790.0,1.07,300.0,200.0,0.67,0.0,0.0,0.0,240.0,200.0,0.83
1987-88,Kapilbastu,71150.0,135300.0,1.9,970.0,1360.0,1.4,26580.0,32430.0,1.22,100.0,90.0,0.9,0.0,0.0,0.0,160.0,140.0,0.88
1987-88,Kaski,20350.0,40880.0,2.01,15930.0,21170.0,1.33,8730.0,10480.0,1.2,9020.0,8110.0,0.9,0.0,0.0,0.0,30.0,30.0,1.0
1987-88,Kathmandu,10460.0,43410.0,4.15,8890.0,11820.0,1.33,7750.0,15040.0,1.94,600.0,570.0,0.95,0.0,0.0,0.0,10.0,10.0,1.0
1987-88,Kavre,12650.0,31470.0,2.49,22120.0,29860.0,1.35,14540.0,18900.0,1.3,1120.0,1120.0,1.0,0.0,0.0,0.0,350.0,260.0,0.74
1987-88,Khotang,13730.0,19590.0,1.43,15150.0,16690.0,1.1,9860.0,8870.0,0.9,6050.0,4230.0,0.7,0.0,0.0,0.0,150.0,140.0,0.93
1987-88,Lalitpur,4590.0,18220.0,3.97,6240.0,8920.0,1.43,5370.0,9500.0,1.77,640.0,640.0,1.0,0.0,0.0,0.0,40.0,40.0,1.0
1987-88,Lamjung,10500.0,19040.0,1.81,10050.0,13590.0,1.35,4500.0,5320.0,1.18,3050.0,2800.0,0.92,0.0,0.0,0.0,220.0,200.0,0.91
1987-88,Mahottari,46650.0,96030.0,2.06,2670.0,4430.0,1.66,16380.0,21290.0,1.3,1150.0,1000.0,0.87,0.0,0.0,0.0,290.0,200.0,0.69
1987-88,Makwanpur,12640.0,31070.0,2.46,18230.0,27910.0,1.53,6200.0,10040.0,1.62,4000.0,3400.0,0.85,0.0,0.0,0.0,250.0,210.0,0.84
1987-88,Manang,0.0,0.0,0.0,140.0,210.0,1.5,540.0,700.0,1.3,900.0,800.0,0.89,0.0,0.0,0.0,460.0,460.0,1.0
1987-88,Morang,80070.0,169440.0,2.12,6790.0,11930.0,1.76,14010.0,22820.0,1.63,1670.0,1330.0,0.8,0.0,0.0,0.0,90.0,80.0,0.89
1987-88,Mugu,1120.0,1570.0,1.4,1050.0,1070.0,1.02,1530.0,1460.0,0.95,1240.0,1150.0,0.93,0.0,0.0,0.0,1030.0,930.0,0.9
1987-88,Mustang,0.0,0.0,0.0,870.0,1310.0,1.51,990.0,990.0,1.0,640.0,600.0,0.94,0.0,0.0,0.0,1060.0,1000.0,0.94
1987-88,Myagdi,1870.0,3740.0,2.0,5450.0,6700.0,1.23,3000.0,3450.0,1.15,4250.0,4550.0,1.07,0.0,0.0,0.0,270.0,220.0,0.81
1987-88,Nawalparasi,35260.0,81810.0,2.32,3680.0,7790.0,2.12,12720.0,17810.0,1.4,500.0,500.0,1.0,0.0,0.0,0.0,80.0,60.0,0.75
1987-88,Nuwakot,16260.0,37910.0,2.33,16210.0,23780.0,1.47,5580.0,7420.0,1.33,2670.0,2670.0,1.0,0.0,0.0,0.0,70.0,60.0,0.86
1987-88,Okhaldhunga,5470.0,9370.0,1.71,7420.0,10830.0,1.46,1460.0,1460.0,1.0,2200.0,2310.0,1.05,0.0,0.0,0.0,100.0,100.0,1.0
1987-88,Palpa,8760.0,20500.0,2.34,21020.0,23220.0,1.1,5020.0,6780.0,1.35,4660.0,3730.0,0.8,0.0,0.0,0.0,370.0,370.0,1.0
1987-88,Panchthar,11700.0,20360.0,1.74,14250.0,22100.0,1.55,3550.0,3980.0,1.12,6000.0,5060.0,0.84,0.0,0.0,0.0,520.0,440.0,0.85
1987-88,Parbat,6260.0,11320.0,1.81,4600.0,6900.0,1.5,6920.0,8300.0,1.2,3120.0,2810.0,0.9,0.0,0.0,0.0,270.0,260.0,0.96
1987-88,Parsa,46320.0,136780.0,2.95,3690.0,6710.0,1.82,14540.0,17160.0,1.18,350.0,320.0,0.91,0.0,0.0,0.0,80.0,80.0,1.0
1987-88,Pyuthan,6920.0,13620.0,1.97,10500.0,13650.0,1.3,8900.0,5400.0,0.61,2280.0,2150.0,0.94,0.0,0.0,0.0,450.0,280.0,0.62
1987-88,Ramechhap,5950.0,7750.0,1.3,16000.0,14180.0,0.89,4020.0,4740.0,1.18,2100.0,2100.0,1.0,0.0,0.0,0.0,320.0,290.0,0.91
1987-88,Rasuwa,1050.0,2110.0,2.01,2090.0,3310.0,1.58,1220.0,1460.0,1.2,1000.0,900.0,0.9,0.0,0.0,0.0,330.0,260.0,0.79
1987-88,Rautahat,56000.0,103910.0,1.86,3970.0,5980.0,1.51,18990.0,26590.0,1.4,500.0,500.0,1.0,0.0,0.0,0.0,740.0,740.0,1.0
1987-88,Rolpa,4010.0,6010.0,1.5,9700.0,15520.0,1.6,7880.0,6300.0,0.8,900.0,820.0,0.91,0.0,0.0,0.0,1350.0,970.0,0.72
1987-88,Rukum,3370.0,5720.0,1.7,11500.0,13800.0,1.2,8560.0,7700.0,0.9,610.0,550.0,0.9,0.0,0.0,0.0,1080.0,860.0,0.8
1987-88,Rupandehi,69100.0,158410.0,2.29,800.0,1580.0,1.98,23480.0,28170.0,1.2,150.0,140.0,0.93,0.0,0.0,0.0,40.0,30.0,0.75
1987-88,Salyan,6770.0,11510.0,1.7,20790.0,21830.0,1.05,14500.0,12330.0,0.85,3500.0,3400.0,0.97,0.0,0.0,0.0,1200.0,960.0,0.8
1987-88,Sankhuwasabha,11630.0,23530.0,2.02,9930.0,15200.0,1.53,1520.0,2010.0,1.32,2980.0,2680.0,0.9,0.0,0.0,0.0,240.0,240.0,1.0
1987-88,Saptari,68820.0,134120.0,1.95,540.0,980.0,1.81,12700.0,17680.0,1.39,220.0,220.0,1.0,0.0,0.0,0.0,80.0,60.0,0.75
1987-88,Sarlahi,52580.0,107410.0,2.04,9810.0,16460.0,1.68,13200.0,19010.0,1.44,770.0,690.0,0.9,0.0,0.0,0.0,200.0,160.0,0.8
1987-88,Sindhuli,7810.0,15150.0,1.94,10370.0,12700.0,1.22,4500.0,5990.0,1.33,2150.0,2150.0,1.0,0.0,0.0,0.0,200.0,200.0,1.0
1987-88,Sindhupalchok,5100.0,10010.0,1.96,10000.0,12000.0,1.2,4400.0,5820.0,1.32,2550.0,2550.0,1.0,0.0,0.0,0.0,360.0,320.0,0.89
1987-88,Siraha,64590.0,128840.0,1.99,2730.0,4390.0,1.61,14110.0,19750.0,1.4,1650.0,2010.0,1.22,0.0,0.0,0.0,30.0,20.0,0.67
1987-88,Solukhumbu,570.0,830.0,1.46,3530.0,5390.0,1.53,550.0,550.0,1.0,1170.0,1170.0,1.0,0.0,0.0,0.0,610.0,520.0,0.85
1987-88,Sunsari,54360.0,113850.0,2.09,3950.0,6300.0,1.59,11800.0,18050.0,1.53,780.0,780.0,1.0,0.0,0.0,0.0,40.0,30.0,0.75
1987-88,Surkhet,9100.0,14930.0,1.64,13390.0,13730.0,1.03,15700.0,15120.0,0.96,1670.0,1440.0,0.86,0.0,0.0,0.0,700.0,600.0,0.86
1987-88,Syangja,15350.0,31370.0,2.04,24350.0,32030.0,1.32,8300.0,10800.0,1.3,9990.0,9990.0,1.0,0.0,0.0,0.0,50.0,50.0,1.0
1987-88,Tanahu,13690.0,23310.0,1.7,21100.0,29330.0,1.39,3400.0,4940.0,1.45,6480.0,5830.0,0.9,0.0,0.0,0.0,30.0,30.0,1.0
1987-88,Taplejung,2300.0,3780.0,1.64,5690.0,7170.0,1.26,1790.0,1610.0,0.9,2130.0,1920.0,0.9,0.0,0.0,0.0,190.0,140.0,0.74
1987-88,Tehrathum,10590.0,15940.0,1.51,13000.0,14860.0,1.14,1560.0,1620.0,1.04,3000.0,2700.0,0.9,0.0,0.0,0.0,120.0,120.0,1.0
1987-88,Udayapur,10930.0,19070.0,1.74,10200.0,16720.0,1.64,3500.0,3850.0,1.1,870.0,870.0,1.0,0.0,0.0,0.0,30.0,30.0,1.0
1988-89,Achham,3470.0,5550.0,1.6,4200.0,5040.0,1.2,6410.0,6020.0,0.94,1560.0,1480.0,0.95,0.0,0.0,0.0,720.0,570.0,0.79
1988-89,Arghakhanchi,4550.0,8660.0,1.9,9370.0,11990.0,1.28,4930.0,4910.0,1.0,1260.0,1160.0,0.92,0.0,0.0,0.0,500.0,470.0,0.94
1988-89,Baglung,5010.0,10180.0,2.03,10050.0,15660.0,1.56,6180.0,6960.0,1.13,3950.0,4350.0,1.1,0.0,0.0,0.0,410.0,360.0,0.88
1988-89,Baitadi,4200.0,6300.0,1.5,3450.0,4660.0,1.35,7000.0,5130.0,0.73,1000.0,950.0,0.95,0.0,0.0,0.0,700.0,580.0,0.83
1988-89,Bajhang,3550.0,6490.0,1.83,2110.0,2740.0,1.3,5460.0,4680.0,0.86,1100.0,990.0,0.9,0.0,0.0,0.0,720.0,560.0,0.78
1988-89,Bajura,2810.0,5200.0,1.85,1050.0,1360.0,1.3,4530.0,4110.0,0.91,2050.0,1850.0,0.9,0.0,0.0,0.0,940.0,810.0,0.86
1988-89,Banke,32200.0,70840.0,2.2,9550.0,11070.0,1.16,13510.0,20280.0,1.5,0.0,0.0,0.0,0.0,0.0,0.0,60.0,40.0,0.67
1988-89,Bara,61180.0,188910.0,3.09,8040.0,18800.0,2.34,23210.0,42300.0,1.82,110.0,110.0,1.0,0.0,0.0,0.0,100.0,100.0,1.0
1988-89,Bardiya,33150.0,76180.0,2.3,8960.0,13900.0,1.55,15450.0,24130.0,1.56,0.0,0.0,0.0,0.0,0.0,0.0,90.0,90.0,1.0
1988-89,Bhaktapur,5070.0,29410.0,5.8,2050.0,3560.0,1.74,4580.0,7420.0,1.62,60.0,90.0,1.5,0.0,0.0,0.0,30.0,20.0,0.67
1988-89,Bhojpur,13770.0,25040.0,1.82,16430.0,23350.0,1.42,2110.0,2540.0,1.2,4960.0,4950.0,1.0,0.0,0.0,0.0,80.0,40.0,0.5
1988-89,Chitwan,27830.0,75140.0,2.7,22400.0,40190.0,1.79,7010.0,12910.0,1.84,810.0,890.0,1.1,0.0,0.0,0.0,480.0,480.0,1.0
1988-89,Dadeldhura,6500.0,12350.0,1.9,2610.0,3930.0,1.51,8230.0,9840.0,1.2,3260.0,3280.0,1.01,0.0,0.0,0.0,670.0,580.0,0.87
1988-89,Dailekh,5000.0,8500.0,1.7,9150.0,12810.0,1.4,6200.0,5890.0,0.95,2400.0,2410.0,1.0,0.0,0.0,0.0,810.0,720.0,0.89
1988-89,Dang,36450.0,83830.0,2.3,20350.0,35600.0,1.75,18100.0,28210.0,1.56,400.0,440.0,1.1,0.0,0.0,0.0,150.0,120.0,0.8
1988-89,Darchula,1800.0,2810.0,1.56,6500.0,9750.0,1.5,7310.0,6750.0,0.92,800.0,710.0,0.89,0.0,0.0,0.0,900.0,830.0,0.92
1988-89,Dhading,12700.0,27740.0,2.18,15000.0,23090.0,1.54,4780.0,6800.0,1.42,3600.0,4320.0,1.2,0.0,0.0,0.0,350.0,300.0,0.86
1988-89,Dhankuta,9800.0,20600.0,2.1,19230.0,27560.0,1.43,2750.0,3120.0,1.13,7000.0,7000.0,1.0,0.0,0.0,0.0,40.0,40.0,1.0
1988-89,Dhanusa,54170.0,119780.0,2.21,2210.0,4570.0,2.07,20510.0,33080.0,1.61,800.0,820.0,1.02,0.0,0.0,0.0,310.0,290.0,0.94
1988-89,Dolakha,2400.0,4590.0,1.91,4210.0,5890.0,1.4,4410.0,3820.0,0.87,740.0,700.0,0.95,0.0,0.0,0.0,300.0,270.0,0.9
1988-89,Dolpa,530.0,790.0,1.49,1980.0,1980.0,1.0,590.0,600.0,1.02,1120.0,1010.0,0.9,0.0,0.0,0.0,580.0,540.0,0.93
1988-89,Doti,6530.0,11140.0,1.71,4200.0,6300.0,1.5,10150.0,10950.0,1.08,1560.0,1610.0,1.03,0.0,0.0,0.0,350.0,310.0,0.89
1988-89,Gorkha,16020.0,29170.0,1.82,18050.0,30720.0,1.7,4110.0,5460.0,1.33,6250.0,6330.0,1.01,0.0,0.0,0.0,220.0,220.0,1.0
1988-89,Gulmi,10110.0,18740.0,1.85,21500.0,27850.0,1.3,4310.0,3990.0,0.93,3850.0,3570.0,0.93,0.0,0.0,0.0,380.0,340.0,0.89
1988-89,Humla,550.0,880.0,1.6,190.0,210.0,1.11,620.0,500.0,0.81,1100.0,1000.0,0.91,0.0,0.0,0.0,810.0,800.0,0.99
1988-89,Ilam,10700.0,21420.0,2.0,15200.0,20240.0,1.33,4130.0,5990.0,1.45,3000.0,3020.0,1.01,0.0,0.0,0.0,130.0,120.0,0.92
1988-89,Jajarkot,3390.0,5420.0,1.6,8850.0,9660.0,1.09,5900.0,5440.0,0.92,2200.0,2350.0,1.07,0.0,0.0,0.0,800.0,750.0,0.94
1988-89,Jhapa,86890.0,216770.0,2.49,10820.0,16000.0,1.48,8250.0,14230.0,1.72,1260.0,1260.0,1.0,0.0,0.0,0.0,20.0,10.0,0.5
1988-89,Jumla,1550.0,2480.0,1.6,1350.0,1760.0,1.3,1780.0,2710.0,1.52,1270.0,1190.0,0.94,0.0,0.0,0.0,1500.0,1460.0,0.97
1988-89,Kailali,50200.0,110440.0,2.2,11650.0,16550.0,1.42,17070.0,29210.0,1.71,1100.0,1100.0,1.0,0.0,0.0,0.0,120.0,120.0,1.0
1988-89,Kalikot,1070.0,1760.0,1.64,1140.0,1260.0,1.11,5150.0,4400.0,0.85,1110.0,1050.0,0.95,0.0,0.0,0.0,800.0,750.0,0.94
1988-89,Kanchanpur,35650.0,85560.0,2.4,12000.0,18310.0,1.53,12080.0,17400.0,1.44,310.0,280.0,0.9,0.0,0.0,0.0,280.0,290.0,1.04
1988-89,Kapilbastu,71020.0,140450.0,1.98,550.0,970.0,1.76,21680.0,30150.0,1.39,100.0,90.0,0.9,0.0,0.0,0.0,130.0,150.0,1.15
1988-89,Kaski,18590.0,41010.0,2.21,15550.0,22260.0,1.43,6900.0,9660.0,1.4,10370.0,11410.0,1.1,0.0,0.0,0.0,90.0,100.0,1.11
1988-89,Kathmandu,10260.0,49250.0,4.8,8740.0,14460.0,1.65,7230.0,12410.0,1.72,1000.0,1450.0,1.45,0.0,0.0,0.0,20.0,10.0,0.5
1988-89,Kavre,10700.0,37450.0,3.5,22100.0,33500.0,1.52,13500.0,20580.0,1.52,1000.0,1500.0,1.5,0.0,0.0,0.0,310.0,300.0,0.97
1988-89,Khotang,14000.0,23720.0,1.69,15000.0,18320.0,1.22,9760.0,10870.0,1.11,6080.0,5470.0,0.9,0.0,0.0,0.0,190.0,180.0,0.95
1988-89,Lalitpur,4450.0,19580.0,4.4,6310.0,10380.0,1.65,4800.0,9010.0,1.88,1200.0,1800.0,1.5,0.0,0.0,0.0,30.0,40.0,1.33
1988-89,Lamjung,11000.0,23150.0,2.1,16000.0,24500.0,1.53,4160.0,5660.0,1.36,8500.0,7820.0,0.92,0.0,0.0,0.0,200.0,210.0,1.05
1988-89,Mahottari,50330.0,111350.0,2.21,2700.0,5220.0,1.93,16870.0,27260.0,1.62,1200.0,1190.0,0.99,0.0,0.0,0.0,270.0,190.0,0.7
1988-89,Makwanpur,12630.0,31620.0,2.5,18280.0,28640.0,1.57,5800.0,9000.0,1.55,3600.0,4800.0,1.33,0.0,0.0,0.0,200.0,240.0,1.2
1988-89,Manang,0.0,0.0,0.0,500.0,570.0,1.14,430.0,760.0,1.77,910.0,820.0,0.9,0.0,0.0,0.0,580.0,600.0,1.03
1988-89,Morang,80400.0,191600.0,2.38,9000.0,13500.0,1.5,13330.0,23960.0,1.8,1100.0,1110.0,1.01,0.0,0.0,0.0,100.0,90.0,0.9
1988-89,Mugu,1120.0,1680.0,1.5,1020.0,1020.0,1.0,1250.0,1390.0,1.11,670.0,600.0,0.9,0.0,0.0,0.0,1020.0,920.0,0.9
1988-89,Mustang,0.0,0.0,0.0,480.0,480.0,1.0,910.0,990.0,1.09,660.0,590.0,0.89,0.0,0.0,0.0,1030.0,990.0,0.96
1988-89,Myagdi,1400.0,2520.0,1.8,6500.0,8830.0,1.36,3180.0,3380.0,1.06,4250.0,4670.0,1.1,0.0,0.0,0.0,300.0,270.0,0.9
1988-89,Nawalparasi,35030.0,81370.0,2.32,4060.0,8380.0,2.06,14140.0,22470.0,1.59,500.0,500.0,1.0,0.0,0.0,0.0,80.0,100.0,1.25
1988-89,Nuwakot,16380.0,39840.0,2.43,19040.0,28180.0,1.48,5570.0,7490.0,1.34,2700.0,2750.0,1.02,0.0,0.0,0.0,70.0,60.0,0.86
1988-89,Okhaldhunga,5480.0,9430.0,1.72,9100.0,12740.0,1.4,1500.0,1700.0,1.13,2500.0,2400.0,0.96,0.0,0.0,0.0,110.0,100.0,0.91
1988-89,Palpa,8780.0,20190.0,2.3,19950.0,28030.0,1.41,5400.0,6700.0,1.24,4600.0,4600.0,1.0,0.0,0.0,0.0,350.0,340.0,0.97
1988-89,Panchthar,11710.0,20730.0,1.77,16000.0,24640.0,1.54,3980.0,4000.0,1.01,6100.0,5150.0,0.84,0.0,0.0,0.0,510.0,400.0,0.78
1988-89,Parbat,6330.0,12690.0,2.0,7500.0,11850.0,1.58,5620.0,8160.0,1.45,3560.0,3200.0,0.9,0.0,0.0,0.0,330.0,250.0,0.76
1988-89,Parsa,45960.0,135020.0,2.94,4480.0,9510.0,2.12,16650.0,28800.0,1.73,300.0,300.0,1.0,0.0,0.0,0.0,90.0,60.0,0.67
1988-89,Pyuthan,7100.0,13920.0,1.96,10550.0,13950.0,1.32,8680.0,10080.0,1.16,2280.0,2180.0,0.96,0.0,0.0,0.0,570.0,400.0,0.7
1988-89,Ramechhap,5990.0,10180.0,1.7,17280.0,25660.0,1.48,3700.0,3780.0,1.02,2150.0,2180.0,1.01,0.0,0.0,0.0,330.0,290.0,0.88
1988-89,Rasuwa,1140.0,2180.0,1.91,2390.0,3580.0,1.5,890.0,900.0,1.01,1300.0,1290.0,0.99,0.0,0.0,0.0,330.0,270.0,0.82
1988-89,Rautahat,54990.0,110190.0,2.0,2700.0,5240.0,1.94,18780.0,27780.0,1.48,510.0,520.0,1.02,0.0,0.0,0.0,720.0,700.0,0.97
1988-89,Rolpa,5000.0,9000.0,1.8,8200.0,11480.0,1.4,8130.0,8100.0,1.0,850.0,820.0,0.96,0.0,0.0,0.0,1670.0,1530.0,0.92
1988-89,Rukum,3600.0,6480.0,1.8,21530.0,27990.0,1.3,10050.0,9470.0,0.94,610.0,550.0,0.9,0.0,0.0,0.0,1030.0,1000.0,0.97
1988-89,Rupandehi,69050.0,158850.0,2.3,850.0,1620.0,1.91,20310.0,33110.0,1.63,100.0,90.0,0.9,0.0,0.0,0.0,30.0,30.0,1.0
1988-89,Salyan,6980.0,13420.0,1.92,20800.0,24960.0,1.2,14890.0,14600.0,0.98,3550.0,3500.0,0.99,0.0,0.0,0.0,1380.0,1260.0,0.91
1988-89,Sankhuwasabha,13440.0,29110.0,2.17,9600.0,14730.0,1.53,1590.0,2300.0,1.45,3000.0,3000.0,1.0,0.0,0.0,0.0,230.0,240.0,1.04
1988-89,Saptari,68100.0,116370.0,1.71,580.0,980.0,1.69,11920.0,17100.0,1.43,330.0,330.0,1.0,0.0,0.0,0.0,80.0,70.0,0.88
1988-89,Sarlahi,53070.0,123150.0,2.32,8990.0,15980.0,1.78,14400.0,22270.0,1.55,680.0,820.0,1.21,0.0,0.0,0.0,200.0,180.0,0.9
1988-89,Sindhuli,6300.0,12720.0,2.02,10000.0,14240.0,1.42,4250.0,5880.0,1.38,2160.0,2180.0,1.01,0.0,0.0,0.0,210.0,200.0,0.95
1988-89,Sindhupalchok,5170.0,10610.0,2.05,10040.0,15060.0,1.5,4360.0,6020.0,1.38,2600.0,2860.0,1.1,0.0,0.0,0.0,310.0,340.0,1.1
1988-89,Siraha,64330.0,118300.0,1.84,2760.0,4320.0,1.57,13150.0,20250.0,1.54,1540.0,1540.0,1.0,0.0,0.0,0.0,30.0,20.0,0.67
1988-89,Solukhumbu,720.0,1080.0,1.5,4050.0,6150.0,1.52,1150.0,1280.0,1.11,1180.0,1180.0,1.0,0.0,0.0,0.0,560.0,520.0,0.93
1988-89,Sunsari,56380.0,130540.0,2.32,5000.0,8320.0,1.66,11840.0,18950.0,1.6,580.0,580.0,1.0,0.0,0.0,0.0,50.0,40.0,0.8
1988-89,Surkhet,9250.0,17440.0,1.89,14520.0,21050.0,1.45,16630.0,19950.0,1.2,1670.0,1440.0,0.86,0.0,0.0,0.0,990.0,950.0,0.96
1988-89,Syangja,16700.0,34480.0,2.06,34200.0,47420.0,1.39,8240.0,11480.0,1.39,22500.0,22030.0,0.98,0.0,0.0,0.0,70.0,40.0,0.57
1988-89,Tanahu,14750.0,32950.0,2.23,19980.0,32880.0,1.65,3580.0,4890.0,1.37,7500.0,7120.0,0.95,0.0,0.0,0.0,80.0,50.0,0.62
1988-89,Taplejung,2350.0,4280.0,1.82,5580.0,6860.0,1.23,1780.0,1930.0,1.08,2700.0,2780.0,1.03,0.0,0.0,0.0,220.0,160.0,0.73
1988-89,Tehrathum,10460.0,20930.0,2.0,16060.0,21370.0,1.33,1500.0,1540.0,1.03,3000.0,2700.0,0.9,0.0,0.0,0.0,120.0,110.0,0.92
1988-89,Udayapur,11230.0,21710.0,1.93,9500.0,15430.0,1.62,3450.0,4210.0,1.22,880.0,910.0,1.03,0.0,0.0,0.0,40.0,40.0,1.0
1990-91,Achham,5290.0,10900.0,2.06,5140.0,7510.0,1.46,6450.0,6500.0,1.01,1700.0,2100.0,1.24,0.0,0.0,0.0,700.0,660.0,0.94
1990-91,Arghakhanchi,4820.0,9670.0,2.01,14500.0,23200.0,1.6,4900.0,5420.0,1.11,1730.0,2180.0,1.26,0.0,0.0,0.0,480.0,480.0,1.0
1990-91,Baglung,5190.0,12060.0,2.32,14810.0,20070.0,1.36,6200.0,7400.0,1.19,4140.0,4950.0,1.2,0.0,0.0,0.0,420.0,370.0,0.88
1990-91,Baitadi,5000.0,9000.0,1.8,7620.0,11430.0,1.5,7110.0,7000.0,0.98,1360.0,1560.0,1.15,0.0,0.0,0.0,710.0,600.0,0.85
1990-91,Bajhang,3800.0,7880.0,2.07,2490.0,3410.0,1.37,5400.0,5050.0,0.94,1210.0,1530.0,1.26,0.0,0.0,0.0,700.0,600.0,0.86
1990-91,Bajura,2630.0,5010.0,1.9,780.0,1120.0,1.44,4510.0,4390.0,0.97,2000.0,2390.0,1.2,0.0,0.0,0.0,930.0,810.0,0.87
1990-91,Banke,32250.0,81400.0,2.52,10030.0,17410.0,1.74,8780.0,20260.0,2.31,0.0,0.0,0.0,0.0,0.0,0.0,40.0,60.0,1.5
1990-91,Bara,60220.0,181560.0,3.01,6450.0,18320.0,2.84,22170.0,42700.0,1.93,180.0,200.0,1.11,0.0,0.0,0.0,110.0,100.0,0.91
1990-91,Bardiya,32150.0,80400.0,2.5,9760.0,17560.0,1.8,14680.0,24100.0,1.64,0.0,0.0,0.0,0.0,0.0,0.0,100.0,90.0,0.9
1990-91,Bhaktapur,4770.0,31480.0,6.6,2130.0,6390.0,3.0,4500.0,7530.0,1.67,100.0,140.0,1.4,0.0,0.0,0.0,40.0,30.0,0.75
1990-91,Bhojpur,12820.0,28590.0,2.23,16030.0,24410.0,1.52,2100.0,2290.0,1.09,5000.0,5910.0,1.18,0.0,0.0,0.0,90.0,70.0,0.78
1990-91,Chitwan,28000.0,92300.0,3.3,22100.0,46610.0,2.11,6930.0,11640.0,1.68,700.0,810.0,1.16,0.0,0.0,0.0,460.0,440.0,0.96
1990-91,Dadeldhura,6500.0,13000.0,2.0,2530.0,4500.0,1.78,8300.0,8300.0,1.0,3150.0,3780.0,1.2,0.0,0.0,0.0,650.0,600.0,0.92
1990-91,Dailekh,5000.0,9000.0,1.8,10140.0,14310.0,1.41,6220.0,6300.0,1.01,2600.0,3250.0,1.25,0.0,0.0,0.0,800.0,750.0,0.94
1990-91,Dang,36550.0,92630.0,2.53,20500.0,39040.0,1.9,17500.0,29090.0,1.66,400.0,440.0,1.1,0.0,0.0,0.0,160.0,150.0,0.94
1990-91,Darchula,1650.0,3100.0,1.88,6070.0,8500.0,1.4,7280.0,7090.0,0.97,1500.0,1860.0,1.24,0.0,0.0,0.0,910.0,810.0,0.89
1990-91,Dhading,13100.0,29960.0,2.29,16420.0,26820.0,1.63,4800.0,7170.0,1.49,4000.0,4800.0,1.2,0.0,0.0,0.0,330.0,330.0,1.0
1990-91,Dhankuta,9250.0,22280.0,2.41,19090.0,30410.0,1.59,2730.0,3910.0,1.43,7000.0,7030.0,1.0,0.0,0.0,0.0,40.0,50.0,1.25
1990-91,Dhanusa,53580.0,122370.0,2.28,2730.0,5220.0,1.91,19100.0,34460.0,1.8,900.0,900.0,1.0,0.0,0.0,0.0,300.0,290.0,0.97
1990-91,Dolakha,2110.0,5060.0,2.4,4550.0,8190.0,1.8,4400.0,4520.0,1.03,1440.0,1800.0,1.25,0.0,0.0,0.0,310.0,270.0,0.87
1990-91,Dolpa,520.0,780.0,1.5,2010.0,2730.0,1.36,570.0,610.0,1.07,300.0,350.0,1.17,0.0,0.0,0.0,590.0,570.0,0.97
1990-91,Doti,6730.0,11510.0,1.71,4200.0,6550.0,1.56,10100.0,11160.0,1.1,1940.0,2410.0,1.24,0.0,0.0,0.0,330.0,320.0,0.97
1990-91,Gorkha,16820.0,35210.0,2.09,19340.0,29460.0,1.52,4130.0,5370.0,1.3,12950.0,15780.0,1.22,0.0,0.0,0.0,210.0,230.0,1.1
1990-91,Gulmi,10420.0,19340.0,1.86,21750.0,32530.0,1.5,4280.0,4850.0,1.13,2750.0,3500.0,1.27,0.0,0.0,0.0,360.0,370.0,1.03
1990-91,Humla,520.0,830.0,1.6,50.0,80.0,1.6,610.0,630.0,1.03,1110.0,1220.0,1.1,0.0,0.0,0.0,820.0,780.0,0.95
1990-91,Ilam,11640.0,23520.0,2.02,15240.0,26660.0,1.75,4140.0,5620.0,1.36,3260.0,3560.0,1.09,0.0,0.0,0.0,120.0,120.0,1.0
1990-91,Jajarkot,3520.0,6290.0,1.79,8850.0,12900.0,1.46,5880.0,6000.0,1.02,2100.0,2560.0,1.22,0.0,0.0,0.0,780.0,770.0,0.99
1990-91,Jhapa,88550.0,206900.0,2.34,10500.0,13330.0,1.27,8110.0,13950.0,1.72,2000.0,2150.0,1.08,0.0,0.0,0.0,30.0,20.0,0.67
1990-91,Jumla,1300.0,2400.0,1.85,1260.0,1760.0,1.4,1800.0,2030.0,1.13,1360.0,1450.0,1.07,0.0,0.0,0.0,1510.0,1480.0,0.98
1990-91,Kailali,50300.0,126860.0,2.52,11870.0,18030.0,1.52,17100.0,23210.0,1.36,600.0,600.0,1.0,0.0,0.0,0.0,110.0,120.0,1.09
1990-91,Kalikot,1120.0,2020.0,1.8,1780.0,2670.0,1.5,5010.0,5070.0,1.01,1100.0,1230.0,1.12,0.0,0.0,0.0,810.0,780.0,0.96
1990-91,Kanchanpur,43700.0,100510.0,2.3,11760.0,16130.0,1.37,12100.0,17640.0,1.46,210.0,220.0,1.05,0.0,0.0,0.0,270.0,280.0,1.04
1990-91,Kapilbastu,70710.0,171600.0,2.43,870.0,1860.0,2.14,15870.0,33600.0,2.12,120.0,130.0,1.08,0.0,0.0,0.0,120.0,130.0,1.08
1990-91,Kaski,18040.0,41180.0,2.28,15450.0,24010.0,1.55,6530.0,9620.0,1.47,10100.0,11450.0,1.13,0.0,0.0,0.0,100.0,90.0,0.9
1990-91,Kathmandu,9830.0,46990.0,4.78,5020.0,14060.0,2.8,7200.0,12150.0,1.69,1000.0,1470.0,1.47,0.0,0.0,0.0,30.0,20.0,0.67
1990-91,Kavre,10640.0,44950.0,4.22,22200.0,45150.0,2.03,12350.0,18360.0,1.49,1000.0,1460.0,1.46,0.0,0.0,0.0,320.0,300.0,0.94
1990-91,Khotang,12660.0,22450.0,1.77,14840.0,17830.0,1.2,9740.0,10870.0,1.12,4200.0,4250.0,1.01,0.0,0.0,0.0,200.0,180.0,0.9
1990-91,Lalitpur,4200.0,19740.0,4.7,5400.0,13500.0,2.5,4780.0,8200.0,1.72,1250.0,1860.0,1.49,0.0,0.0,0.0,40.0,30.0,0.75
1990-91,Lamjung,12010.0,24660.0,2.05,10380.0,18120.0,1.75,4110.0,5670.0,1.38,4800.0,6150.0,1.28,0.0,0.0,0.0,220.0,210.0,0.95
1990-91,Mahottari,48490.0,111220.0,2.29,3080.0,6460.0,2.1,16280.0,28680.0,1.76,1830.0,1960.0,1.07,0.0,0.0,0.0,280.0,250.0,0.89
1990-91,Makwanpur,12950.0,33940.0,2.62,19310.0,33040.0,1.71,5710.0,9740.0,1.71,4200.0,5580.0,1.33,0.0,0.0,0.0,210.0,180.0,0.86
1990-91,Manang,0.0,0.0,0.0,130.0,210.0,1.62,450.0,520.0,1.16,0.0,0.0,0.0,0.0,0.0,0.0,590.0,550.0,0.93
1990-91,Morang,84400.0,200980.0,2.38,12350.0,21250.0,1.72,13400.0,21990.0,1.64,1000.0,1090.0,1.09,0.0,0.0,0.0,110.0,100.0,0.91
1990-91,Mugu,1150.0,1840.0,1.6,1630.0,2260.0,1.39,1240.0,1370.0,1.1,670.0,750.0,1.12,0.0,0.0,0.0,1000.0,980.0,0.98
1990-91,Mustang,0.0,0.0,0.0,970.0,1480.0,1.53,920.0,1000.0,1.09,0.0,0.0,0.0,0.0,0.0,0.0,1040.0,990.0,0.95
1990-91,Myagdi,1280.0,2820.0,2.2,6450.0,9040.0,1.4,3220.0,3870.0,1.2,4450.0,4650.0,1.04,0.0,0.0,0.0,320.0,270.0,0.84
1990-91,Nawalparasi,34660.0,92610.0,2.67,7540.0,13410.0,1.78,13920.0,23150.0,1.66,510.0,520.0,1.02,0.0,0.0,0.0,70.0,80.0,1.14
1990-91,Nuwakot,17010.0,43170.0,2.54,19780.0,29670.0,1.5,5550.0,8690.0,1.57,4140.0,4970.0,1.2,0.0,0.0,0.0,80.0,70.0,0.88
1990-91,Okhaldhunga,5470.0,9710.0,1.78,8950.0,11750.0,1.31,1580.0,1640.0,1.04,2500.0,2970.0,1.19,0.0,0.0,0.0,130.0,100.0,0.77
1990-91,Palpa,7610.0,18390.0,2.42,18810.0,25420.0,1.35,5440.0,7680.0,1.41,3150.0,3750.0,1.19,0.0,0.0,0.0,340.0,330.0,0.97
1990-91,Panchthar,9690.0,19530.0,2.02,15170.0,22130.0,1.46,4030.0,4020.0,1.0,6200.0,6600.0,1.06,0.0,0.0,0.0,500.0,430.0,0.86
1990-91,Parbat,6210.0,11530.0,1.86,11500.0,18740.0,1.63,5530.0,7310.0,1.32,9000.0,10500.0,1.17,0.0,0.0,0.0,310.0,320.0,1.03
1990-91,Parsa,45600.0,133970.0,2.94,4690.0,10650.0,2.27,16550.0,27300.0,1.65,290.0,290.0,1.0,0.0,0.0,0.0,80.0,90.0,1.12
1990-91,Pyuthan,6120.0,11920.0,1.95,10530.0,15700.0,1.49,8610.0,8850.0,1.03,2300.0,2740.0,1.19,0.0,0.0,0.0,580.0,550.0,0.95
1990-91,Ramechhap,4930.0,8920.0,1.81,16900.0,23960.0,1.42,3640.0,4070.0,1.12,2250.0,2600.0,1.16,0.0,0.0,0.0,340.0,300.0,0.88
1990-91,Rasuwa,1070.0,2280.0,2.13,2330.0,3560.0,1.53,980.0,950.0,0.97,1300.0,1350.0,1.04,0.0,0.0,0.0,320.0,300.0,0.94
1990-91,Rautahat,52440.0,95700.0,1.82,4910.0,9980.0,2.03,28530.0,28730.0,1.01,510.0,610.0,1.2,0.0,0.0,0.0,710.0,700.0,0.99
1990-91,Rolpa,4710.0,8710.0,1.85,10750.0,16220.0,1.51,8100.0,8150.0,1.01,1200.0,1480.0,1.23,0.0,0.0,0.0,1680.0,1500.0,0.89
1990-91,Rukum,4740.0,9480.0,2.0,18950.0,30620.0,1.62,10020.0,10050.0,1.0,1250.0,1450.0,1.16,0.0,0.0,0.0,1020.0,1010.0,0.99
1990-91,Rupandehi,69230.0,159250.0,2.3,1520.0,2620.0,1.72,17500.0,30870.0,1.76,90.0,100.0,1.11,0.0,0.0,0.0,20.0,30.0,1.5
1990-91,Salyan,6050.0,11900.0,1.97,21700.0,30940.0,1.43,14570.0,15000.0,1.03,3500.0,4110.0,1.17,0.0,0.0,0.0,1400.0,1280.0,0.91
1990-91,Sankhuwasabha,11620.0,28560.0,2.46,9970.0,15410.0,1.55,1610.0,2160.0,1.34,6880.0,6810.0,0.99,0.0,0.0,0.0,250.0,220.0,0.88
1990-91,Saptari,66300.0,146200.0,2.21,950.0,1750.0,1.84,11480.0,18950.0,1.65,350.0,350.0,1.0,0.0,0.0,0.0,60.0,80.0,1.33
1990-91,Sarlahi,48650.0,120430.0,2.48,10190.0,19120.0,1.88,14310.0,22750.0,1.59,620.0,680.0,1.1,0.0,0.0,0.0,210.0,190.0,0.9
1990-91,Sindhuli,10820.0,28190.0,2.61,17000.0,26410.0,1.55,4290.0,6330.0,1.48,3300.0,4130.0,1.25,0.0,0.0,0.0,230.0,200.0,0.87
1990-91,Sindhupalchok,5230.0,11480.0,2.2,10200.0,17320.0,1.7,4300.0,6100.0,1.42,2600.0,3250.0,1.25,0.0,0.0,0.0,320.0,280.0,0.88
1990-91,Siraha,65780.0,135310.0,2.06,2810.0,5560.0,1.98,13000.0,17890.0,1.38,1500.0,1850.0,1.23,0.0,0.0,0.0,40.0,30.0,0.75
1990-91,Solukhumbu,700.0,1050.0,1.5,5110.0,7190.0,1.41,1200.0,1250.0,1.04,1210.0,1240.0,1.02,0.0,0.0,0.0,580.0,540.0,0.93
1990-91,Sunsari,57600.0,142600.0,2.48,7230.0,12050.0,1.67,11870.0,19060.0,1.61,900.0,1030.0,1.14,0.0,0.0,0.0,60.0,50.0,0.83
1990-91,Surkhet,9020.0,17260.0,1.91,14550.0,23270.0,1.6,16600.0,22120.0,1.33,1600.0,2010.0,1.26,0.0,0.0,0.0,970.0,980.0,1.01
1990-91,Syangja,15650.0,33270.0,2.13,34230.0,49580.0,1.45,8020.0,11780.0,1.47,24010.0,28330.0,1.18,0.0,0.0,0.0,80.0,70.0,0.88
1990-91,Tanahu,14200.0,34430.0,2.42,20030.0,36040.0,1.8,3560.0,5360.0,1.51,7500.0,9280.0,1.24,0.0,0.0,0.0,70.0,80.0,1.14
1990-91,Taplejung,6480.0,11870.0,1.83,9220.0,12410.0,1.35,1820.0,2130.0,1.17,2400.0,2520.0,1.05,0.0,0.0,0.0,230.0,190.0,0.83
1990-91,Tehrathum,8350.0,18440.0,2.21,12070.0,17790.0,1.47,1480.0,1510.0,1.02,3000.0,3310.0,1.1,0.0,0.0,0.0,120.0,120.0,1.0
1990-91,Udayapur,13050.0,29810.0,2.28,9560.0,16150.0,1.69,3480.0,5220.0,1.5,1100.0,1340.0,1.22,0.0,0.0,0.0,60.0,40.0,0.67
1991-92,Achham,6750.0,14180.0,2.1,5200.0,7510.0,1.44,6460.0,6400.0,0.99,1700.0,2110.0,1.24,0.0,0.0,0.0,710.0,650.0,0.92
1991-92,Arghakhanchi,4810.0,9270.0,1.93,14510.0,23210.0,1.6,4910.0,5100.0,1.04,1720.0,2160.0,1.26,0.0,0.0,0.0,500.0,450.0,0.9
1991-92,Baglung,4960.0,11250.0,2.27,14710.0,20000.0,1.36,6210.0,7380.0,1.19,4130.0,4930.0,1.19,0.0,0.0,0.0,430.0,380.0,0.88
1991-92,Baitadi,5000.0,8500.0,1.7,7620.0,11440.0,1.5,7080.0,7000.0,0.99,1360.0,1450.0,1.07,0.0,0.0,0.0,700.0,640.0,0.91
1991-92,Bajhang,3580.0,7340.0,2.05,2500.0,3450.0,1.38,5420.0,5000.0,0.92,1210.0,1520.0,1.26,0.0,0.0,0.0,700.0,610.0,0.87
1991-92,Bajura,2500.0,3400.0,1.36,800.0,1130.0,1.41,4530.0,4200.0,0.93,2000.0,2400.0,1.2,0.0,0.0,0.0,920.0,800.0,0.87
1991-92,Banke,23540.0,18880.0,0.8,10200.0,17340.0,1.7,8000.0,12150.0,1.52,0.0,0.0,0.0,0.0,0.0,0.0,20.0,40.0,2.0
1991-92,Bara,58390.0,193560.0,3.31,6350.0,18020.0,2.84,24410.0,40500.0,1.66,160.0,190.0,1.19,0.0,0.0,0.0,100.0,110.0,1.1
1991-92,Bardiya,27370.0,64980.0,2.37,9820.0,17600.0,1.79,15500.0,20480.0,1.32,100.0,110.0,1.1,0.0,0.0,0.0,70.0,100.0,1.43
1991-92,Bhaktapur,4750.0,24390.0,5.13,2100.0,6200.0,2.95,4570.0,7340.0,1.61,100.0,150.0,1.5,0.0,0.0,0.0,30.0,40.0,1.33
1991-92,Bhojpur,12550.0,27780.0,2.21,16340.0,21110.0,1.29,2120.0,2230.0,1.05,5210.0,6150.0,1.18,0.0,0.0,0.0,90.0,90.0,1.0
1991-92,Chitwan,30500.0,96420.0,3.16,22000.0,39820.0,1.81,5000.0,11750.0,2.35,700.0,800.0,1.14,0.0,0.0,0.0,470.0,430.0,0.91
1991-92,Dadeldhura,6500.0,11700.0,1.8,2530.0,4950.0,1.96,8350.0,8280.0,0.99,2600.0,3120.0,1.2,0.0,0.0,0.0,650.0,590.0,0.91
1991-92,Dailekh,5000.0,8100.0,1.62,10140.0,14320.0,1.41,6200.0,6240.0,1.01,2600.0,3260.0,1.25,0.0,0.0,0.0,810.0,740.0,0.91
1991-92,Dang,36550.0,60060.0,1.64,20500.0,39050.0,1.9,17500.0,26180.0,1.5,400.0,450.0,1.12,0.0,0.0,0.0,150.0,160.0,1.07
1991-92,Darchula,1650.0,2950.0,1.79,6100.0,10150.0,1.66,7300.0,7020.0,0.96,1500.0,1500.0,1.0,0.0,0.0,0.0,900.0,800.0,0.89
1991-92,Dhading,13500.0,27870.0,2.06,15650.0,26020.0,1.66,4950.0,7110.0,1.44,4000.0,4750.0,1.19,0.0,0.0,0.0,340.0,300.0,0.88
1991-92,Dhankuta,9610.0,22780.0,2.37,19000.0,30310.0,1.6,1400.0,3550.0,2.54,6980.0,7000.0,1.0,0.0,0.0,0.0,40.0,50.0,1.25
1991-92,Dhanusa,51160.0,102420.0,2.0,2700.0,5100.0,1.89,26050.0,31100.0,1.19,840.0,840.0,1.0,0.0,0.0,0.0,300.0,280.0,0.93
1991-92,Dolakha,2150.0,4640.0,2.16,4350.0,8000.0,1.84,1170.0,4490.0,3.84,1420.0,1760.0,1.24,0.0,0.0,0.0,300.0,250.0,0.83
1991-92,Dolpa,520.0,790.0,1.52,2010.0,2740.0,1.36,580.0,600.0,1.03,300.0,360.0,1.2,0.0,0.0,0.0,600.0,570.0,0.95
1991-92,Doti,6730.0,10510.0,1.56,4200.0,7250.0,1.73,10150.0,9490.0,0.93,1940.0,2420.0,1.25,0.0,0.0,0.0,320.0,300.0,0.94
1991-92,Gorkha,16820.0,34620.0,2.06,18600.0,28100.0,1.51,4050.0,5320.0,1.31,12900.0,15760.0,1.22,0.0,0.0,0.0,240.0,190.0,0.79
1991-92,Gulmi,10370.0,15060.0,1.45,21590.0,30660.0,1.42,4290.0,4720.0,1.1,2750.0,3510.0,1.28,0.0,0.0,0.0,370.0,340.0,0.92
1991-92,Humla,520.0,840.0,1.62,50.0,90.0,1.8,620.0,610.0,0.98,1110.0,1230.0,1.11,0.0,0.0,0.0,830.0,790.0,0.95
1991-92,Ilam,11820.0,23990.0,2.03,15300.0,26700.0,1.75,4150.0,5550.0,1.34,3250.0,3550.0,1.09,0.0,0.0,0.0,140.0,110.0,0.79
1991-92,Jajarkot,3080.0,4650.0,1.51,8050.0,13620.0,1.69,5900.0,5880.0,1.0,2100.0,2570.0,1.22,0.0,0.0,0.0,800.0,730.0,0.91
1991-92,Jhapa,88710.0,252290.0,2.84,10500.0,13590.0,1.29,8500.0,13380.0,1.57,2000.0,2160.0,1.08,0.0,0.0,0.0,20.0,20.0,1.0
1991-92,Jumla,1300.0,2410.0,1.85,1280.0,1810.0,1.41,1790.0,2020.0,1.13,1360.0,1460.0,1.07,0.0,0.0,0.0,1520.0,1490.0,0.98
1991-92,Kailali,50500.0,109640.0,2.17,11560.0,17920.0,1.55,17220.0,23250.0,1.35,600.0,610.0,1.02,0.0,0.0,0.0,100.0,110.0,1.1
1991-92,Kalikot,1150.0,2630.0,2.29,1790.0,2700.0,1.51,5130.0,5010.0,0.98,1100.0,1240.0,1.13,0.0,0.0,0.0,810.0,780.0,0.96
1991-92,Kanchanpur,43500.0,102350.0,2.35,11300.0,17250.0,1.53,13600.0,19960.0,1.47,210.0,230.0,1.1,0.0,0.0,0.0,280.0,270.0,0.96
1991-92,Kapilbastu,65240.0,97860.0,1.5,900.0,1710.0,1.9,21070.0,21840.0,1.04,120.0,140.0,1.17,0.0,0.0,0.0,130.0,120.0,0.92
1991-92,Kaski,17300.0,38630.0,2.23,15400.0,24000.0,1.56,6850.0,9230.0,1.35,10060.0,11430.0,1.14,0.0,0.0,0.0,80.0,90.0,1.12
1991-92,Kathmandu,9730.0,40230.0,4.13,4720.0,10060.0,2.13,7280.0,11980.0,1.65,920.0,1440.0,1.57,0.0,0.0,0.0,20.0,30.0,1.5
1991-92,Kavre,10800.0,28970.0,2.68,23500.0,42300.0,1.8,12350.0,14760.0,1.2,1020.0,1460.0,1.43,0.0,0.0,0.0,320.0,290.0,0.91
1991-92,Khotang,12750.0,19880.0,1.56,15300.0,18100.0,1.18,9790.0,10530.0,1.08,4200.0,4240.0,1.01,0.0,0.0,0.0,210.0,180.0,0.86
1991-92,Lalitpur,4070.0,18510.0,4.55,5070.0,13830.0,2.73,4870.0,8090.0,1.66,1250.0,1870.0,1.5,0.0,0.0,0.0,30.0,40.0,1.33
1991-92,Lamjung,11480.0,23650.0,2.06,10020.0,18000.0,1.8,4130.0,5550.0,1.34,4780.0,6140.0,1.28,0.0,0.0,0.0,220.0,200.0,0.91
1991-92,Mahottari,46550.0,98990.0,2.13,3280.0,6460.0,1.97,24090.0,27190.0,1.13,1800.0,1940.0,1.08,0.0,0.0,0.0,270.0,250.0,0.93
1991-92,Makwanpur,12950.0,34410.0,2.66,19200.0,38620.0,2.01,5790.0,9650.0,1.67,3800.0,4560.0,1.2,0.0,0.0,0.0,220.0,180.0,0.82
1991-92,Manang,0.0,0.0,0.0,130.0,220.0,1.69,470.0,540.0,1.15,0.0,0.0,0.0,0.0,0.0,0.0,590.0,550.0,0.93
1991-92,Morang,80180.0,194890.0,2.43,11680.0,24450.0,2.09,20650.0,21840.0,1.06,1150.0,1250.0,1.09,0.0,0.0,0.0,70.0,110.0,1.57
1991-92,Mugu,1150.0,1850.0,1.61,1630.0,2270.0,1.39,1250.0,1330.0,1.06,670.0,760.0,1.13,0.0,0.0,0.0,1010.0,970.0,0.96
1991-92,Mustang,0.0,0.0,0.0,970.0,1510.0,1.56,930.0,1020.0,1.1,0.0,0.0,0.0,0.0,0.0,0.0,1050.0,1020.0,0.97
1991-92,Myagdi,1280.0,2770.0,2.16,6550.0,9140.0,1.4,3230.0,3900.0,1.21,4440.0,4640.0,1.05,0.0,0.0,0.0,320.0,290.0,0.91
1991-92,Nawalparasi,34700.0,87300.0,2.52,7000.0,11400.0,1.63,14100.0,22690.0,1.61,400.0,400.0,1.0,0.0,0.0,0.0,60.0,70.0,1.17
1991-92,Nuwakot,16870.0,39870.0,2.36,19700.0,29670.0,1.51,6040.0,8600.0,1.42,4140.0,4980.0,1.2,0.0,0.0,0.0,70.0,80.0,1.14
1991-92,Okhaldhunga,5470.0,9390.0,1.72,9120.0,11780.0,1.29,1590.0,1610.0,1.01,2500.0,2500.0,1.0,0.0,0.0,0.0,130.0,120.0,0.92
1991-92,Palpa,7620.0,18840.0,2.47,20210.0,28290.0,1.4,7500.0,7650.0,1.02,3200.0,3750.0,1.17,0.0,0.0,0.0,300.0,310.0,1.03
1991-92,Panchthar,9730.0,18750.0,1.93,15200.0,22230.0,1.46,4000.0,4100.0,1.02,6210.0,6600.0,1.06,0.0,0.0,0.0,510.0,410.0,0.8
1991-92,Parbat,6160.0,11450.0,1.86,11700.0,19660.0,1.68,5300.0,6580.0,1.24,9000.0,10510.0,1.17,0.0,0.0,0.0,310.0,290.0,0.94
1991-92,Parsa,45650.0,131960.0,2.89,4600.0,10350.0,2.25,16700.0,27150.0,1.63,270.0,270.0,1.0,0.0,0.0,0.0,90.0,80.0,0.89
1991-92,Pyuthan,5300.0,9620.0,1.82,10530.0,12570.0,1.19,8630.0,8800.0,1.02,2300.0,2750.0,1.2,0.0,0.0,0.0,590.0,540.0,0.92
1991-92,Ramechhap,4930.0,6480.0,1.31,16900.0,16990.0,1.01,2610.0,3990.0,1.53,2500.0,2500.0,1.0,0.0,0.0,0.0,300.0,310.0,1.03
1991-92,Rasuwa,1070.0,2290.0,2.14,2370.0,3090.0,1.3,1010.0,1030.0,1.02,1380.0,1420.0,1.03,0.0,0.0,0.0,330.0,300.0,0.91
1991-92,Rautahat,52280.0,93570.0,1.79,4910.0,10180.0,2.07,18700.0,28160.0,1.51,510.0,630.0,1.24,0.0,0.0,0.0,700.0,680.0,0.97
1991-92,Rolpa,4700.0,7910.0,1.68,8890.0,15890.0,1.79,8120.0,8080.0,1.0,1200.0,1490.0,1.24,0.0,0.0,0.0,1690.0,1520.0,0.9
1991-92,Rukum,4750.0,9500.0,2.0,18950.0,26030.0,1.37,10030.0,9980.0,1.0,1250.0,1460.0,1.17,0.0,0.0,0.0,1030.0,990.0,0.96
1991-92,Rupandehi,63500.0,103710.0,1.63,1520.0,2500.0,1.64,22040.0,21610.0,0.98,80.0,90.0,1.12,0.0,0.0,0.0,20.0,20.0,1.0
1991-92,Salyan,5780.0,10100.0,1.75,21700.0,29390.0,1.35,14600.0,14570.0,1.0,3500.0,4120.0,1.18,0.0,0.0,0.0,1400.0,1320.0,0.94
1991-92,Sankhuwasabha,11630.0,26930.0,2.32,9870.0,15310.0,1.55,1650.0,2210.0,1.34,6860.0,6800.0,0.99,0.0,0.0,0.0,260.0,230.0,0.88
1991-92,Saptari,65640.0,158340.0,2.41,1000.0,1750.0,1.75,12050.0,17050.0,1.41,230.0,250.0,1.09,0.0,0.0,0.0,70.0,60.0,0.86
1991-92,Sarlahi,48660.0,112690.0,2.32,10290.0,19120.0,1.86,19010.0,22320.0,1.17,600.0,630.0,1.05,0.0,0.0,0.0,150.0,190.0,1.27
1991-92,Sindhuli,10930.0,32600.0,2.98,17050.0,27260.0,1.6,4300.0,6320.0,1.47,3300.0,4140.0,1.25,0.0,0.0,0.0,240.0,210.0,0.88
1991-92,Sindhupalchok,6030.0,10950.0,1.82,10200.0,15620.0,1.53,4340.0,5980.0,1.38,2600.0,3260.0,1.25,0.0,0.0,0.0,330.0,300.0,0.91
1991-92,Siraha,65780.0,164640.0,2.5,2980.0,5280.0,1.77,13400.0,17780.0,1.33,1850.0,1850.0,1.0,0.0,0.0,0.0,40.0,40.0,1.0
1991-92,Solukhumbu,700.0,1060.0,1.51,4330.0,6090.0,1.41,1210.0,1310.0,1.08,1200.0,1230.0,1.02,0.0,0.0,0.0,690.0,530.0,0.77
1991-92,Sunsari,51600.0,133210.0,2.58,7500.0,13130.0,1.75,16050.0,18910.0,1.18,1000.0,900.0,0.9,0.0,0.0,0.0,50.0,60.0,1.2
1991-92,Surkhet,9020.0,15340.0,1.7,14550.0,22110.0,1.52,16290.0,20280.0,1.24,1600.0,2020.0,1.26,0.0,0.0,0.0,990.0,930.0,0.94
1991-92,Syangja,15060.0,33770.0,2.24,34230.0,48680.0,1.42,8420.0,11500.0,1.37,24000.0,28320.0,1.18,0.0,0.0,0.0,80.0,80.0,1.0
1991-92,Tanahu,12600.0,33880.0,2.69,20000.0,36000.0,1.8,2850.0,5300.0,1.86,7500.0,9290.0,1.24,0.0,0.0,0.0,50.0,70.0,1.4
1991-92,Taplejung,6480.0,11860.0,1.83,9320.0,12510.0,1.34,1800.0,2180.0,1.21,2410.0,2530.0,1.05,0.0,0.0,0.0,250.0,200.0,0.8
1991-92,Tehrathum,8150.0,18050.0,2.21,12090.0,17800.0,1.47,1510.0,1500.0,0.99,2990.0,3030.0,1.01,0.0,0.0,0.0,120.0,110.0,0.92
1991-92,Udayapur,11700.0,27590.0,2.36,9680.0,16200.0,1.67,4270.0,5180.0,1.21,1100.0,1320.0,1.2,0.0,0.0,0.0,30.0,60.0,2.0
1992-93,Achham,6700.0,13330.0,1.99,5220.0,7550.0,1.45,6950.0,6450.0,0.93,1750.0,2290.0,1.31,0.0,0.0,0.0,510.0,670.0,1.31
1992-93,Arghakhanchi,4750.0,8970.0,1.89,14550.0,24740.0,1.7,6250.0,5180.0,0.83,1750.0,2270.0,1.3,0.0,0.0,0.0,1500.0,460.0,0.31
1992-93,Baglung,4900.0,9800.0,2.0,14700.0,18820.0,1.28,6210.0,7430.0,1.2,4150.0,4940.0,1.19,0.0,0.0,0.0,1490.0,410.0,0.28
1992-93,Baitadi,4970.0,8210.0,1.65,7650.0,11460.0,1.5,9080.0,7080.0,0.78,1360.0,1600.0,1.18,0.0,0.0,0.0,800.0,600.0,0.75
1992-93,Bajhang,3510.0,6670.0,1.9,2550.0,3500.0,1.37,5420.0,5020.0,0.93,1210.0,1560.0,1.29,0.0,0.0,0.0,1000.0,610.0,0.61
1992-93,Bajura,2450.0,3180.0,1.3,810.0,1140.0,1.41,4000.0,4300.0,1.08,2000.0,2420.0,1.21,0.0,0.0,0.0,1200.0,790.0,0.66
1992-93,Banke,25800.0,36120.0,1.4,9860.0,20710.0,2.1,11000.0,10400.0,0.95,0.0,0.0,0.0,0.0,0.0,0.0,40.0,20.0,0.5
1992-93,Bara,54300.0,165610.0,3.05,6500.0,19170.0,2.95,24750.0,39050.0,1.58,200.0,240.0,1.2,0.0,0.0,0.0,110.0,90.0,0.82
1992-93,Bardiya,29050.0,56650.0,1.95,9700.0,20370.0,2.1,14500.0,21800.0,1.5,50.0,60.0,1.2,0.0,0.0,0.0,60.0,60.0,1.0
1992-93,Bhaktapur,4710.0,23310.0,4.95,2150.0,6350.0,2.95,4569.0,7510.0,1.64,120.0,190.0,1.58,0.0,0.0,0.0,30.0,30.0,1.0
1992-93,Bhojpur,12250.0,24500.0,2.0,16400.0,22960.0,1.4,2350.0,2330.0,0.99,5200.0,6190.0,1.19,0.0,0.0,0.0,30.0,80.0,2.67
1992-93,Chitwan,25340.0,73480.0,2.9,25360.0,44040.0,1.74,7000.0,8500.0,1.21,700.0,820.0,1.17,0.0,0.0,0.0,170.0,440.0,2.59
1992-93,Dadeldhura,6360.0,9410.0,1.48,2860.0,5150.0,1.8,8200.0,8350.0,1.02,3100.0,3700.0,1.19,0.0,0.0,0.0,650.0,590.0,0.91
1992-93,Dailekh,4950.0,7870.0,1.59,10150.0,13200.0,1.3,6200.0,6260.0,1.01,2600.0,3320.0,1.28,0.0,0.0,0.0,400.0,750.0,1.88
1992-93,Dang,32900.0,50990.0,1.55,20400.0,39390.0,1.93,17500.0,27650.0,1.58,400.0,400.0,1.0,0.0,0.0,0.0,950.0,140.0,0.15
1992-93,Darchula,1630.0,2770.0,1.7,6150.0,10210.0,1.66,7870.0,7060.0,0.9,1500.0,1650.0,1.1,0.0,0.0,0.0,1300.0,800.0,0.62
1992-93,Dhading,12840.0,19260.0,1.5,16900.0,26100.0,1.54,3950.0,7280.0,1.84,6000.0,7200.0,1.2,0.0,0.0,0.0,440.0,310.0,0.7
1992-93,Dhankuta,9310.0,19680.0,2.11,16500.0,31350.0,1.9,1760.0,1890.0,1.07,7010.0,7710.0,1.1,0.0,0.0,0.0,20.0,40.0,2.0
1992-93,Dhanusa,37500.0,67500.0,1.8,2650.0,5040.0,1.9,22000.0,29180.0,1.33,850.0,900.0,1.06,0.0,0.0,0.0,40.0,250.0,6.25
1992-93,Dolakha,2150.0,3710.0,1.73,4350.0,6800.0,1.56,4410.0,1390.0,0.32,1420.0,1400.0,0.99,0.0,0.0,0.0,220.0,250.0,1.14
1992-93,Dolpa,500.0,750.0,1.5,2040.0,2790.0,1.37,580.0,620.0,1.07,400.0,520.0,1.3,0.0,0.0,0.0,400.0,590.0,1.48
1992-93,Doti,6700.0,9920.0,1.48,4250.0,7410.0,1.74,9000.0,9540.0,1.06,1940.0,2440.0,1.26,0.0,0.0,0.0,540.0,290.0,0.54
1992-93,Gorkha,16800.0,28560.0,1.7,18610.0,33490.0,1.8,2570.0,5920.0,2.3,13000.0,16900.0,1.3,0.0,0.0,0.0,560.0,230.0,0.41
1992-93,Gulmi,10170.0,14130.0,1.39,21600.0,28290.0,1.31,5200.0,4840.0,0.93,2900.0,3770.0,1.3,0.0,0.0,0.0,910.0,350.0,0.38
1992-93,Humla,500.0,790.0,1.58,90.0,150.0,1.67,951.0,670.0,0.7,1360.0,1520.0,1.12,0.0,0.0,0.0,710.0,800.0,1.13
1992-93,Ilam,11720.0,21680.0,1.85,16180.0,29120.0,1.8,4670.0,5610.0,1.2,3000.0,3280.0,1.09,0.0,0.0,0.0,230.0,130.0,0.57
1992-93,Jajarkot,3050.0,4540.0,1.49,8900.0,14240.0,1.6,5740.0,5910.0,1.03,2100.0,2670.0,1.27,0.0,0.0,0.0,730.0,780.0,1.07
1992-93,Jhapa,80730.0,202630.0,2.51,13310.0,18630.0,1.4,7500.0,13090.0,1.75,2010.0,2190.0,1.09,0.0,0.0,0.0,20.0,20.0,1.0
1992-93,Jumla,1250.0,2240.0,1.79,1300.0,1860.0,1.43,1356.0,2040.0,1.5,1400.0,1590.0,1.14,0.0,0.0,0.0,1520.0,1500.0,0.99
1992-93,Kailali,46900.0,86760.0,1.85,11900.0,19990.0,1.68,18000.0,21730.0,1.21,400.0,400.0,1.0,0.0,0.0,0.0,150.0,90.0,0.6
1992-93,Kalikot,1100.0,2370.0,2.15,1720.0,3030.0,1.76,4270.0,5050.0,1.18,1100.0,1100.0,1.0,0.0,0.0,0.0,1040.0,790.0,0.76
1992-93,Kanchanpur,38860.0,80820.0,2.08,11500.0,23320.0,2.03,18800.0,19720.0,1.05,300.0,300.0,1.0,0.0,0.0,0.0,200.0,270.0,1.35
1992-93,Kapilbastu,61100.0,88590.0,1.45,900.0,2160.0,2.4,23099.0,21250.0,0.92,130.0,140.0,1.08,0.0,0.0,0.0,150.0,120.0,0.8
1992-93,Kaski,17300.0,38230.0,2.21,15450.0,24720.0,1.6,4199.0,9720.0,2.31,10200.0,12240.0,1.2,0.0,0.0,0.0,150.0,80.0,0.53
1992-93,Kathmandu,9690.0,39240.0,4.05,5030.0,11070.0,2.2,5700.0,12030.0,2.11,1000.0,1560.0,1.56,0.0,0.0,0.0,10.0,20.0,2.0
1992-93,Kavre,12200.0,24290.0,1.99,23400.0,38170.0,1.63,11000.0,14820.0,1.35,1100.0,1100.0,1.0,0.0,0.0,0.0,520.0,310.0,0.6
1992-93,Khotang,12550.0,19200.0,1.53,15350.0,23490.0,1.53,4000.0,9990.0,2.5,4250.0,4310.0,1.01,0.0,0.0,0.0,290.0,190.0,0.66
1992-93,Lalitpur,4000.0,16000.0,4.0,5080.0,13890.0,2.73,3999.0,8030.0,2.01,1300.0,2080.0,1.6,0.0,0.0,0.0,30.0,30.0,1.0
1992-93,Lamjung,11450.0,22750.0,1.99,10050.0,18060.0,1.8,3000.0,5630.0,1.88,4800.0,6240.0,1.3,0.0,0.0,0.0,200.0,200.0,1.0
1992-93,Mahottari,32590.0,52140.0,1.6,4100.0,8200.0,2.0,21734.0,26510.0,1.22,1830.0,1960.0,1.07,0.0,0.0,0.0,70.0,220.0,3.14
1992-93,Makwanpur,13510.0,26880.0,1.99,18000.0,38000.0,2.11,3900.0,9610.0,2.46,3750.0,4880.0,1.3,0.0,0.0,0.0,50.0,190.0,3.8
1992-93,Manang,0.0,0.0,0.0,140.0,230.0,1.64,270.0,550.0,2.04,0.0,0.0,0.0,0.0,0.0,0.0,290.0,550.0,1.9
1992-93,Morang,70150.0,161350.0,2.3,13400.0,28140.0,2.1,20000.0,29940.0,1.5,1280.0,1280.0,1.0,0.0,0.0,0.0,30.0,70.0,2.33
1992-93,Mugu,1100.0,1750.0,1.59,1650.0,2310.0,1.4,1100.0,1360.0,1.24,700.0,810.0,1.16,0.0,0.0,0.0,1010.0,990.0,0.98
1992-93,Mustang,0.0,0.0,0.0,960.0,1500.0,1.56,215.0,1030.0,4.79,0.0,0.0,0.0,0.0,0.0,0.0,950.0,1040.0,1.09
1992-93,Myagdi,1230.0,2460.0,2.0,6600.0,9240.0,1.4,3000.0,3930.0,1.31,4500.0,4720.0,1.05,0.0,0.0,0.0,1650.0,310.0,0.19
1992-93,Nawalparasi,32960.0,74160.0,2.25,9160.0,17310.0,1.89,17000.0,15280.0,0.9,510.0,510.0,1.0,0.0,0.0,0.0,80.0,50.0,0.62
1992-93,Nuwakot,16550.0,33100.0,2.0,19720.0,29580.0,1.5,6599.0,9060.0,1.37,4150.0,5390.0,1.3,0.0,0.0,0.0,110.0,70.0,0.64
1992-93,Okhaldhunga,5100.0,8160.0,1.6,9100.0,11430.0,1.26,1999.0,1740.0,0.87,2550.0,2550.0,1.0,0.0,0.0,0.0,230.0,120.0,0.52
1992-93,Palpa,7820.0,14860.0,1.9,20200.0,30300.0,1.5,7000.0,11020.0,1.57,3250.0,3850.0,1.18,0.0,0.0,0.0,770.0,300.0,0.39
1992-93,Panchthar,9750.0,18030.0,1.85,15250.0,22880.0,1.5,3299.0,4200.0,1.27,6250.0,6500.0,1.04,0.0,0.0,0.0,320.0,480.0,1.5
1992-93,Parbat,6050.0,9440.0,1.56,11750.0,19980.0,1.7,3300.0,6620.0,2.01,9010.0,10800.0,1.2,0.0,0.0,0.0,340.0,280.0,0.82
1992-93,Parsa,43000.0,113950.0,2.65,3900.0,10140.0,2.6,16900.0,20350.0,1.2,300.0,300.0,1.0,0.0,0.0,0.0,90.0,80.0,0.89
1992-93,Pyuthan,5300.0,9480.0,1.79,9300.0,14880.0,1.6,8630.0,8800.0,1.02,2300.0,2300.0,1.0,0.0,0.0,0.0,3600.0,560.0,0.16
1992-93,Ramechhap,4900.0,6370.0,1.3,16950.0,17340.0,1.02,2620.0,1990.0,0.76,2500.0,2750.0,1.1,0.0,0.0,0.0,360.0,210.0,0.58
1992-93,Rasuwa,1070.0,2110.0,1.97,2400.0,3840.0,1.6,1000.0,1210.0,1.21,1400.0,1540.0,1.1,0.0,0.0,0.0,200.0,330.0,1.65
1992-93,Rautahat,52150.0,88650.0,1.7,4950.0,9850.0,1.99,19875.0,27180.0,1.37,550.0,660.0,1.2,0.0,0.0,0.0,50.0,640.0,12.8
1992-93,Rolpa,4200.0,7010.0,1.67,11190.0,20700.0,1.85,8520.0,8110.0,0.95,1200.0,1200.0,1.0,0.0,0.0,0.0,2800.0,1530.0,0.55
1992-93,Rukum,4700.0,9350.0,1.99,21530.0,38750.0,1.8,8500.0,9930.0,1.17,1200.0,1420.0,1.18,0.0,0.0,0.0,1030.0,1010.0,0.98
1992-93,Rupandehi,59150.0,94640.0,1.6,1560.0,2690.0,1.72,22051.0,24240.0,1.1,100.0,120.0,1.2,0.0,0.0,0.0,70.0,20.0,0.29
1992-93,Salyan,5750.0,9710.0,1.69,21800.0,30520.0,1.4,15000.0,14400.0,0.96,3550.0,4230.0,1.19,0.0,0.0,0.0,1400.0,1320.0,0.94
1992-93,Sankhuwasabha,11600.0,25520.0,2.2,9970.0,15550.0,1.56,2151.0,2140.0,0.99,6900.0,6900.0,1.0,0.0,0.0,0.0,350.0,240.0,0.69
1992-93,Saptari,34130.0,75080.0,2.2,1160.0,2200.0,1.9,15780.0,15120.0,0.96,350.0,350.0,1.0,0.0,0.0,0.0,10.0,70.0,7.0
1992-93,Sarlahi,43900.0,85600.0,1.95,10350.0,19450.0,1.88,19010.0,20910.0,1.1,800.0,800.0,1.0,0.0,0.0,0.0,100.0,120.0,1.2
1992-93,Sindhuli,9710.0,21850.0,2.25,19350.0,33090.0,1.71,4000.0,6060.0,1.52,3800.0,4750.0,1.25,0.0,0.0,0.0,140.0,200.0,1.43
1992-93,Sindhupalchok,6000.0,8340.0,1.39,12140.0,18750.0,1.54,4346.0,6080.0,1.4,2600.0,3080.0,1.18,0.0,0.0,0.0,235.0,310.0,1.32
1992-93,Siraha,40450.0,78880.0,1.95,3000.0,5400.0,1.8,14000.0,16750.0,1.2,2000.0,1880.0,0.94,0.0,0.0,0.0,20.0,40.0,2.0
1992-93,Solukhumbu,680.0,1010.0,1.49,4330.0,6090.0,1.41,2481.0,1330.0,0.54,1250.0,1250.0,1.0,0.0,0.0,0.0,300.0,550.0,1.83
1992-93,Sunsari,43860.0,107020.0,2.44,4740.0,9240.0,1.95,18050.0,24070.0,1.33,900.0,1030.0,1.14,0.0,0.0,0.0,20.0,50.0,2.5
1992-93,Surkhet,9070.0,15420.0,1.7,15270.0,25350.0,1.66,15200.0,17700.0,1.16,1600.0,2050.0,1.28,0.0,0.0,0.0,600.0,950.0,1.58
1992-93,Syangja,15030.0,33060.0,2.2,34330.0,49440.0,1.44,5300.0,12110.0,2.28,23900.0,28620.0,1.2,0.0,0.0,0.0,70.0,80.0,1.14
1992-93,Tanahu,12650.0,25810.0,2.04,22220.0,37590.0,1.69,2850.0,5400.0,1.89,6130.0,7970.0,1.3,0.0,0.0,0.0,50.0,50.0,1.0
1992-93,Taplejung,6430.0,11570.0,1.8,9350.0,12620.0,1.35,1950.0,2160.0,1.11,2500.0,2750.0,1.1,0.0,0.0,0.0,550.0,250.0,0.45
1992-93,Tehrathum,8150.0,16300.0,2.0,12200.0,18300.0,1.5,2456.0,1810.0,0.74,3000.0,3000.0,1.0,0.0,0.0,0.0,90.0,120.0,1.33
1992-93,Udayapur,10480.0,21330.0,2.04,11130.0,17690.0,1.59,3620.0,5980.0,1.65,1100.0,1340.0,1.22,0.0,0.0,0.0,30.0,30.0,1.0
1993-94,Achham,6699.0,13471.0,2.01,5000.0,7500.0,1.5,7000.0,8290.0,1.18,1750.0,2290.0,1.31,0.0,0.0,0.0,520.0,474.0,0.91
1993-94,Arghakhanchi,6630.0,13961.0,2.11,12000.0,19800.0,1.65,5700.0,7419.0,1.3,700.0,770.0,1.1,0.0,0.0,0.0,1500.0,1395.0,0.93
1993-94,Baglung,4750.0,8850.0,1.86,14700.0,21315.0,1.45,6848.0,8074.0,1.18,7500.0,7575.0,1.01,0.0,0.0,0.0,1480.0,1419.0,0.96
1993-94,Baitadi,5000.0,8500.0,1.7,9000.0,13500.0,1.5,9080.0,9988.0,1.1,1350.0,1620.0,1.2,0.0,0.0,0.0,830.0,688.0,0.83
1993-94,Bajhang,3400.0,6710.0,1.97,2600.0,5004.0,1.92,5800.0,5860.0,1.01,1500.0,1870.0,1.25,0.0,0.0,0.0,1010.0,900.0,0.89
1993-94,Bajura,3200.0,5870.0,1.83,2050.0,2890.0,1.41,4530.0,4500.0,0.99,2600.0,2990.0,1.15,0.0,0.0,0.0,1200.0,1038.0,0.86
1993-94,Banke,33199.0,83001.0,2.5,9400.0,18800.0,2.0,13500.0,15400.0,1.14,0.0,0.0,0.0,0.0,0.0,0.0,40.0,38.0,0.95
1993-94,Bara,58001.0,171099.0,2.95,6580.0,19080.0,2.9,25300.0,43312.0,1.71,160.0,210.0,1.31,0.0,0.0,0.0,110.0,109.0,0.99
1993-94,Bardiya,31300.0,77766.0,2.48,9770.0,19440.0,1.99,15000.0,21025.0,1.4,50.0,60.0,1.2,0.0,0.0,0.0,60.0,53.0,0.88
1993-94,Bhaktapur,5000.0,25002.0,5.0,1510.0,4454.0,2.95,4570.0,8227.0,1.8,100.0,150.0,1.5,0.0,0.0,0.0,30.0,30.0,1.0
1993-94,Bhojpur,17400.0,38240.0,2.2,16630.0,23572.0,1.42,2400.0,4530.0,1.89,8000.0,8080.0,1.01,0.0,0.0,0.0,70.0,29.0,0.41
1993-94,Chitwan,25620.0,66870.0,2.61,27000.0,44550.0,1.65,9100.0,12250.0,1.35,1050.0,1155.0,1.1,0.0,0.0,0.0,235.0,159.0,0.68
1993-94,Dadeldhura,6200.0,11160.0,1.8,3860.0,6948.0,1.8,8200.0,9922.0,1.21,2000.0,2388.0,1.19,0.0,0.0,0.0,655.0,591.0,0.9
1993-94,Dailekh,5100.0,9380.0,1.84,7015.0,9820.0,1.4,6250.0,7130.0,1.14,2600.0,3320.0,1.28,0.0,0.0,0.0,425.0,372.0,0.88
1993-94,Dang,36500.0,87601.0,2.4,22200.0,44400.0,2.0,18000.0,26342.0,1.46,200.0,240.0,1.2,0.0,0.0,0.0,890.0,902.0,1.01
1993-94,Darchula,3000.0,6001.0,2.0,6000.0,10050.0,1.68,7870.0,8263.0,1.05,1500.0,1650.0,1.1,0.0,0.0,0.0,1300.0,1170.0,0.9
1993-94,Dhading,12800.0,25600.0,2.0,19400.0,27290.0,1.41,4750.0,6201.0,1.31,8800.0,8000.0,0.91,0.0,0.0,0.0,450.0,401.0,0.89
1993-94,Dhankuta,8261.0,18569.0,2.25,15801.0,22950.0,1.45,2765.0,2992.0,1.08,7000.0,7700.0,1.1,0.0,0.0,0.0,30.0,20.0,0.67
1993-94,Dhanusa,62100.0,153311.0,2.47,1900.0,3610.0,1.9,19000.0,35157.0,1.85,220.0,280.0,1.27,0.0,0.0,0.0,40.0,33.0,0.82
1993-94,Dolakha,2200.0,4065.0,1.85,4350.0,6873.0,1.58,4410.0,5371.0,1.22,3500.0,3541.0,1.01,0.0,0.0,0.0,245.0,119.0,0.49
1993-94,Dolpa,250.0,450.0,1.8,1050.0,1478.0,1.41,580.0,612.0,1.06,380.0,490.0,1.29,0.0,0.0,0.0,580.0,393.0,0.68
1993-94,Doti,6000.0,10800.0,1.8,2600.0,4350.0,1.67,9000.0,10150.0,1.13,2100.0,2630.0,1.25,0.0,0.0,0.0,550.0,496.0,0.9
1993-94,Gorkha,14000.0,29401.0,2.1,16000.0,28800.0,1.8,3200.0,3798.0,1.19,11700.0,14040.0,1.2,0.0,0.0,0.0,660.0,536.0,0.81
1993-94,Gulmi,9560.0,20110.0,2.1,19550.0,26979.0,1.38,5057.0,7576.0,1.5,6000.0,6600.0,1.1,0.0,0.0,0.0,920.0,865.0,0.94
1993-94,Humla,279.0,511.0,1.83,160.0,240.0,1.5,930.0,1140.0,1.23,1200.0,1380.0,1.15,0.0,0.0,0.0,865.0,688.0,0.8
1993-94,Ilam,11700.0,20670.0,1.77,22500.0,40500.0,1.8,4715.0,7098.0,1.51,4600.0,4843.0,1.05,0.0,0.0,0.0,250.0,220.0,0.88
1993-94,Jajarkot,3100.0,5580.0,1.8,6990.0,11550.0,1.65,5800.0,6480.0,1.12,2100.0,2690.0,1.28,0.0,0.0,0.0,750.0,711.0,0.95
1993-94,Jhapa,87900.0,228799.0,2.6,16000.0,25600.0,1.6,12000.0,11032.0,0.92,2100.0,2100.0,1.0,0.0,0.0,0.0,30.0,20.0,0.67
1993-94,Jumla,1299.0,2340.0,1.8,1700.0,2465.0,1.45,1395.0,1627.0,1.17,1350.0,1580.0,1.17,0.0,0.0,0.0,1560.0,1504.0,0.96
1993-94,Kailali,54000.0,130000.0,2.41,9500.0,17100.0,1.8,19000.0,26099.0,1.37,70.0,90.0,1.29,0.0,0.0,0.0,150.0,136.0,0.91
1993-94,Kalikot,1100.0,2250.0,2.05,1800.0,3060.0,1.7,4400.0,6305.0,1.43,1150.0,1270.0,1.1,0.0,0.0,0.0,1050.0,1008.0,0.96
1993-94,Kanchanpur,43000.0,103200.0,2.4,11500.0,23350.0,2.03,18000.0,28200.0,1.57,50.0,70.0,1.4,0.0,0.0,0.0,250.0,193.0,0.77
1993-94,Kapilbastu,64091.0,151250.0,2.36,1100.0,2189.0,1.99,20000.0,31338.0,1.57,300.0,323.0,1.08,0.0,0.0,0.0,130.0,139.0,1.07
1993-94,Kaski,12240.0,26160.0,2.14,13050.0,20880.0,1.6,4300.0,6300.0,1.47,8000.0,9600.0,1.2,0.0,0.0,0.0,340.0,142.0,0.42
1993-94,Kathmandu,11160.0,44280.0,3.97,4400.0,9760.0,2.22,6000.0,9986.0,1.66,1050.0,1470.0,1.4,0.0,0.0,0.0,10.0,10.0,1.0
1993-94,Kavre,12200.0,25410.0,2.08,22600.0,37880.0,1.68,11350.0,15345.0,1.35,2042.0,1100.0,0.54,0.0,0.0,0.0,550.0,499.0,0.91
1993-94,Khotang,11000.0,20620.0,1.87,17000.0,26095.0,1.54,4000.0,6086.0,1.52,8000.0,8000.0,1.0,0.0,0.0,0.0,320.0,284.0,0.89
1993-94,Lalitpur,4000.0,16800.0,4.2,4550.0,10100.0,2.22,4495.0,7000.0,1.56,1200.0,1440.0,1.2,0.0,0.0,0.0,30.0,30.0,1.0
1993-94,Lamjung,11020.0,21579.0,1.96,8850.0,14160.0,1.6,3050.0,4200.0,1.38,5000.0,6500.0,1.3,0.0,0.0,0.0,210.0,182.0,0.87
1993-94,Mahottari,45296.0,112560.0,2.48,3400.0,5100.0,1.5,21600.0,33687.0,1.56,1300.0,1560.0,1.2,0.0,0.0,0.0,80.0,57.0,0.71
1993-94,Makwanpur,8451.0,18439.0,2.18,20000.0,34400.0,1.72,4100.0,6552.0,1.6,1235.0,1482.0,1.2,0.0,0.0,0.0,50.0,45.0,0.9
1993-94,Manang,0.0,0.0,0.0,150.0,170.0,1.13,280.0,338.0,1.21,0.0,0.0,0.0,0.0,0.0,0.0,295.0,237.0,0.8
1993-94,Morang,95980.0,243691.0,2.54,14000.0,27496.0,1.96,20425.0,35000.0,1.71,2150.0,2257.0,1.05,0.0,0.0,0.0,30.0,30.0,1.0
1993-94,Mugu,220.0,400.0,1.82,1000.0,1400.0,1.4,1150.0,1361.0,1.18,1000.0,1150.0,1.15,0.0,0.0,0.0,1010.0,990.0,0.98
1993-94,Mustang,0.0,0.0,0.0,130.0,150.0,1.15,270.0,344.0,1.27,0.0,0.0,0.0,0.0,0.0,0.0,1012.0,845.0,0.83
1993-94,Myagdi,3280.0,6640.0,2.02,6750.0,10800.0,1.6,3300.0,4173.0,1.26,4800.0,5280.0,1.1,0.0,0.0,0.0,1650.0,1600.0,0.97
1993-94,Nawalparasi,39000.0,92649.0,2.38,11000.0,20900.0,1.9,19000.0,26350.0,1.39,4600.0,4600.0,1.0,0.0,0.0,0.0,85.0,70.0,0.82
1993-94,Nuwakot,14990.0,33740.0,2.25,16310.0,27009.0,1.66,6155.0,10418.0,1.69,7500.0,7500.0,1.0,0.0,0.0,0.0,90.0,100.0,1.11
1993-94,Okhaldhunga,5490.0,10419.0,1.9,10500.0,13650.0,1.3,2000.0,3521.0,1.76,4000.0,4000.0,1.0,0.0,0.0,0.0,250.0,214.0,0.86
1993-94,Palpa,8710.0,19150.0,2.2,19000.0,30400.0,1.6,7450.0,10500.0,1.41,4000.0,4760.0,1.19,0.0,0.0,0.0,775.0,770.0,0.99
1993-94,Panchthar,9800.0,16659.0,1.7,15000.0,24000.0,1.6,4083.0,5926.0,1.45,6000.0,6060.0,1.01,0.0,0.0,0.0,350.0,292.0,0.83
1993-94,Parbat,9211.0,19070.0,2.07,10560.0,17107.0,1.62,4000.0,4785.0,1.2,6000.0,6600.0,1.1,0.0,0.0,0.0,475.0,337.0,0.71
1993-94,Parsa,44000.0,123381.0,2.8,4510.0,11720.0,2.6,17600.0,28730.0,1.63,160.0,210.0,1.31,0.0,0.0,0.0,90.0,50.0,0.56
1993-94,Pyuthan,6530.0,12780.0,1.96,11070.0,17712.0,1.6,8650.0,12501.0,1.45,2290.0,2290.0,1.0,0.0,0.0,0.0,3620.0,3416.0,0.94
1993-94,Ramechhap,6180.0,13510.0,2.19,17000.0,22950.0,1.35,2708.0,3275.0,1.21,8250.0,8250.0,1.0,0.0,0.0,0.0,360.0,288.0,0.8
1993-94,Rasuwa,1090.0,1980.0,1.82,3000.0,4830.0,1.61,1012.0,1299.0,1.28,1680.0,1764.0,1.05,0.0,0.0,0.0,229.0,196.0,0.86
1993-94,Rautahat,48271.0,104940.0,2.17,4800.0,8846.0,1.84,20000.0,29812.0,1.49,100.0,120.0,1.2,0.0,0.0,0.0,50.0,49.0,0.98
1993-94,Rolpa,4710.0,9010.0,1.91,12015.0,19224.0,1.6,8600.0,12260.0,1.43,1000.0,1000.0,1.0,0.0,0.0,0.0,2830.0,2770.0,0.98
1993-94,Rukum,4751.0,9970.0,2.1,18015.0,32427.0,1.8,8800.0,9324.0,1.06,1150.0,1260.0,1.1,0.0,0.0,0.0,1050.0,1019.0,0.97
1993-94,Rupandehi,66891.0,177660.0,2.66,2220.0,2997.0,1.35,20300.0,35280.0,1.74,60.0,80.0,1.33,0.0,0.0,0.0,70.0,70.0,1.0
1993-94,Salyan,6920.0,17280.0,2.5,17071.0,25600.0,1.5,15274.0,17700.0,1.16,4000.0,4600.0,1.15,0.0,0.0,0.0,1450.0,1323.0,0.91
1993-94,Sankhuwasabha,9860.0,17880.0,1.81,8800.0,13290.0,1.51,2170.0,2964.0,1.37,5800.0,5800.0,1.0,0.0,0.0,0.0,400.0,315.0,0.79
1993-94,Saptari,70040.0,170300.0,2.43,1330.0,2513.0,1.89,15800.0,25090.0,1.59,400.0,400.0,1.0,0.0,0.0,0.0,10.0,10.0,1.0
1993-94,Sarlahi,40000.0,88001.0,2.2,6200.0,10639.0,1.72,19510.0,28515.0,1.46,750.0,750.0,1.0,0.0,0.0,0.0,100.0,80.0,0.8
1993-94,Sindhuli,12171.0,26470.0,2.17,21500.0,36751.0,1.71,5675.0,5444.0,0.96,6960.0,8352.0,1.2,0.0,0.0,0.0,195.0,116.0,0.59
1993-94,Sindhupalchok,5330.0,8019.0,1.5,12100.0,18380.0,1.52,5404.0,5649.0,1.05,4000.0,4420.0,1.1,0.0,0.0,0.0,235.0,224.0,0.95
1993-94,Siraha,66180.0,155060.0,2.34,2750.0,4895.0,1.78,10215.0,21000.0,2.06,2050.0,1435.0,0.7,0.0,0.0,0.0,20.0,20.0,1.0
1993-94,Solukhumbu,699.0,1560.0,2.23,4500.0,6345.0,1.41,2482.0,3394.0,1.37,1600.0,1600.0,1.0,0.0,0.0,0.0,350.0,240.0,0.69
1993-94,Sunsari,58500.0,152100.0,2.6,3301.0,6435.0,1.95,16625.0,28500.0,1.71,950.0,760.0,0.8,0.0,0.0,0.0,20.0,20.0,1.0
1993-94,Surkhet,12230.0,27260.0,2.23,12550.0,21302.0,1.7,15200.0,19760.0,1.3,1650.0,2140.0,1.3,0.0,0.0,0.0,630.0,582.0,0.92
1993-94,Syangja,6910.0,15090.0,2.18,31001.0,46180.0,1.49,5300.0,7732.0,1.46,14000.0,16758.0,1.2,0.0,0.0,0.0,90.0,70.0,0.78
1993-94,Tanahu,14000.0,29400.0,2.1,18000.0,32400.0,1.8,2900.0,4850.0,1.67,7000.0,8400.0,1.2,0.0,0.0,0.0,70.0,45.0,0.64
1993-94,Taplejung,6499.0,12160.0,1.87,10000.0,14000.0,1.4,1990.0,2925.0,1.47,4100.0,4100.0,1.0,0.0,0.0,0.0,600.0,554.0,0.92
1993-94,Tehrathum,10500.0,23100.0,2.2,11500.0,17250.0,1.5,2456.0,3258.0,1.33,3400.0,3400.0,1.0,0.0,0.0,0.0,110.0,88.0,0.8
1993-94,Udayapur,13500.0,30024.0,2.22,15400.0,26180.0,1.7,4500.0,6050.0,1.34,2300.0,2714.0,1.18,0.0,0.0,0.0,40.0,29.0,0.72
1994-95,Achham,6700.0,12000.0,1.79,5220.0,7882.0,1.51,7000.0,8400.0,1.2,1750.0,2250.0,1.29,0.0,0.0,0.0,520.0,484.0,0.93
1994-95,Arghakhanchi,6659.0,14000.0,2.1,12890.0,21307.0,1.65,5780.0,8164.0,1.41,735.0,675.0,0.92,0.0,0.0,0.0,812.0,1403.0,1.73
1994-95,Baglung,4759.0,10476.0,2.2,14000.0,20100.0,1.44,6848.0,9587.0,1.4,7500.0,7575.0,1.01,0.0,0.0,0.0,400.0,1413.0,3.53
1994-95,Baitadi,5000.0,8513.0,1.7,7500.0,12500.0,1.67,9000.0,10351.0,1.15,1350.0,1620.0,1.2,0.0,0.0,0.0,830.0,730.0,0.88
1994-95,Bajhang,3600.0,7117.0,1.98,2700.0,4134.0,1.53,6000.0,6496.0,1.08,1500.0,1870.0,1.25,0.0,0.0,0.0,920.0,924.0,1.0
1994-95,Bajura,3300.0,5765.0,1.75,1080.0,1697.0,1.57,4530.0,5210.0,1.15,2600.0,2990.0,1.15,0.0,0.0,0.0,1056.0,1091.0,1.03
1994-95,Banke,30540.0,29552.0,0.97,7550.0,13800.0,1.83,12899.0,19575.0,1.52,0.0,0.0,0.0,0.0,0.0,0.0,40.0,38.0,0.95
1994-95,Bara,55970.0,142925.0,2.55,6473.0,14377.0,2.22,27000.0,45034.0,1.67,100.0,110.0,1.1,0.0,0.0,0.0,110.0,109.0,0.99
1994-95,Bardiya,29760.0,63637.0,2.14,9720.0,18964.0,1.95,14500.0,22200.0,1.53,50.0,60.0,1.2,0.0,0.0,0.0,60.0,54.0,0.9
1994-95,Bhaktapur,5000.0,25200.0,5.04,2200.0,4125.0,1.88,3900.0,7317.0,1.88,250.0,260.0,1.04,0.0,0.0,0.0,25.0,29.0,1.16
1994-95,Bhojpur,14401.0,30000.0,2.08,16700.0,23464.0,1.41,2540.0,4560.0,1.8,8000.0,8400.0,1.05,0.0,0.0,0.0,70.0,68.0,0.97
1994-95,Chitwan,27151.0,73550.0,2.71,27127.0,56153.0,2.07,10400.0,16016.0,1.54,1500.0,1550.0,1.03,0.0,0.0,0.0,190.0,221.0,1.16
1994-95,Dadeldhura,6299.0,10740.0,1.71,3900.0,6973.0,1.79,8788.0,9881.0,1.12,2000.0,2388.0,1.19,0.0,0.0,0.0,350.0,603.0,1.72
1994-95,Dailekh,5380.0,9845.0,1.83,8638.0,12180.0,1.41,6330.0,7375.0,1.17,2600.0,3320.0,1.28,0.0,0.0,0.0,812.0,400.0,0.49
1994-95,Dang,36220.0,76062.0,2.1,20900.0,44943.0,2.15,16500.0,28304.0,1.72,200.0,240.0,1.2,0.0,0.0,0.0,101.0,846.0,8.38
1994-95,Darchula,3130.0,4075.0,1.3,6000.0,11140.0,1.86,6200.0,8657.0,1.4,1500.0,1650.0,1.1,0.0,0.0,0.0,1100.0,1190.0,1.08
1994-95,Dhading,13000.0,24765.0,1.9,19447.0,30026.0,1.54,4700.0,7600.0,1.62,6020.0,7285.0,1.21,0.0,0.0,0.0,380.0,414.0,1.09
1994-95,Dhankuta,9221.0,17612.0,1.91,16060.0,26099.0,1.63,2770.0,4701.0,1.7,8100.0,8800.0,1.09,0.0,0.0,0.0,20.0,30.0,1.5
1994-95,Dhanusa,56045.0,128403.0,2.29,2055.0,4250.0,2.07,21800.0,32300.0,1.48,200.0,221.0,1.1,0.0,0.0,0.0,35.0,33.0,0.94
1994-95,Dolakha,2196.0,3997.0,1.82,4600.0,7259.0,1.58,4500.0,5733.0,1.27,3500.0,3541.0,1.01,0.0,0.0,0.0,250.0,196.0,0.78
1994-95,Dolpa,169.0,300.0,1.78,1921.0,2755.0,1.43,220.0,638.0,2.9,380.0,450.0,1.18,0.0,0.0,0.0,580.0,571.0,0.98
1994-95,Doti,6000.0,10713.0,1.79,2500.0,4400.0,1.76,8900.0,10350.0,1.16,2100.0,2630.0,1.25,0.0,0.0,0.0,550.0,509.0,0.93
1994-95,Gorkha,13923.0,29238.0,2.1,16500.0,29783.0,1.81,4000.0,5088.0,1.27,11700.0,14040.0,1.2,0.0,0.0,0.0,240.0,634.0,2.64
1994-95,Gulmi,10264.0,18891.0,1.84,20000.0,27720.0,1.39,5414.0,7985.0,1.47,6000.0,6600.0,1.1,0.0,0.0,0.0,810.0,876.0,1.08
1994-95,Humla,479.0,855.0,1.78,200.0,300.0,1.5,930.0,1158.0,1.25,1360.0,1268.0,0.93,0.0,0.0,0.0,710.0,848.0,1.19
1994-95,Ilam,11493.0,20113.0,1.75,22000.0,39710.0,1.8,4714.0,7200.0,1.53,4025.0,4238.0,1.05,0.0,0.0,0.0,250.0,240.0,0.96
1994-95,Jajarkot,3488.0,6278.0,1.8,8824.0,13662.0,1.55,6100.0,6670.0,1.09,2100.0,2690.0,1.28,0.0,0.0,0.0,6000.0,735.0,0.12
1994-95,Jhapa,78720.0,189438.0,2.41,16500.0,28825.0,1.75,14250.0,18000.0,1.26,3500.0,3500.0,1.0,0.0,0.0,0.0,30.0,30.0,1.0
1994-95,Jumla,1371.0,2550.0,1.86,1234.0,1800.0,1.46,1632.0,1794.0,1.1,1350.0,1580.0,1.17,0.0,0.0,0.0,3500.0,1544.0,0.44
1994-95,Kailali,51000.0,103642.0,2.03,12017.0,19500.0,1.62,21800.0,27740.0,1.27,150.0,155.0,1.03,0.0,0.0,0.0,100.0,137.0,1.37
1994-95,Kalikot,1100.0,2210.0,2.01,1720.0,3117.0,1.81,5260.0,6040.0,1.15,1100.0,1250.0,1.14,0.0,0.0,0.0,1040.0,1024.0,0.98
1994-95,Kanchanpur,43000.0,86000.0,2.0,11600.0,21400.0,1.84,20000.0,28300.0,1.42,50.0,55.0,1.1,0.0,0.0,0.0,250.0,243.0,0.97
1994-95,Kapilbastu,60000.0,104970.0,1.75,980.0,1930.0,1.97,21500.0,28000.0,1.3,120.0,110.0,0.92,0.0,0.0,0.0,130.0,122.0,0.94
1994-95,Kaski,13280.0,30361.0,2.29,13500.0,22275.0,1.65,4530.0,6536.0,1.44,10060.0,11569.0,1.15,0.0,0.0,0.0,100.0,323.0,3.23
1994-95,Kathmandu,11160.0,51336.0,4.6,4900.0,10986.0,2.24,7000.0,10800.0,1.54,1000.0,1150.0,1.15,0.0,0.0,0.0,10.0,10.0,1.0
1994-95,Kavre,12150.0,24300.0,2.0,23000.0,38410.0,1.67,11350.0,15890.0,1.4,2020.0,2030.0,1.0,0.0,0.0,0.0,700.0,539.0,0.77
1994-95,Khotang,9604.0,14407.0,1.5,17010.0,25957.0,1.53,4515.0,6120.0,1.36,8000.0,8500.0,1.06,0.0,0.0,0.0,320.0,314.0,0.98
1994-95,Lalitpur,4100.0,17405.0,4.25,6000.0,14000.0,2.33,4506.0,8316.0,1.85,1200.0,1400.0,1.17,0.0,0.0,0.0,30.0,30.0,1.0
1994-95,Lamjung,12500.0,24250.0,1.94,10050.0,15125.0,1.5,3300.0,4270.0,1.29,5000.0,6500.0,1.3,0.0,0.0,0.0,200.0,191.0,0.96
1994-95,Mahottari,41046.0,92213.0,2.25,3400.0,5610.0,1.65,23000.0,34128.0,1.48,851.0,850.0,1.0,0.0,0.0,0.0,100.0,66.0,0.66
1994-95,Makwanpur,9955.0,26879.0,2.7,20010.0,36020.0,1.8,4100.0,6929.0,1.69,2250.0,2430.0,1.08,0.0,0.0,0.0,30.0,46.0,1.53
1994-95,Manang,0.0,0.0,0.0,150.0,170.0,1.13,270.0,392.0,1.45,0.0,0.0,0.0,0.0,0.0,0.0,175.0,248.0,1.42
1994-95,Morang,81555.0,171565.0,2.1,14200.0,26980.0,1.9,17940.0,35744.0,1.99,1280.0,1188.0,0.93,0.0,0.0,0.0,30.0,30.0,1.0
1994-95,Mugu,450.0,792.0,1.76,1000.0,1500.0,1.5,1250.0,1438.0,1.15,1000.0,1000.0,1.0,0.0,0.0,0.0,1000.0,1010.0,1.01
1994-95,Mustang,0.0,0.0,0.0,493.0,506.0,1.03,400.0,454.0,1.14,0.0,0.0,0.0,0.0,0.0,0.0,1003.0,911.0,0.91
1994-95,Myagdi,3280.0,6635.0,2.02,7425.0,12281.0,1.65,3400.0,4620.0,1.36,4800.0,5280.0,1.1,0.0,0.0,0.0,1650.0,1609.0,0.98
1994-95,Nawalparasi,38000.0,83600.0,2.2,10500.0,19845.0,1.89,19100.0,29040.0,1.52,4600.0,4600.0,1.0,0.0,0.0,0.0,150.0,75.0,0.5
1994-95,Nuwakot,16381.0,37674.0,2.3,18969.0,30413.0,1.6,6160.0,9719.0,1.58,5860.0,6446.0,1.1,0.0,0.0,0.0,90.0,83.0,0.92
1994-95,Okhaldhunga,5740.0,10436.0,1.82,9550.0,14573.0,1.53,2000.0,3558.0,1.78,4500.0,4500.0,1.0,0.0,0.0,0.0,250.0,235.0,0.94
1994-95,Palpa,8710.0,19162.0,2.2,19650.0,31440.0,1.6,7567.0,11920.0,1.58,4000.0,4760.0,1.19,0.0,0.0,0.0,287.0,777.0,2.71
1994-95,Panchthar,7380.0,12171.0,1.65,15350.0,24345.0,1.59,4033.0,6981.0,1.73,6000.0,6060.0,1.01,0.0,0.0,0.0,515.0,320.0,0.62
1994-95,Parbat,9250.0,19756.0,2.14,11080.0,18869.0,1.7,4572.0,5920.0,1.29,9000.0,9827.0,1.09,0.0,0.0,0.0,288.0,473.0,1.64
1994-95,Parsa,43810.0,117498.0,2.68,4696.0,9693.0,2.06,21273.0,30800.0,1.45,300.0,310.0,1.03,0.0,0.0,0.0,58.0,68.0,1.17
1994-95,Pyuthan,6348.0,12398.0,1.95,12010.0,19336.0,1.61,8300.0,12900.0,1.55,2280.0,2336.0,1.02,0.0,0.0,0.0,1430.0,3457.0,2.42
1994-95,Ramechhap,5934.0,12461.0,2.1,17138.0,26941.0,1.57,2603.0,3630.0,1.39,8250.0,8650.0,1.05,0.0,0.0,0.0,300.0,288.0,0.96
1994-95,Rasuwa,1100.0,2033.0,1.85,2970.0,4449.0,1.5,1187.0,1316.0,1.11,1680.0,1764.0,1.05,0.0,0.0,0.0,329.0,224.0,0.68
1994-95,Rautahat,46000.0,85100.0,1.85,4850.0,9084.0,1.87,19225.0,30400.0,1.58,100.0,120.0,1.2,0.0,0.0,0.0,300.0,49.0,0.16
1994-95,Rolpa,4710.0,8900.0,1.89,11190.0,17900.0,1.6,8120.0,12470.0,1.54,1000.0,1040.0,1.04,0.0,0.0,0.0,1800.0,2802.0,1.56
1994-95,Rukum,4788.0,9721.0,2.03,18533.0,33489.0,1.81,11000.0,10613.0,0.96,1200.0,1428.0,1.19,0.0,0.0,0.0,1030.0,1045.0,1.01
1994-95,Rupandehi,61760.0,122526.0,1.98,1570.0,2363.0,1.51,22500.0,33495.0,1.49,60.0,70.0,1.17,0.0,0.0,0.0,70.0,69.0,0.99
1994-95,Salyan,6915.0,16250.0,2.35,17771.0,26550.0,1.49,12574.0,18329.0,1.46,4000.0,4600.0,1.15,0.0,0.0,0.0,1400.0,1392.0,0.99
1994-95,Sankhuwasabha,9627.0,17100.0,1.78,9112.0,14452.0,1.59,1591.0,2995.0,1.88,5800.0,5850.0,1.01,0.0,0.0,0.0,400.0,362.0,0.9
1994-95,Saptari,63428.0,141119.0,2.22,1350.0,2572.0,1.91,17000.0,25122.0,1.48,300.0,300.0,1.0,0.0,0.0,0.0,10.0,10.0,1.0
1994-95,Sarlahi,37315.0,72764.0,1.95,6700.0,11390.0,1.7,22762.0,29850.0,1.31,750.0,750.0,1.0,0.0,0.0,0.0,150.0,81.0,0.54
1994-95,Sindhuli,9162.0,19423.0,2.12,22811.0,39007.0,1.71,5681.0,9500.0,1.67,6960.0,8352.0,1.2,0.0,0.0,0.0,220.0,162.0,0.74
1994-95,Sindhupalchok,7413.0,14122.0,1.91,13447.0,20991.0,1.56,6000.0,8543.0,1.42,4000.0,4420.0,1.1,0.0,0.0,0.0,800.0,226.0,0.28
1994-95,Siraha,59562.0,109410.0,1.84,3000.0,5365.0,1.79,15500.0,16000.0,1.03,2000.0,2000.0,1.0,0.0,0.0,0.0,10.0,20.0,2.0
1994-95,Solukhumbu,820.0,1550.0,1.89,4100.0,7316.0,1.78,2510.0,3400.0,1.35,1600.0,1650.0,1.03,0.0,0.0,0.0,584.0,280.0,0.48
1994-95,Sunsari,48598.0,103020.0,2.12,3600.0,6804.0,1.89,16700.0,25104.0,1.5,900.0,900.0,1.0,0.0,0.0,0.0,50.0,20.0,0.4
1994-95,Surkhet,12422.0,30133.0,2.43,12965.0,21263.0,1.64,15250.0,21280.0,1.4,1600.0,1984.0,1.24,0.0,0.0,0.0,630.0,624.0,0.99
1994-95,Syangja,8053.0,17556.0,2.18,31782.0,47673.0,1.5,5900.0,7791.0,1.32,14000.0,16758.0,1.2,0.0,0.0,0.0,90.0,90.0,1.0
1994-95,Tanahu,14620.0,30541.0,2.09,18662.0,33218.0,1.78,2850.0,5104.0,1.79,7000.0,8400.0,1.2,0.0,0.0,0.0,14.0,7.0,0.5
1994-95,Taplejung,6200.0,10540.0,1.7,9300.0,12974.0,1.4,1620.0,2985.0,1.84,4100.0,4250.0,1.04,0.0,0.0,0.0,386.0,606.0,1.57
1994-95,Tehrathum,8892.0,16895.0,1.9,12317.0,21176.0,1.72,2556.0,3294.0,1.29,3100.0,3150.0,1.02,0.0,0.0,0.0,100.0,108.0,1.08
1994-95,Udayapur,11067.0,18750.0,1.69,14543.0,22530.0,1.55,5100.0,7560.0,1.48,2270.0,2300.0,1.01,0.0,0.0,0.0,40.0,39.0,0.98
1995-96,Achham,6700.0,13471.0,2.01,5000.0,7500.0,1.5,7182.0,8400.0,1.17,1750.0,2000.0,1.14,0.0,0.0,0.0,355.0,484.0,1.36
1995-96,Arghakhanchi,7150.0,14972.0,2.09,15540.0,26000.0,1.67,5780.0,7100.0,1.23,1052.0,978.0,0.93,0.0,0.0,0.0,812.0,770.0,0.95
1995-96,Baglung,4762.0,10000.0,2.1,14500.0,20750.0,1.43,6848.0,8217.0,1.2,7500.0,7035.0,0.94,0.0,0.0,0.0,400.0,600.0,1.5
1995-96,Baitadi,5500.0,10405.0,1.89,7500.0,12750.0,1.7,9000.0,10351.0,1.15,1350.0,1530.0,1.13,0.0,0.0,0.0,830.0,730.0,0.88
1995-96,Bajhang,3450.0,6680.0,1.94,1262.0,1707.0,1.35,6000.0,6500.0,1.08,1500.0,1500.0,1.0,0.0,0.0,0.0,920.0,975.0,1.06
1995-96,Bajura,3200.0,6010.0,1.88,780.0,1530.0,1.96,4530.0,6115.0,1.35,2650.0,3000.0,1.13,0.0,0.0,0.0,1056.0,1267.0,1.2
1995-96,Banke,32250.0,80250.0,2.49,7500.0,13687.0,1.82,12500.0,20509.0,1.64,0.0,0.0,0.0,0.0,0.0,0.0,40.0,38.0,0.95
1995-96,Bara,55504.0,153857.0,2.77,6480.0,18546.0,2.86,26500.0,50220.0,1.9,200.0,240.0,1.2,0.0,0.0,0.0,102.0,90.0,0.88
1995-96,Bardiya,31320.0,77830.0,2.48,9700.0,18515.0,1.91,15500.0,22200.0,1.43,50.0,60.0,1.2,0.0,0.0,0.0,60.0,54.0,0.9
1995-96,Bhaktapur,4700.0,23030.0,4.9,2300.0,4730.0,2.06,4200.0,6278.0,1.49,1230.0,1636.0,1.33,0.0,0.0,0.0,25.0,36.0,1.44
1995-96,Bhojpur,17196.0,37917.0,2.2,18514.0,29715.0,1.61,2540.0,4729.0,1.86,9527.0,9530.0,1.0,0.0,0.0,0.0,70.0,77.0,1.1
1995-96,Chitwan,30500.0,79758.0,2.62,28500.0,59024.0,2.07,10200.0,19240.0,1.89,2000.0,1960.0,0.98,0.0,0.0,0.0,350.0,202.0,0.58
1995-96,Dadeldhura,6983.0,15649.0,2.24,3985.0,7343.0,1.84,9121.0,10589.0,1.16,2000.0,2000.0,1.0,0.0,0.0,0.0,350.0,322.0,0.92
1995-96,Dailekh,5646.0,10163.0,1.8,8663.0,10897.0,1.26,6330.0,7085.0,1.12,2620.0,3350.0,1.28,0.0,0.0,0.0,812.0,812.0,1.0
1995-96,Dang,37200.0,89280.0,2.4,21400.0,45990.0,2.15,15100.0,23800.0,1.58,200.0,240.0,1.2,0.0,0.0,0.0,101.0,96.0,0.95
1995-96,Darchula,3500.0,6629.0,1.89,6000.0,11096.0,1.85,6200.0,6820.0,1.1,1300.0,1040.0,0.8,0.0,0.0,0.0,1100.0,1006.0,0.91
1995-96,Dhading,14370.0,29688.0,2.07,19900.0,31263.0,1.57,4700.0,7990.0,1.7,8900.0,9835.0,1.11,0.0,0.0,0.0,380.0,342.0,0.9
1995-96,Dhankuta,9635.0,22279.0,2.31,16666.0,29900.0,1.79,2775.0,4986.0,1.8,8100.0,8100.0,1.0,0.0,0.0,0.0,20.0,21.0,1.05
1995-96,Dhanusa,61550.0,146140.0,2.37,1957.0,4106.0,2.1,22030.0,38152.0,1.73,220.0,280.0,1.27,0.0,0.0,0.0,25.0,29.0,1.16
1995-96,Dolakha,2195.0,4610.0,2.1,5360.0,8823.0,1.65,4500.0,5445.0,1.21,3500.0,3192.0,0.91,0.0,0.0,0.0,140.0,200.0,1.43
1995-96,Dolpa,250.0,470.0,1.88,1922.0,2364.0,1.23,220.0,312.0,1.42,700.0,700.0,1.0,0.0,0.0,0.0,580.0,570.0,0.98
1995-96,Doti,6000.0,12600.0,2.1,2500.0,4500.0,1.8,9000.0,10350.0,1.15,2080.0,2080.0,1.0,0.0,0.0,0.0,490.0,509.0,1.04
1995-96,Gorkha,15594.0,32747.0,2.1,17175.0,30915.0,1.8,4050.0,6360.0,1.57,12150.0,14948.0,1.23,0.0,0.0,0.0,244.0,230.0,0.94
1995-96,Gulmi,10264.0,20535.0,2.0,20500.0,30135.0,1.47,5381.0,7900.0,1.47,7910.0,8300.0,1.05,0.0,0.0,0.0,800.0,970.0,1.21
1995-96,Humla,305.0,550.0,1.8,160.0,240.0,1.5,935.0,911.0,0.97,1360.0,1536.0,1.13,0.0,0.0,0.0,710.0,639.0,0.9
1995-96,Ilam,12217.0,24250.0,1.98,22450.0,40410.0,1.8,4730.0,7200.0,1.52,4427.0,4206.0,0.95,0.0,0.0,0.0,250.0,240.0,0.96
1995-96,Jajarkot,3593.0,7190.0,2.0,7600.0,11780.0,1.55,6540.0,8460.0,1.29,2002.0,2122.0,1.06,0.0,0.0,0.0,3760.0,6000.0,1.6
1995-96,Jhapa,93578.0,253128.0,2.7,18500.0,31450.0,1.7,15275.0,24200.0,1.58,3000.0,3000.0,1.0,0.0,0.0,0.0,10.0,30.0,3.0
1995-96,Jumla,1350.0,2680.0,1.99,2050.0,2985.0,1.46,1473.0,1332.0,0.9,1350.0,1580.0,1.17,0.0,0.0,0.0,2500.0,4200.0,1.68
1995-96,Kailali,54600.0,131040.0,2.4,12050.0,21630.0,1.8,22500.0,33600.0,1.49,75.0,68.0,0.91,0.0,0.0,0.0,100.0,91.0,0.91
1995-96,Kalikot,1100.0,2260.0,2.05,1720.0,3105.0,1.81,5360.0,7222.0,1.35,1150.0,1280.0,1.11,0.0,0.0,0.0,1040.0,1074.0,1.03
1995-96,Kanchanpur,43035.0,102854.0,2.39,11837.0,21780.0,1.84,21500.0,32000.0,1.49,55.0,70.0,1.27,0.0,0.0,0.0,10.0,243.0,24.3
1995-96,Kapilbastu,68478.0,163284.0,2.38,956.0,1721.0,1.8,23000.0,34300.0,1.49,300.0,330.0,1.1,0.0,0.0,0.0,130.0,130.0,1.0
1995-96,Kaski,15300.0,35100.0,2.29,15400.0,25450.0,1.65,5030.0,8404.0,1.67,10000.0,11980.0,1.2,0.0,0.0,0.0,100.0,100.0,1.0
1995-96,Kathmandu,11146.0,45730.0,4.1,5700.0,12540.0,2.2,7000.0,12600.0,1.8,1050.0,1480.0,1.41,0.0,0.0,0.0,10.0,10.0,1.0
1995-96,Kavre,12150.0,28215.0,2.32,23335.0,33366.0,1.43,11500.0,16950.0,1.47,2250.0,2700.0,1.2,0.0,0.0,0.0,700.0,700.0,1.0
1995-96,Khotang,11312.0,20462.0,1.81,17650.0,25545.0,1.45,4362.0,6000.0,1.38,11335.0,11196.0,0.99,0.0,0.0,0.0,320.0,314.0,0.98
1995-96,Lalitpur,4628.0,18890.0,4.08,5476.0,13520.0,2.47,4416.0,7209.0,1.63,1230.0,1635.0,1.33,0.0,0.0,0.0,30.0,30.0,1.0
1995-96,Lamjung,11200.0,21500.0,1.92,10450.0,15362.0,1.47,3630.0,5280.0,1.45,8800.0,10854.0,1.23,0.0,0.0,0.0,200.0,170.0,0.85
1995-96,Mahottari,46550.0,95359.0,2.05,3580.0,5650.0,1.58,23000.0,37400.0,1.63,846.0,914.0,1.08,0.0,0.0,0.0,90.0,82.0,0.91
1995-96,Makwanpur,11325.0,24915.0,2.2,20100.0,36220.0,1.8,4100.0,7175.0,1.75,3150.0,3465.0,1.1,0.0,0.0,0.0,30.0,30.0,1.0
1995-96,Manang,0.0,0.0,0.0,155.0,167.0,1.08,270.0,400.0,1.48,0.0,0.0,0.0,0.0,0.0,0.0,175.0,200.0,1.14
1995-96,Morang,91405.0,237379.0,2.6,14250.0,25650.0,1.8,17690.0,30495.0,1.72,1285.0,1156.0,0.9,0.0,0.0,0.0,30.0,30.0,1.0
1995-96,Mugu,363.0,680.0,1.87,155.0,155.0,1.0,1250.0,1240.0,0.99,1000.0,1150.0,1.15,0.0,0.0,0.0,1000.0,990.0,0.99
1995-96,Mustang,0.0,0.0,0.0,510.0,524.0,1.03,328.0,672.0,2.05,0.0,0.0,0.0,0.0,0.0,0.0,1003.0,1202.0,1.2
1995-96,Myagdi,3348.0,7198.0,2.15,8350.0,13770.0,1.65,3500.0,4930.0,1.41,4455.0,4000.0,0.9,0.0,0.0,0.0,1650.0,1609.0,0.98
1995-96,Nawalparasi,42100.0,104250.0,2.48,9650.0,17370.0,1.8,19100.0,31515.0,1.65,4600.0,4600.0,1.0,0.0,0.0,0.0,150.0,120.0,0.8
1995-96,Nuwakot,16145.0,37376.0,2.32,19124.0,30590.0,1.6,5950.0,9726.0,1.63,6860.0,7546.0,1.1,0.0,0.0,0.0,90.0,83.0,0.92
1995-96,Okhaldhunga,6825.0,14209.0,2.08,10150.0,15489.0,1.53,1612.0,3558.0,2.21,7815.0,7370.0,0.94,0.0,0.0,0.0,110.0,235.0,2.14
1995-96,Palpa,8750.0,19250.0,2.2,20200.0,32160.0,1.59,7667.0,11350.0,1.48,4200.0,4165.0,0.99,0.0,0.0,0.0,287.0,278.0,0.97
1995-96,Panchthar,10150.0,18270.0,1.8,16315.0,25239.0,1.55,4088.0,6896.0,1.69,5952.0,6011.0,1.01,0.0,0.0,0.0,519.0,470.0,0.91
1995-96,Parbat,8786.0,17572.0,2.0,10560.0,17100.0,1.62,4572.0,7400.0,1.62,9045.0,9045.0,1.0,0.0,0.0,0.0,288.0,286.0,0.99
1995-96,Parsa,44865.0,122277.0,2.73,4754.0,8334.0,1.75,21874.0,38500.0,1.76,302.0,302.0,1.0,0.0,0.0,0.0,60.0,74.0,1.23
1995-96,Pyuthan,6530.0,12368.0,1.89,12050.0,18497.0,1.54,7800.0,12367.0,1.59,2290.0,2280.0,1.0,0.0,0.0,0.0,1430.0,2145.0,1.5
1995-96,Ramechhap,6650.0,14537.0,2.19,17140.0,29138.0,1.7,2603.0,3644.0,1.4,8250.0,8993.0,1.09,0.0,0.0,0.0,300.0,210.0,0.7
1995-96,Rasuwa,1400.0,2550.0,1.82,2372.0,3340.0,1.41,1030.0,1534.0,1.49,1331.0,1470.0,1.1,0.0,0.0,0.0,325.0,394.0,1.21
1995-96,Rautahat,48600.0,110780.0,2.28,4860.0,8748.0,1.8,18000.0,30760.0,1.71,100.0,120.0,1.2,0.0,0.0,0.0,300.0,300.0,1.0
1995-96,Rolpa,4710.0,9891.0,2.1,11190.0,17904.0,1.6,8120.0,12000.0,1.48,1050.0,1100.0,1.05,0.0,0.0,0.0,1800.0,2140.0,1.19
1995-96,Rukum,4750.0,10450.0,2.2,18539.0,31385.0,1.69,11000.0,11880.0,1.08,1225.0,1425.0,1.16,0.0,0.0,0.0,1030.0,1044.0,1.01
1995-96,Rupandehi,69000.0,178055.0,2.58,1000.0,1914.0,1.91,23500.0,38250.0,1.63,60.0,70.0,1.17,0.0,0.0,0.0,70.0,69.0,0.99
1995-96,Salyan,6945.0,17224.0,2.48,18700.0,28050.0,1.5,13074.0,20403.0,1.56,4015.0,5421.0,1.35,0.0,0.0,0.0,1400.0,1500.0,1.07
1995-96,Sankhuwasabha,10110.0,18332.0,1.81,9662.0,15169.0,1.57,1595.0,2227.0,1.4,6104.0,6409.0,1.05,0.0,0.0,0.0,400.0,362.0,0.9
1995-96,Saptari,69150.0,167238.0,2.42,1350.0,2565.0,1.9,18850.0,27200.0,1.44,300.0,300.0,1.0,0.0,0.0,0.0,10.0,10.0,1.0
1995-96,Sarlahi,46071.0,105324.0,2.29,7864.0,13369.0,1.7,23062.0,30800.0,1.34,560.0,621.0,1.11,0.0,0.0,0.0,150.0,139.0,0.93
1995-96,Sindhuli,11510.0,25110.0,2.18,23325.0,41519.0,1.78,5681.0,8796.0,1.55,10000.0,11000.0,1.1,0.0,0.0,0.0,210.0,202.0,0.96
1995-96,Sindhupalchok,6177.0,11120.0,1.8,15455.0,21060.0,1.36,6616.0,9120.0,1.38,11630.0,13635.0,1.17,0.0,0.0,0.0,605.0,751.0,1.24
1995-96,Siraha,66667.0,127667.0,1.91,2775.0,4940.0,1.78,17100.0,24150.0,1.41,190.0,190.0,1.0,0.0,0.0,0.0,10.0,10.0,1.0
1995-96,Solukhumbu,810.0,1733.0,2.14,4101.0,7324.0,1.79,2500.0,3010.0,1.2,1650.0,1650.0,1.0,0.0,0.0,0.0,560.0,642.0,1.15
1995-96,Sunsari,58500.0,156137.0,2.67,4500.0,7871.0,1.75,18324.0,28724.0,1.57,900.0,900.0,1.0,0.0,0.0,0.0,5.0,50.0,10.0
1995-96,Surkhet,12422.0,27228.0,2.19,15365.0,25119.0,1.63,16591.0,21280.0,1.28,1600.0,1984.0,1.24,0.0,0.0,0.0,630.0,624.0,0.99
1995-96,Syangja,14080.0,30385.0,2.16,28282.0,39594.0,1.4,6520.0,10500.0,1.61,14282.0,16924.0,1.18,0.0,0.0,0.0,90.0,90.0,1.0
1995-96,Tanahu,14098.0,30477.0,2.16,19700.0,33490.0,1.7,2850.0,5287.0,1.86,7100.0,9810.0,1.38,0.0,0.0,0.0,14.0,11.0,0.79
1995-96,Taplejung,6500.0,12250.0,1.88,9600.0,13440.0,1.4,1830.0,2430.0,1.33,4990.0,5000.0,1.0,0.0,0.0,0.0,387.0,424.0,1.1
1995-96,Tehrathum,11187.0,24540.0,2.19,12439.0,21134.0,1.7,2560.0,3427.0,1.34,3200.0,2750.0,0.86,0.0,0.0,0.0,105.0,98.0,0.93
1995-96,Udayapur,10900.0,24596.0,2.26,14640.0,24405.0,1.67,5475.0,8568.0,1.56,2880.0,3093.0,1.07,0.0,0.0,0.0,35.0,35.0,1.0
1996-97,Achham,6700.0,13500.0,2.01,5000.0,7500.0,1.5,6954.0,9690.0,1.39,1750.0,2000.0,1.14,0.0,0.0,0.0,253.0,350.0,1.38
1996-97,Arghakhanchi,7150.0,15000.0,2.1,15540.0,23000.0,1.48,5780.0,8380.0,1.45,1030.0,1000.0,0.97,0.0,0.0,0.0,812.0,812.0,1.0
1996-97,Baglung,4820.0,10600.0,2.2,14000.0,23180.0,1.66,6848.0,6920.0,1.01,7250.0,7250.0,1.0,0.0,0.0,0.0,518.0,500.0,0.97
1996-97,Baitadi,5510.0,10500.0,1.91,7500.0,12750.0,1.7,9000.0,10500.0,1.17,1350.0,1530.0,1.13,0.0,0.0,0.0,830.0,830.0,1.0
1996-97,Bajhang,3500.0,7000.0,2.0,1260.0,1700.0,1.35,6500.0,6500.0,1.0,1500.0,1500.0,1.0,0.0,0.0,0.0,920.0,975.0,1.06
1996-97,Bajura,3200.0,6080.0,1.9,780.0,1530.0,1.96,4570.0,6340.0,1.39,2600.0,2700.0,1.04,0.0,0.0,0.0,1000.0,1372.0,1.37
1996-97,Banke,33000.0,87100.0,2.64,7850.0,10370.0,1.32,8360.0,20400.0,2.44,0.0,0.0,0.0,0.0,0.0,0.0,30.0,38.0,1.27
1996-97,Bara,56100.0,155000.0,2.76,7100.0,19880.0,2.8,24775.0,50350.0,2.03,120.0,120.0,1.0,0.0,0.0,0.0,100.0,91.0,0.91
1996-97,Bardiya,31500.0,78750.0,2.5,8930.0,15130.0,1.69,13500.0,25570.0,1.89,10.0,10.0,1.0,0.0,0.0,0.0,100.0,54.0,0.54
1996-97,Bhaktapur,4700.0,23050.0,4.9,2250.0,6430.0,2.86,4200.0,7980.0,1.9,1310.0,1740.0,1.33,0.0,0.0,0.0,25.0,36.0,1.44
1996-97,Bhojpur,17290.0,38050.0,2.2,18600.0,29760.0,1.6,2550.0,4729.0,1.85,9680.0,9690.0,1.0,0.0,0.0,0.0,75.0,77.0,1.03
1996-97,Chitwan,31000.0,82150.0,2.65,29000.0,63000.0,2.17,9690.0,19240.0,1.99,2000.0,2000.0,1.0,0.0,0.0,0.0,550.0,490.0,0.89
1996-97,Dadeldhura,7060.0,13460.0,1.91,3990.0,7350.0,1.84,8930.0,11400.0,1.28,1540.0,1550.0,1.01,0.0,0.0,0.0,350.0,350.0,1.0
1996-97,Dailekh,5700.0,10540.0,1.85,8160.0,7960.0,0.98,6330.0,8080.0,1.28,2620.0,3330.0,1.27,0.0,0.0,0.0,812.0,812.0,1.0
1996-97,Dang,37900.0,94750.0,2.5,21740.0,45110.0,2.07,14345.0,23970.0,1.67,300.0,350.0,1.17,0.0,0.0,0.0,70.0,96.0,1.37
1996-97,Darchula,3500.0,6120.0,1.75,6000.0,11000.0,1.83,6200.0,4650.0,0.75,1300.0,1300.0,1.0,0.0,0.0,0.0,1100.0,550.0,0.5
1996-97,Dhading,14500.0,28520.0,1.97,20000.0,30210.0,1.51,4715.0,7589.0,1.61,8600.0,9940.0,1.16,0.0,0.0,0.0,372.0,338.0,0.91
1996-97,Dhankuta,9640.0,22280.0,2.31,17000.0,28300.0,1.66,2725.0,4986.0,1.83,7800.0,9100.0,1.17,0.0,0.0,0.0,22.0,21.0,0.95
1996-97,Dhanusa,62100.0,150000.0,2.42,2000.0,4000.0,2.0,20928.0,37120.0,1.77,220.0,220.0,1.0,0.0,0.0,0.0,27.0,20.0,0.74
1996-97,Dolakha,2500.0,5000.0,2.0,5350.0,9740.0,1.82,4580.0,6750.0,1.47,3500.0,3820.0,1.09,0.0,0.0,0.0,200.0,102.0,0.51
1996-97,Dolpa,250.0,480.0,1.92,1920.0,2400.0,1.25,220.0,280.0,1.27,700.0,700.0,1.0,0.0,0.0,0.0,582.0,570.0,0.98
1996-97,Doti,6000.0,13280.0,2.21,2500.0,5200.0,2.08,9100.0,11700.0,1.29,3000.0,3000.0,1.0,0.0,0.0,0.0,440.0,490.0,1.11
1996-97,Gorkha,15250.0,32150.0,2.11,17460.0,30900.0,1.77,4053.0,6480.0,1.6,12500.0,16130.0,1.29,0.0,0.0,0.0,246.0,292.0,1.19
1996-97,Gulmi,10360.0,23160.0,2.24,20900.0,29800.0,1.43,5381.0,8000.0,1.49,7600.0,7700.0,1.01,0.0,0.0,0.0,800.0,930.0,1.16
1996-97,Humla,320.0,570.0,1.78,160.0,160.0,1.0,935.0,933.0,1.0,1300.0,1500.0,1.15,0.0,0.0,0.0,710.0,637.0,0.9
1996-97,Ilam,12500.0,24750.0,1.98,22500.0,40500.0,1.8,4740.0,7568.0,1.6,4500.0,4500.0,1.0,0.0,0.0,0.0,9.0,240.0,26.67
1996-97,Jajarkot,3500.0,6370.0,1.82,7630.0,11820.0,1.55,6540.0,9440.0,1.44,2060.0,2600.0,1.26,0.0,0.0,0.0,3760.0,3760.0,1.0
1996-97,Jhapa,94480.0,261710.0,2.77,19100.0,28690.0,1.5,14000.0,22912.0,1.64,3000.0,3000.0,1.0,0.0,0.0,0.0,10.0,10.0,1.0
1996-97,Jumla,1400.0,2800.0,2.0,2050.0,2660.0,1.3,1521.0,1473.0,0.97,1350.0,1450.0,1.07,0.0,0.0,0.0,2661.0,2221.0,0.83
1996-97,Kailali,54700.0,139590.0,2.55,12220.0,23210.0,1.9,19500.0,36000.0,1.85,70.0,80.0,1.14,0.0,0.0,0.0,150.0,91.0,0.61
1996-97,Kalikot,1120.0,2300.0,2.05,1720.0,3350.0,1.95,5360.0,7380.0,1.38,1100.0,1230.0,1.12,0.0,0.0,0.0,1040.0,1425.0,1.37
1996-97,Kanchanpur,43050.0,107620.0,2.5,11390.0,20720.0,1.82,19400.0,34660.0,1.79,50.0,60.0,1.2,0.0,0.0,0.0,12.0,11.0,0.92
1996-97,Kapilbastu,70100.0,175440.0,2.5,980.0,1760.0,1.8,21359.0,39100.0,1.83,110.0,120.0,1.09,0.0,0.0,0.0,110.0,130.0,1.18
1996-97,Kaski,15350.0,36800.0,2.4,15450.0,23150.0,1.5,5200.0,8450.0,1.62,10060.0,12050.0,1.2,0.0,0.0,0.0,206.0,100.0,0.49
1996-97,Kathmandu,11140.0,52410.0,4.7,5750.0,14940.0,2.6,7050.0,12600.0,1.79,990.0,1380.0,1.39,0.0,0.0,0.0,10.0,10.0,1.0
1996-97,Kavre,12200.0,30500.0,2.5,23560.0,36710.0,1.56,12000.0,17250.0,1.44,2000.0,2000.0,1.0,0.0,0.0,0.0,700.0,700.0,1.0
1996-97,Khotang,10960.0,18700.0,1.71,17690.0,25470.0,1.44,4350.0,7197.0,1.65,11350.0,11300.0,1.0,0.0,0.0,0.0,320.0,314.0,0.98
1996-97,Lalitpur,4280.0,16950.0,3.96,5740.0,12730.0,2.22,4416.0,7498.0,1.7,1230.0,1630.0,1.33,0.0,0.0,0.0,245.0,30.0,0.12
1996-97,Lamjung,11760.0,23440.0,1.99,11240.0,16520.0,1.47,3770.0,6122.0,1.62,8800.0,11000.0,1.25,0.0,0.0,0.0,201.0,170.0,0.85
1996-97,Mahottari,47000.0,105930.0,2.25,3340.0,6810.0,2.04,22310.0,37260.0,1.67,850.0,940.0,1.11,0.0,0.0,0.0,80.0,80.0,1.0
1996-97,Makwanpur,11500.0,26450.0,2.3,19500.0,34510.0,1.77,4250.0,7380.0,1.74,3000.0,3330.0,1.11,0.0,0.0,0.0,28.0,30.0,1.07
1996-97,Manang,0.0,0.0,0.0,150.0,160.0,1.07,310.0,400.0,1.29,0.0,0.0,0.0,0.0,0.0,0.0,175.0,200.0,1.14
1996-97,Morang,92700.0,241940.0,2.61,14000.0,26580.0,1.9,16100.0,31500.0,1.96,1280.0,1160.0,0.91,0.0,0.0,0.0,30.0,30.0,1.0
1996-97,Mugu,370.0,700.0,1.89,150.0,160.0,1.07,1250.0,1240.0,0.99,690.0,750.0,1.09,0.0,0.0,0.0,1000.0,1000.0,1.0
1996-97,Mustang,0.0,0.0,0.0,510.0,640.0,1.25,418.0,551.0,1.32,0.0,0.0,0.0,0.0,0.0,0.0,1015.0,1202.0,1.18
1996-97,Myagdi,3350.0,7200.0,2.15,8350.0,13700.0,1.64,3500.0,5460.0,1.56,4450.0,4000.0,0.9,0.0,0.0,0.0,1650.0,1609.0,0.98
1996-97,Nawalparasi,42500.0,110000.0,2.59,9650.0,17370.0,1.8,17190.0,31500.0,1.83,4500.0,4500.0,1.0,0.0,0.0,0.0,100.0,120.0,1.2
1996-97,Nuwakot,16430.0,38690.0,2.35,19180.0,26820.0,1.4,6216.0,10574.0,1.7,6400.0,7180.0,1.12,0.0,0.0,0.0,90.0,83.0,0.92
1996-97,Okhaldhunga,6920.0,14400.0,2.08,9190.0,13720.0,1.49,1612.0,2740.0,1.7,7500.0,7500.0,1.0,0.0,0.0,0.0,110.0,94.0,0.85
1996-97,Palpa,9430.0,19250.0,2.04,19950.0,31920.0,1.6,7653.0,11350.0,1.48,4000.0,4000.0,1.0,0.0,0.0,0.0,287.0,287.0,1.0
1996-97,Panchthar,10360.0,19160.0,1.85,16300.0,25100.0,1.54,4090.0,7619.0,1.86,6000.0,6100.0,1.02,0.0,0.0,0.0,519.0,467.0,0.9
1996-97,Parbat,8790.0,17600.0,2.0,10580.0,16920.0,1.6,4572.0,7400.0,1.62,8800.0,8800.0,1.0,0.0,0.0,0.0,288.0,286.0,0.99
1996-97,Parsa,45570.0,125990.0,2.76,5120.0,13310.0,2.6,20780.0,41120.0,1.98,310.0,310.0,1.0,0.0,0.0,0.0,146.0,72.0,0.49
1996-97,Pyuthan,6030.0,12500.0,2.07,12050.0,16000.0,1.33,7890.0,11600.0,1.47,2290.0,2500.0,1.09,0.0,0.0,0.0,1253.0,2000.0,1.6
1996-97,Ramechhap,6870.0,13570.0,1.98,16460.0,24690.0,1.5,2613.0,4161.0,1.59,7500.0,8500.0,1.13,0.0,0.0,0.0,300.0,210.0,0.7
1996-97,Rasuwa,1400.0,2420.0,1.73,2300.0,3770.0,1.64,1050.0,1442.0,1.37,1340.0,1480.0,1.1,0.0,0.0,0.0,335.0,422.0,1.26
1996-97,Rautahat,48200.0,110470.0,2.29,5000.0,9000.0,1.8,17500.0,30240.0,1.73,110.0,130.0,1.18,0.0,0.0,0.0,300.0,300.0,1.0
1996-97,Rolpa,4710.0,9100.0,1.93,11200.0,17900.0,1.6,8220.0,12000.0,1.46,1050.0,1100.0,1.05,0.0,0.0,0.0,1530.0,2140.0,1.4
1996-97,Rukum,4750.0,10100.0,2.13,18600.0,31500.0,1.69,11000.0,15180.0,1.38,1220.0,1430.0,1.17,0.0,0.0,0.0,1030.0,1044.0,1.01
1996-97,Rupandehi,70200.0,190000.0,2.71,1660.0,1550.0,0.93,21150.0,41121.0,1.94,60.0,70.0,1.17,0.0,0.0,0.0,70.0,69.0,0.99
1996-97,Salyan,6040.0,11260.0,1.86,19000.0,28500.0,1.5,13100.0,20910.0,1.6,4010.0,5410.0,1.35,0.0,0.0,0.0,1420.0,1500.0,1.06
1996-97,Sankhuwasabha,10460.0,19520.0,1.87,9600.0,14540.0,1.51,1675.0,2227.0,1.33,7100.0,7500.0,1.06,0.0,0.0,0.0,376.0,362.0,0.96
1996-97,Saptari,70000.0,175000.0,2.5,1350.0,2560.0,1.9,18000.0,32230.0,1.79,300.0,300.0,1.0,0.0,0.0,0.0,10.0,10.0,1.0
1996-97,Sarlahi,46830.0,107770.0,2.3,7900.0,13500.0,1.71,22562.0,36500.0,1.62,560.0,620.0,1.11,0.0,0.0,0.0,165.0,130.0,0.79
1996-97,Sindhuli,11550.0,25410.0,2.2,23280.0,41450.0,1.78,5692.0,9091.0,1.6,11530.0,13840.0,1.2,0.0,0.0,0.0,210.0,152.0,0.72
1996-97,Sindhupalchok,7300.0,14600.0,2.0,16000.0,24000.0,1.5,6700.0,10580.0,1.58,12630.0,14840.0,1.17,0.0,0.0,0.0,600.0,786.0,1.31
1996-97,Siraha,67060.0,140700.0,2.1,2550.0,4550.0,1.78,16245.0,29070.0,1.79,190.0,190.0,1.0,0.0,0.0,0.0,10.0,10.0,1.0
1996-97,Solukhumbu,820.0,1560.0,1.9,4110.0,6660.0,1.62,2504.0,3611.0,1.44,1650.0,1650.0,1.0,0.0,0.0,0.0,721.0,655.0,0.91
1996-97,Sunsari,58500.0,163800.0,2.8,4500.0,7800.0,1.73,17408.0,34821.0,2.0,1000.0,1100.0,1.1,0.0,0.0,0.0,5.0,5.0,1.0
1996-97,Surkhet,12400.0,28830.0,2.33,15370.0,25000.0,1.63,17000.0,23190.0,1.36,1500.0,1890.0,1.26,0.0,0.0,0.0,905.0,624.0,0.69
1996-97,Syangja,14080.0,30500.0,2.17,28500.0,39610.0,1.39,6520.0,10990.0,1.69,14000.0,16800.0,1.2,0.0,0.0,0.0,90.0,90.0,1.0
1996-97,Tanahu,14320.0,32940.0,2.3,20000.0,32000.0,1.6,2850.0,4703.0,1.65,7100.0,9850.0,1.39,0.0,0.0,0.0,14.0,11.0,0.79
1996-97,Taplejung,6500.0,12250.0,1.88,10000.0,14000.0,1.4,1925.0,2344.0,1.22,5000.0,5010.0,1.0,0.0,0.0,0.0,209.0,425.0,2.03
1996-97,Tehrathum,11200.0,19670.0,1.76,11830.0,19130.0,1.62,2560.0,4480.0,1.75,3200.0,3200.0,1.0,0.0,0.0,0.0,105.0,105.0,1.0
1996-97,Udayapur,11000.0,24900.0,2.26,14480.0,22820.0,1.58,5240.0,9198.0,1.76,2570.0,2920.0,1.14,0.0,0.0,0.0,36.0,35.0,0.97
1997-98,Achham,6750.0,14570.0,2.16,5200.0,7800.0,1.5,7050.0,10460.0,1.48,1750.0,2000.0,1.14,0.0,0.0,0.0,154.0,280.0,1.82
1997-98,Arghakhanchi,7150.0,15000.0,2.1,15550.0,25660.0,1.65,6750.0,8380.0,1.24,1050.0,1000.0,0.95,0.0,0.0,0.0,812.0,812.0,1.0
1997-98,Baglung,5508.0,13120.0,2.38,14515.0,24070.0,1.66,6848.0,8217.0,1.2,7300.0,7300.0,1.0,0.0,0.0,0.0,1218.0,622.0,0.51
1997-98,Baitadi,5550.0,9450.0,1.7,7510.0,12750.0,1.7,9100.0,10500.0,1.15,1350.0,1530.0,1.13,0.0,0.0,0.0,1000.0,830.0,0.83
1997-98,Bajhang,3490.0,6280.0,1.8,1280.0,1770.0,1.38,6050.0,6500.0,1.07,1500.0,1500.0,1.0,0.0,0.0,0.0,1004.0,975.0,0.97
1997-98,Bajura,3200.0,5700.0,1.78,800.0,1280.0,1.6,4630.0,5715.0,1.23,2502.0,2570.0,1.03,0.0,0.0,0.0,995.0,1300.0,1.31
1997-98,Banke,33100.0,95490.0,2.88,7850.0,14000.0,1.78,11850.0,10900.0,0.92,0.0,0.0,0.0,0.0,0.0,0.0,30.0,30.0,1.0
1997-98,Bara,56500.0,166675.0,2.95,6650.0,18890.0,2.84,23725.0,47195.0,1.99,100.0,120.0,1.2,0.0,0.0,0.0,109.0,90.0,0.83
1997-98,Bardiya,31985.0,83160.0,2.6,8928.0,17140.0,1.92,15600.0,22950.0,1.47,10.0,10.0,1.0,0.0,0.0,0.0,100.0,106.0,1.06
1997-98,Bhaktapur,4700.0,23050.0,4.9,2300.0,6400.0,2.78,4100.0,8820.0,2.15,1350.0,1850.0,1.37,0.0,0.0,0.0,25.0,40.0,1.6
1997-98,Bhojpur,17300.0,37540.0,2.17,18680.0,29900.0,1.6,2550.0,4743.0,1.86,9680.0,9690.0,1.0,0.0,0.0,0.0,77.0,90.0,1.17
1997-98,Chitwan,32250.0,85462.0,2.65,29150.0,65300.0,2.24,10000.0,18300.0,1.83,1500.0,1425.0,0.95,0.0,0.0,0.0,550.0,670.0,1.22
1997-98,Dadeldhura,7100.0,15630.0,2.2,3980.0,7363.0,1.85,8800.0,11610.0,1.32,1540.0,1500.0,0.97,0.0,0.0,0.0,350.0,350.0,1.0
1997-98,Dailekh,5747.0,11494.0,2.0,8166.0,12250.0,1.5,6400.0,8080.0,1.26,2629.0,3330.0,1.27,0.0,0.0,0.0,530.0,812.0,1.53
1997-98,Dang,38700.0,100620.0,2.6,21900.0,44890.0,2.05,12400.0,25104.0,2.02,300.0,360.0,1.2,0.0,0.0,0.0,70.0,70.0,1.0
1997-98,Darchula,3550.0,7100.0,2.0,5900.0,8850.0,1.5,6100.0,6820.0,1.12,1500.0,1150.0,0.77,0.0,0.0,0.0,1100.0,550.0,0.5
1997-98,Dhading,14500.0,29960.0,2.07,20050.0,30210.0,1.51,4500.0,7144.0,1.59,8600.0,9940.0,1.16,0.0,0.0,0.0,350.0,322.0,0.92
1997-98,Dhankuta,9635.0,22160.0,2.3,17060.0,29000.0,1.7,2770.0,4469.0,1.61,8100.0,8185.0,1.01,0.0,0.0,0.0,22.0,24.0,1.09
1997-98,Dhanusa,62500.0,138240.0,2.21,2010.0,4000.0,1.99,24000.0,35196.0,1.47,1200.0,1437.0,1.2,0.0,0.0,0.0,27.0,23.0,0.85
1997-98,Dolakha,2550.0,5100.0,2.0,5350.0,9340.0,1.75,4600.0,8010.0,1.74,3500.0,3820.0,1.09,0.0,0.0,0.0,200.0,140.0,0.7
1997-98,Dolpa,260.0,490.0,1.88,1920.0,2400.0,1.25,230.0,280.0,1.22,700.0,700.0,1.0,0.0,0.0,0.0,390.0,574.0,1.47
1997-98,Doti,6000.0,14190.0,2.37,2500.0,4690.0,1.88,9150.0,12849.0,1.4,3000.0,2575.0,0.86,0.0,0.0,0.0,340.0,427.0,1.26
1997-98,Gorkha,15937.0,36336.0,2.28,17600.0,30270.0,1.72,4060.0,6811.0,1.68,12570.0,14960.0,1.19,0.0,0.0,0.0,248.0,319.0,1.29
1997-98,Gulmi,10425.0,24560.0,2.36,20930.0,31940.0,1.53,5398.0,8000.0,1.48,7610.0,7710.0,1.01,0.0,0.0,0.0,682.0,930.0,1.36
1997-98,Humla,350.0,553.0,1.58,160.0,160.0,1.0,952.0,933.0,0.98,1300.0,1500.0,1.15,0.0,0.0,0.0,681.0,637.0,0.94
1997-98,Ilam,13182.0,26900.0,2.04,22630.0,41866.0,1.85,4533.0,6622.0,1.46,3680.0,3402.0,0.92,0.0,0.0,0.0,9.0,5.0,0.56
1997-98,Jajarkot,3500.0,5730.0,1.64,7830.0,12528.0,1.6,6550.0,9440.0,1.44,2060.0,2600.0,1.26,0.0,0.0,0.0,1644.0,3760.0,2.29
1997-98,Jhapa,94000.0,247590.0,2.63,19125.0,26810.0,1.4,13275.0,25200.0,1.9,3510.0,3510.0,1.0,0.0,0.0,0.0,50.0,10.0,0.2
1997-98,Jumla,1450.0,2475.0,1.71,2128.0,2767.0,1.3,1573.0,1678.0,1.07,1361.0,1350.0,0.99,0.0,0.0,0.0,2743.0,2584.0,0.94
1997-98,Kailali,54800.0,143685.0,2.62,12200.0,22570.0,1.85,17000.0,32180.0,1.89,70.0,80.0,1.14,0.0,0.0,0.0,150.0,150.0,1.0
1997-98,Kalikot,1150.0,2360.0,2.05,1720.0,2580.0,1.5,5260.0,7380.0,1.4,1100.0,1230.0,1.12,0.0,0.0,0.0,1040.0,1425.0,1.37
1997-98,Kanchanpur,44000.0,114075.0,2.59,11200.0,20160.0,1.8,21340.0,30044.0,1.41,45.0,50.0,1.11,0.0,0.0,0.0,12.0,12.0,1.0
1997-98,Kapilbastu,63450.0,63450.0,1.0,800.0,1000.0,1.25,23894.0,28349.0,1.19,110.0,120.0,1.09,0.0,0.0,0.0,110.0,110.0,1.0
1997-98,Kaski,15350.0,35100.0,2.29,15400.0,25410.0,1.65,5563.0,8892.0,1.6,10060.0,12000.0,1.19,0.0,0.0,0.0,206.0,206.0,1.0
1997-98,Kathmandu,11146.0,53500.0,4.8,6050.0,13310.0,2.2,7080.0,13395.0,1.89,990.0,1380.0,1.39,0.0,0.0,0.0,10.0,11.0,1.1
1997-98,Kavre,13825.0,34222.0,2.48,23965.0,40390.0,1.69,11350.0,20400.0,1.8,1350.0,1885.0,1.4,0.0,0.0,0.0,700.0,700.0,1.0
1997-98,Khotang,11285.0,19266.0,1.71,17700.0,28320.0,1.6,4050.0,6960.0,1.72,11689.0,10750.0,0.92,0.0,0.0,0.0,320.0,314.0,0.98
1997-98,Lalitpur,5249.0,24434.0,4.65,5745.0,10915.0,1.9,4416.0,7000.0,1.59,1230.0,1630.0,1.33,0.0,0.0,0.0,250.0,264.0,1.06
1997-98,Lamjung,11800.0,23600.0,2.0,11300.0,18284.0,1.62,4315.0,6250.0,1.45,8800.0,11000.0,1.25,0.0,0.0,0.0,202.0,177.0,0.88
1997-98,Mahottari,47500.0,114000.0,2.4,3345.0,7024.0,2.1,18000.0,36023.0,2.0,1700.0,1700.0,1.0,0.0,0.0,0.0,80.0,70.0,0.88
1997-98,Makwanpur,11910.0,27400.0,2.3,19600.0,35280.0,1.8,4250.0,8200.0,1.93,3075.0,3444.0,1.12,0.0,0.0,0.0,28.0,36.0,1.29
1997-98,Manang,0.0,0.0,0.0,512.0,489.0,0.96,310.0,567.0,1.83,0.0,0.0,0.0,0.0,0.0,0.0,275.0,200.0,0.73
1997-98,Morang,92750.0,234680.0,2.53,14000.0,26600.0,1.9,14950.0,28980.0,1.94,1285.0,1157.0,0.9,0.0,0.0,0.0,30.0,30.0,1.0
1997-98,Mugu,420.0,820.0,1.95,150.0,160.0,1.07,1260.0,1232.0,0.98,690.0,690.0,1.0,0.0,0.0,0.0,1010.0,982.0,0.97
1997-98,Mustang,0.0,0.0,0.0,510.0,740.0,1.45,478.0,706.0,1.48,0.0,0.0,0.0,0.0,0.0,0.0,1015.0,1187.0,1.17
1997-98,Myagdi,3350.0,7060.0,2.11,8750.0,14350.0,1.64,3510.0,5460.0,1.56,4450.0,4000.0,0.9,0.0,0.0,0.0,1500.0,1609.0,1.07
1997-98,Nawalparasi,42500.0,109000.0,2.56,9650.0,15440.0,1.6,19000.0,26640.0,1.4,4250.0,4300.0,1.01,0.0,0.0,0.0,105.0,100.0,0.95
1997-98,Nuwakot,16930.0,38939.0,2.3,19184.0,26857.0,1.4,6216.0,10710.0,1.72,6400.0,7180.0,1.12,0.0,0.0,0.0,90.0,83.0,0.92
1997-98,Okhaldhunga,6924.0,13848.0,2.0,9150.0,16095.0,1.76,2070.0,2740.0,1.32,7500.0,7500.0,1.0,0.0,0.0,0.0,110.0,94.0,0.85
1997-98,Palpa,9361.0,22762.0,2.43,20200.0,34542.0,1.71,6054.0,11479.0,1.9,3010.0,3307.0,1.1,0.0,0.0,0.0,285.0,275.0,0.96
1997-98,Panchthar,10334.0,19015.0,1.84,16500.0,28050.0,1.7,4091.0,7650.0,1.87,5952.0,6976.0,1.17,0.0,0.0,0.0,520.0,467.0,0.9
1997-98,Parbat,8786.0,16916.0,1.93,11000.0,18480.0,1.68,3300.0,7400.0,2.24,9000.0,9000.0,1.0,0.0,0.0,0.0,280.0,286.0,1.02
1997-98,Parsa,45946.0,127270.0,2.77,5852.0,13522.0,2.31,19180.0,39280.0,2.05,312.0,312.0,1.0,0.0,0.0,0.0,70.0,140.0,2.0
1997-98,Pyuthan,6540.0,14465.0,2.21,12030.0,18045.0,1.5,8055.0,11600.0,1.44,2290.0,2500.0,1.09,0.0,0.0,0.0,148.0,1405.0,9.49
1997-98,Ramechhap,6150.0,12060.0,1.96,15803.0,26070.0,1.65,2500.0,4311.0,1.72,7700.0,7122.0,0.92,0.0,0.0,0.0,300.0,210.0,0.7
1997-98,Rasuwa,1370.0,2705.0,1.97,2366.0,2745.0,1.16,892.0,1680.0,1.88,1334.0,1540.0,1.15,0.0,0.0,0.0,285.0,537.0,1.88
1997-98,Rautahat,47500.0,116380.0,2.45,4965.0,9930.0,2.0,11700.0,29620.0,2.53,110.0,130.0,1.18,0.0,0.0,0.0,300.0,330.0,1.1
1997-98,Rolpa,4700.0,9160.0,1.95,11190.0,17910.0,1.6,8200.0,12330.0,1.5,1050.0,1100.0,1.05,0.0,0.0,0.0,1223.0,1990.0,1.63
1997-98,Rukum,4712.0,10230.0,2.17,18650.0,31518.0,1.69,11100.0,15540.0,1.4,1220.0,1430.0,1.17,0.0,0.0,0.0,1030.0,1044.0,1.01
1997-98,Rupandehi,60200.0,167280.0,2.78,1700.0,1700.0,1.0,30341.0,34930.0,1.15,60.0,70.0,1.17,0.0,0.0,0.0,70.0,69.0,0.99
1997-98,Salyan,6047.0,11300.0,1.87,19135.0,28894.0,1.51,13175.0,21000.0,1.59,4010.0,5410.0,1.35,0.0,0.0,0.0,1430.0,1322.0,0.92
1997-98,Sankhuwasabha,10460.0,18820.0,1.8,10050.0,16985.0,1.69,1775.0,2513.0,1.42,7100.0,7500.0,1.06,0.0,0.0,0.0,276.0,284.0,1.03
1997-98,Saptari,70000.0,168000.0,2.4,1000.0,1800.0,1.8,17000.0,27000.0,1.59,300.0,300.0,1.0,0.0,0.0,0.0,10.0,10.0,1.0
1997-98,Sarlahi,46830.0,107770.0,2.3,7880.0,13460.0,1.71,22400.0,35651.0,1.59,560.0,620.0,1.11,0.0,0.0,0.0,205.0,130.0,0.63
1997-98,Sindhuli,11550.0,25410.0,2.2,23311.0,38930.0,1.67,5691.0,9091.0,1.6,11530.0,13840.0,1.2,0.0,0.0,0.0,210.0,152.0,0.72
1997-98,Sindhupalchok,7400.0,14652.0,1.98,16540.0,27960.0,1.69,7000.0,10720.0,1.53,13630.0,15947.0,1.17,0.0,0.0,0.0,500.0,840.0,1.68
1997-98,Siraha,67060.0,154200.0,2.3,2570.0,4630.0,1.8,15300.0,27876.0,1.82,190.0,190.0,1.0,0.0,0.0,0.0,10.0,10.0,1.0
1997-98,Solukhumbu,810.0,1560.0,1.93,4110.0,6780.0,1.65,2508.0,4407.0,1.76,1610.0,1510.0,0.94,0.0,0.0,0.0,571.0,944.0,1.65
1997-98,Sunsari,58500.0,158364.0,2.71,4970.0,9195.0,1.85,16416.0,33700.0,2.05,775.0,966.0,1.25,0.0,0.0,0.0,5.0,5.0,1.0
1997-98,Surkhet,12500.0,28510.0,2.28,15240.0,27432.0,1.8,17070.0,27200.0,1.59,1450.0,1880.0,1.3,0.0,0.0,0.0,900.0,1130.0,1.26
1997-98,Syangja,14280.0,30155.0,2.11,28600.0,43163.0,1.51,7000.0,10990.0,1.57,14700.0,13230.0,0.9,0.0,0.0,0.0,90.0,90.0,1.0
1997-98,Tanahu,14350.0,33722.0,2.35,20120.0,34480.0,1.71,2700.0,4703.0,1.74,7100.0,9850.0,1.39,0.0,0.0,0.0,13.0,11.0,0.85
1997-98,Taplejung,7000.0,14175.0,2.02,10210.0,15110.0,1.48,1895.0,2695.0,1.42,5631.0,6350.0,1.13,0.0,0.0,0.0,216.0,186.0,0.86
1997-98,Tehrathum,11496.0,22790.0,1.98,11675.0,20431.0,1.75,2603.0,4680.0,1.8,3200.0,4000.0,1.25,0.0,0.0,0.0,107.0,105.0,0.98
1997-98,Udayapur,11250.0,29125.0,2.59,14810.0,25310.0,1.71,5000.0,9240.0,1.85,2570.0,2920.0,1.14,0.0,0.0,0.0,36.0,36.0,1.0
1998-99,Achham,6800.0,16200.0,2.38,5150.0,8034.0,1.56,6680.0,10520.0,1.57,1784.0,2390.0,1.34,0.0,0.0,0.0,690.0,160.0,0.23
1998-99,Arghakhanchi,7170.0,15100.0,2.11,15530.0,24848.0,1.6,4870.0,10170.0,2.09,1050.0,1000.0,0.95,0.0,0.0,0.0,510.0,812.0,1.59
1998-99,Baglung,5348.0,12736.0,2.38,14600.0,23652.0,1.62,5800.0,9312.0,1.61,8161.0,8160.0,1.0,0.0,0.0,0.0,390.0,1620.0,4.15
1998-99,Baitadi,5550.0,10100.0,1.82,7520.0,12032.0,1.6,5680.0,10010.0,1.76,1350.0,1530.0,1.13,0.0,0.0,0.0,680.0,900.0,1.32
1998-99,Bajhang,3500.0,7000.0,2.0,1270.0,1778.0,1.4,5200.0,6500.0,1.25,1500.0,1500.0,1.0,0.0,0.0,0.0,700.0,1004.0,1.43
1998-99,Bajura,3230.0,6830.0,2.11,790.0,1264.0,1.6,4520.0,6025.0,1.33,1990.0,2500.0,1.26,0.0,0.0,0.0,910.0,1023.0,1.12
1998-99,Banke,33500.0,95200.0,2.84,7850.0,8458.0,1.08,13000.0,24825.0,1.91,0.0,0.0,0.0,0.0,0.0,0.0,40.0,30.0,0.75
1998-99,Bara,54400.0,159920.0,2.94,6500.0,17650.0,2.72,23500.0,52800.0,2.25,100.0,120.0,1.2,0.0,0.0,0.0,100.0,73.0,0.73
1998-99,Bardiya,32180.0,85280.0,2.65,8500.0,13600.0,1.6,16090.0,29640.0,1.84,10.0,10.0,1.0,0.0,0.0,0.0,100.0,106.0,1.06
1998-99,Bhaktapur,4700.0,23500.0,5.0,2200.0,5500.0,2.5,4640.0,8610.0,1.86,1300.0,1780.0,1.37,0.0,0.0,0.0,20.0,30.0,1.5
1998-99,Bhojpur,17350.0,48620.0,2.8,18700.0,29920.0,1.6,2120.0,4648.0,2.19,9500.0,10520.0,1.11,0.0,0.0,0.0,50.0,92.0,1.84
1998-99,Chitwan,32300.0,87210.0,2.7,29200.0,64240.0,2.2,8070.0,16000.0,1.98,1500.0,1425.0,0.95,0.0,0.0,0.0,550.0,605.0,1.1
1998-99,Dadeldhura,7020.0,16145.0,2.3,4000.0,6800.0,1.7,8950.0,11528.0,1.29,1540.0,1500.0,0.97,0.0,0.0,0.0,650.0,350.0,0.54
1998-99,Dailekh,5750.0,11500.0,2.0,8170.0,11438.0,1.4,6200.0,6868.0,1.11,2629.0,3330.0,1.27,0.0,0.0,0.0,800.0,519.0,0.65
1998-99,Dang,38900.0,110682.0,2.85,22300.0,39700.0,1.78,18200.0,25048.0,1.38,300.0,360.0,1.2,0.0,0.0,0.0,130.0,70.0,0.54
1998-99,Darchula,3600.0,6220.0,1.73,6000.0,10000.0,1.67,7500.0,7320.0,0.98,1200.0,1224.0,1.02,0.0,0.0,0.0,930.0,1034.0,1.11
1998-99,Dhading,14450.0,29500.0,2.04,20020.0,30030.0,1.5,4970.0,6300.0,1.27,8600.0,9940.0,1.16,0.0,0.0,0.0,320.0,280.0,0.88
1998-99,Dhankuta,9725.0,22830.0,2.35,17160.0,28828.0,1.68,2230.0,4245.0,1.9,8100.0,8166.0,1.01,0.0,0.0,0.0,40.0,24.0,0.6
1998-99,Dhanusa,61030.0,71405.0,1.17,2050.0,4100.0,2.0,20050.0,36000.0,1.8,1200.0,1437.0,1.2,0.0,0.0,0.0,300.0,23.0,0.08
1998-99,Dolakha,2650.0,5830.0,2.2,5300.0,7950.0,1.5,4000.0,7060.0,1.76,3500.0,3820.0,1.09,0.0,0.0,0.0,290.0,140.0,0.48
1998-99,Dolpa,260.0,500.0,1.92,1950.0,2535.0,1.3,600.0,206.0,0.34,700.0,700.0,1.0,0.0,0.0,0.0,560.0,229.0,0.41
1998-99,Doti,6000.0,14200.0,2.37,2500.0,4342.0,1.74,10430.0,12902.0,1.24,3000.0,2800.0,0.93,0.0,0.0,0.0,350.0,310.0,0.89
1998-99,Gorkha,15900.0,36330.0,2.28,17580.0,29886.0,1.7,4040.0,6750.0,1.67,12570.0,14960.0,1.19,0.0,0.0,0.0,240.0,315.0,1.31
1998-99,Gulmi,10500.0,24370.0,2.32,21100.0,31650.0,1.5,4180.0,7870.0,1.88,7610.0,7710.0,1.01,0.0,0.0,0.0,380.0,782.0,2.06
1998-99,Humla,390.0,715.0,1.83,98.0,128.0,1.31,630.0,428.0,0.68,1956.0,1081.0,0.55,0.0,0.0,0.0,810.0,550.0,0.68
1998-99,Ilam,13200.0,26995.0,2.05,22650.0,41175.0,1.82,4500.0,6332.0,1.41,3680.0,3402.0,0.92,0.0,0.0,0.0,120.0,5.0,0.04
1998-99,Jajarkot,3510.0,6370.0,1.81,7800.0,12010.0,1.54,6050.0,8024.0,1.33,2060.0,2600.0,1.26,0.0,0.0,0.0,800.0,1644.0,2.06
1998-99,Jhapa,94500.0,283500.0,3.0,20150.0,34255.0,1.7,9180.0,21420.0,2.33,2800.0,3000.0,1.07,0.0,0.0,0.0,10.0,60.0,6.0
1998-99,Jumla,1500.0,1141.0,0.76,2122.0,2176.0,1.03,1810.0,1214.0,0.67,2055.0,1470.0,0.72,0.0,0.0,0.0,1500.0,2480.0,1.65
1998-99,Kailali,55000.0,145750.0,2.65,12000.0,22800.0,1.9,20870.0,37400.0,1.79,70.0,80.0,1.14,0.0,0.0,0.0,140.0,150.0,1.07
1998-99,Kalikot,1150.0,2500.0,2.17,1730.0,2595.0,1.5,5000.0,6838.0,1.37,1100.0,1230.0,1.12,0.0,0.0,0.0,770.0,1040.0,1.35
1998-99,Kanchanpur,44270.0,115980.0,2.62,11330.0,19549.0,1.73,12000.0,51216.0,4.27,45.0,50.0,1.11,0.0,0.0,0.0,300.0,11.0,0.04
1998-99,Kapilbastu,70200.0,135580.0,1.93,900.0,900.0,1.0,20100.0,35840.0,1.78,110.0,120.0,1.09,0.0,0.0,0.0,150.0,110.0,0.73
1998-99,Kaski,15450.0,37164.0,2.41,15500.0,24800.0,1.6,7000.0,9635.0,1.38,10557.0,13812.0,1.31,0.0,0.0,0.0,100.0,206.0,2.06
1998-99,Kathmandu,11000.0,54000.0,4.91,5800.0,13340.0,2.3,7720.0,12820.0,1.66,990.0,1380.0,1.39,0.0,0.0,0.0,10.0,6.0,0.6
1998-99,Kavre,13900.0,36395.0,2.62,24000.0,48000.0,2.0,14700.0,18728.0,1.27,1350.0,1885.0,1.4,0.0,0.0,0.0,320.0,700.0,2.19
1998-99,Khotang,11300.0,24860.0,2.2,18000.0,27900.0,1.55,9880.0,6751.0,0.68,12680.0,13800.0,1.09,0.0,0.0,0.0,200.0,314.0,1.57
1998-99,Lalitpur,5250.0,25200.0,4.8,5730.0,12033.0,2.1,5300.0,7420.0,1.4,1230.0,1630.0,1.33,0.0,0.0,0.0,40.0,275.0,6.88
1998-99,Lamjung,11900.0,23996.0,2.02,11350.0,17150.0,1.51,4130.0,7050.0,1.71,8603.0,9131.0,1.06,0.0,0.0,0.0,220.0,184.0,0.84
1998-99,Mahottari,46500.0,97880.0,2.1,3350.0,6700.0,2.0,17050.0,30600.0,1.79,1700.0,1700.0,1.0,0.0,0.0,0.0,200.0,70.0,0.35
1998-99,Makwanpur,11950.0,27600.0,2.31,19600.0,33320.0,1.7,6000.0,7080.0,1.18,3075.0,3444.0,1.12,0.0,0.0,0.0,240.0,35.0,0.15
1998-99,Manang,0.0,0.0,0.0,500.0,500.0,1.0,600.0,373.0,0.62,0.0,0.0,0.0,0.0,0.0,0.0,610.0,320.0,0.52
1998-99,Morang,92800.0,240280.0,2.59,14100.0,26650.0,1.89,14000.0,28068.0,2.0,1285.0,1157.0,0.9,0.0,0.0,0.0,90.0,30.0,0.33
1998-99,Mugu,420.0,850.0,2.02,160.0,170.0,1.06,1550.0,900.0,0.58,690.0,690.0,1.0,0.0,0.0,0.0,1000.0,700.0,0.7
1998-99,Mustang,0.0,0.0,0.0,520.0,624.0,1.2,1000.0,574.0,0.57,0.0,0.0,0.0,0.0,0.0,0.0,1040.0,1187.0,1.14
1998-99,Myagdi,3348.0,7250.0,2.17,9000.0,14400.0,1.6,3070.0,5250.0,1.71,4325.0,4305.0,1.0,0.0,0.0,0.0,290.0,1300.0,4.48
1998-99,Nawalparasi,42600.0,119280.0,2.8,9700.0,16490.0,1.7,14500.0,42750.0,2.95,4250.0,4300.0,1.01,0.0,0.0,0.0,100.0,121.0,1.21
1998-99,Nuwakot,17050.0,40120.0,2.35,19190.0,28785.0,1.5,5550.0,10390.0,1.87,6400.0,7180.0,1.12,0.0,0.0,0.0,60.0,83.0,1.38
1998-99,Okhaldhunga,6930.0,17325.0,2.5,9200.0,15640.0,1.7,1550.0,2685.0,1.73,7500.0,7500.0,1.0,0.0,0.0,0.0,110.0,94.0,0.85
1998-99,Palpa,9360.0,22296.0,2.38,20200.0,36279.0,1.8,4790.0,10132.0,2.12,3010.0,3307.0,1.1,0.0,0.0,0.0,350.0,265.0,0.76
1998-99,Panchthar,10375.0,19712.0,1.9,16500.0,27225.0,1.65,3890.0,7268.0,1.87,5952.0,7560.0,1.27,0.0,0.0,0.0,500.0,494.0,0.99
1998-99,Parbat,8800.0,17600.0,2.0,11100.0,17760.0,1.6,6800.0,4440.0,0.65,9000.0,9100.0,1.01,0.0,0.0,0.0,300.0,281.0,0.94
1998-99,Parsa,46050.0,138150.0,3.0,5800.0,11625.0,2.0,16000.0,39319.0,2.46,312.0,312.0,1.0,0.0,0.0,0.0,60.0,91.0,1.52
1998-99,Pyuthan,6540.0,14500.0,2.22,12060.0,17487.0,1.45,8400.0,12050.0,1.43,2290.0,2500.0,1.09,0.0,0.0,0.0,580.0,148.0,0.26
1998-99,Ramechhap,6180.0,15450.0,2.5,16000.0,24000.0,1.5,3600.0,4020.0,1.12,7700.0,7122.0,0.92,0.0,0.0,0.0,300.0,245.0,0.82
1998-99,Rasuwa,1400.0,2660.0,1.9,2360.0,3300.0,1.4,870.0,1320.0,1.52,1334.0,1540.0,1.15,0.0,0.0,0.0,320.0,300.0,0.94
1998-99,Rautahat,42250.0,80500.0,1.91,5000.0,9000.0,1.8,18700.0,28080.0,1.5,110.0,130.0,1.18,0.0,0.0,0.0,710.0,330.0,0.46
1998-99,Rolpa,4710.0,9200.0,1.95,11190.0,17920.0,1.6,8100.0,12100.0,1.49,700.0,700.0,1.0,0.0,0.0,0.0,1700.0,1428.0,0.84
1998-99,Rukum,4750.0,10300.0,2.17,18660.0,30789.0,1.65,9970.0,15540.0,1.56,1220.0,1430.0,1.17,0.0,0.0,0.0,1050.0,1000.0,0.95
1998-99,Rupandehi,70250.0,189680.0,2.7,1750.0,2975.0,1.7,21500.0,60683.0,2.82,60.0,70.0,1.17,0.0,0.0,0.0,40.0,69.0,1.72
1998-99,Salyan,6050.0,11350.0,1.88,19135.0,28700.0,1.5,14600.0,19763.0,1.35,4000.0,5440.0,1.36,0.0,0.0,0.0,1400.0,1312.0,0.94
1998-99,Sankhuwasabha,10480.0,19600.0,1.87,10050.0,16582.0,1.65,1530.0,1760.0,1.15,7100.0,7500.0,1.06,0.0,0.0,0.0,250.0,286.0,1.14
1998-99,Saptari,70050.0,169100.0,2.41,1200.0,2160.0,1.8,11400.0,23120.0,2.03,300.0,300.0,1.0,0.0,0.0,0.0,80.0,10.0,0.12
1998-99,Sarlahi,44446.0,89025.0,2.0,8000.0,13600.0,1.7,14850.0,33600.0,2.26,560.0,620.0,1.11,0.0,0.0,0.0,180.0,266.0,1.48
1998-99,Sindhuli,11600.0,25636.0,2.21,23342.0,39313.0,1.68,4200.0,9090.0,2.16,10662.0,13852.0,1.3,0.0,0.0,0.0,210.0,152.0,0.72
1998-99,Sindhupalchok,7500.0,15750.0,2.1,17000.0,28050.0,1.65,4300.0,10920.0,2.54,14619.0,17390.0,1.19,0.0,0.0,0.0,350.0,600.0,1.71
1998-99,Siraha,67100.0,150960.0,2.25,2500.0,4350.0,1.74,13500.0,23355.0,1.73,180.0,180.0,1.0,0.0,0.0,0.0,30.0,10.0,0.33
1998-99,Solukhumbu,878.0,1660.0,1.89,4120.0,6674.0,1.62,1160.0,3746.0,3.23,1610.0,1510.0,0.94,0.0,0.0,0.0,570.0,653.0,1.15
1998-99,Sunsari,58600.0,159980.0,2.73,4970.0,8946.0,1.8,11700.0,28645.0,2.45,850.0,1160.0,1.36,0.0,0.0,0.0,40.0,5.0,0.12
1998-99,Surkhet,12410.0,31400.0,2.53,15320.0,28420.0,1.86,15710.0,26159.0,1.67,1425.0,1956.0,1.37,0.0,0.0,0.0,1000.0,1121.0,1.12
1998-99,Syangja,14300.0,28650.0,2.0,28793.0,37640.0,1.31,8200.0,11900.0,1.45,15500.0,15112.0,0.97,0.0,0.0,0.0,50.0,90.0,1.8
1998-99,Tanahu,14400.0,33722.0,2.34,20120.0,34200.0,1.7,3490.0,4833.0,1.38,6350.0,7316.0,1.15,0.0,0.0,0.0,60.0,12.0,0.2
1998-99,Taplejung,7000.0,14200.0,2.03,10200.0,14280.0,1.4,1750.0,1752.0,1.0,5631.0,6350.0,1.13,0.0,0.0,0.0,200.0,259.0,1.3
1998-99,Tehrathum,11500.0,22830.0,1.99,11700.0,19890.0,1.7,1510.0,4540.0,3.01,3200.0,4000.0,1.25,0.0,0.0,0.0,120.0,135.0,1.12
1998-99,Udayapur,11300.0,27920.0,2.47,14800.0,24420.0,1.65,3510.0,7392.0,2.11,2570.0,3084.0,1.2,0.0,0.0,0.0,40.0,30.0,0.75
1999-00,Achham,6750.0,14570.0,2.16,5200.0,7800.0,1.5,7100.0,11150.0,1.57,1750.0,2000.0,1.14,0.0,0.0,0.0,250.0,350.0,1.4
1999-00,Arghakhanchi,7700.0,13090.0,1.7,16000.0,25660.0,1.6,7000.0,10500.0,1.5,852.0,784.0,0.92,0.0,0.0,0.0,812.0,812.0,1.0
1999-00,Baglung,5508.0,13120.0,2.38,14515.0,24070.0,1.66,6840.0,9310.0,1.36,7300.0,7300.0,1.0,0.0,0.0,0.0,1200.0,1600.0,1.33
1999-00,Baitadi,5550.0,9450.0,1.7,7510.0,12750.0,1.7,9100.0,10010.0,1.1,1350.0,1530.0,1.13,0.0,0.0,0.0,1000.0,900.0,0.9
1999-00,Bajhang,4500.0,5985.0,1.33,1280.0,1770.0,1.38,6144.0,7698.0,1.25,2286.0,2171.0,0.95,0.0,0.0,0.0,1510.0,2165.0,1.43
1999-00,Bajura,3260.0,6031.0,1.85,1013.0,1821.0,1.8,4720.0,6433.0,1.36,2700.0,3372.0,1.25,0.0,0.0,0.0,1048.0,1384.0,1.32
1999-00,Banke,31840.0,85941.0,2.7,11699.0,20734.0,1.77,11975.0,25147.0,2.1,0.0,0.0,0.0,0.0,0.0,0.0,10.0,10.0,1.0
1999-00,Bara,55050.0,181170.0,3.29,3125.0,7000.0,2.24,25500.0,61506.0,2.41,125.0,100.0,0.8,0.0,0.0,0.0,105.0,80.0,0.76
1999-00,Bardiya,34875.0,95650.0,2.74,8627.0,16919.0,1.96,17010.0,37420.0,2.2,10.0,10.0,1.0,0.0,0.0,0.0,10.0,10.0,1.0
1999-00,Bhaktapur,4700.0,23010.0,4.9,2200.0,6400.0,2.91,4050.0,10150.0,2.51,1350.0,1850.0,1.37,0.0,0.0,0.0,25.0,40.0,1.6
1999-00,Bhojpur,18330.0,44825.0,2.45,19680.0,39000.0,1.98,2550.0,4870.0,1.91,5500.0,6600.0,1.2,0.0,0.0,0.0,30.0,32.0,1.07
1999-00,Chitwan,33685.0,92500.0,2.75,28742.0,61083.0,2.13,8500.0,13770.0,1.62,1500.0,1375.0,0.92,0.0,0.0,0.0,400.0,360.0,0.9
1999-00,Dadeldhura,7018.0,14036.0,2.0,3980.0,7363.0,1.85,8800.0,11528.0,1.31,1036.0,1036.0,1.0,0.0,0.0,0.0,350.0,350.0,1.0
1999-00,Dailekh,5847.0,12494.0,2.14,8166.0,12250.0,1.5,6450.0,7430.0,1.15,2629.0,3330.0,1.27,0.0,0.0,0.0,530.0,521.0,0.98
1999-00,Dang,38850.0,109996.0,2.83,23250.0,42500.0,1.83,12690.0,27537.0,2.17,175.0,232.0,1.33,0.0,0.0,0.0,64.0,71.0,1.11
1999-00,Darchula,3050.0,6100.0,2.0,5900.0,8850.0,1.5,6100.0,7320.0,1.2,1500.0,1350.0,0.9,0.0,0.0,0.0,1100.0,1034.0,0.94
1999-00,Dhading,13930.0,30410.0,2.18,18064.0,28080.0,1.55,4715.0,7450.0,1.58,7612.0,6163.0,0.81,0.0,0.0,0.0,372.0,353.0,0.95
1999-00,Dhankuta,9638.0,23131.0,2.4,20500.0,30600.0,1.49,2773.0,4243.0,1.53,8114.0,8004.0,0.99,0.0,0.0,0.0,23.0,25.0,1.09
1999-00,Dhanusa,65500.0,149816.0,2.29,1045.0,2351.0,2.25,25000.0,46000.0,1.84,525.0,630.0,1.2,0.0,0.0,0.0,0.0,0.0,0.0
1999-00,Dolakha,2650.0,6625.0,2.5,5350.0,9095.0,1.7,4600.0,7805.0,1.7,3590.0,4154.0,1.16,0.0,0.0,0.0,198.0,162.0,0.82
1999-00,Dolpa,260.0,490.0,1.88,1920.0,2400.0,1.25,220.0,270.0,1.23,700.0,700.0,1.0,0.0,0.0,0.0,57.0,46.0,0.81
1999-00,Doti,6000.0,13890.0,2.32,2500.0,4690.0,1.88,9500.0,15400.0,1.62,2747.0,3747.0,1.36,0.0,0.0,0.0,340.0,330.0,0.97
1999-00,Gorkha,15937.0,36336.0,2.28,17600.0,30270.0,1.72,4105.0,6568.0,1.6,13780.0,15960.0,1.16,0.0,0.0,0.0,248.0,223.0,0.9
1999-00,Gulmi,10264.0,24809.0,2.42,21400.0,34240.0,1.6,5970.0,9320.0,1.56,3940.0,4643.0,1.18,0.0,0.0,0.0,383.0,460.0,1.2
1999-00,Humla,350.0,553.0,1.58,65.0,49.0,0.75,960.0,759.0,0.79,1351.0,838.0,0.62,0.0,0.0,0.0,691.0,505.0,0.73
1999-00,Ilam,13550.0,30274.0,2.23,23335.0,48005.0,2.06,4740.0,8530.0,1.8,4030.0,4030.0,1.0,0.0,0.0,0.0,9.0,5.0,0.56
1999-00,Jajarkot,3502.0,6886.0,1.97,8830.0,15894.0,1.8,7850.0,6671.0,0.85,2065.0,2291.0,1.11,0.0,0.0,0.0,760.0,644.0,0.85
1999-00,Jhapa,95000.0,293000.0,3.08,20055.0,40110.0,2.0,15000.0,30500.0,2.03,2000.0,2000.0,1.0,0.0,0.0,0.0,50.0,60.0,1.2
1999-00,Jumla,1835.0,1835.0,1.0,4525.0,4825.0,1.07,1587.0,1980.0,1.25,4150.0,4150.0,1.0,0.0,0.0,0.0,3145.0,4088.0,1.3
1999-00,Kailali,56700.0,151021.0,2.66,12500.0,18250.0,1.46,17000.0,37500.0,2.21,200.0,200.0,1.0,0.0,0.0,0.0,150.0,150.0,1.0
1999-00,Kalikot,1150.0,2360.0,2.05,1730.0,2595.0,1.5,5270.0,7378.0,1.4,1100.0,1230.0,1.12,0.0,0.0,0.0,1040.0,1272.0,1.22
1999-00,Kanchanpur,44365.0,115650.0,2.61,9262.0,18524.0,2.0,20340.0,47210.0,2.32,45.0,50.0,1.11,0.0,0.0,0.0,12.0,11.0,0.92
1999-00,Kapilbastu,70500.0,146345.0,2.08,780.0,1716.0,2.2,24053.0,37073.0,1.54,105.0,105.0,1.0,0.0,0.0,0.0,110.0,110.0,1.0
1999-00,Kaski,16533.0,39845.0,2.41,15694.0,30502.0,1.94,5563.0,9635.0,1.73,10060.0,12000.0,1.19,0.0,0.0,0.0,206.0,206.0,1.0
1999-00,Kathmandu,11000.0,52813.0,4.8,7777.0,13330.0,1.71,7080.0,12820.0,1.81,990.0,996.0,1.01,0.0,0.0,0.0,10.0,6.0,0.6
1999-00,Kavre,14850.0,39720.0,2.67,25550.0,57100.0,2.23,11550.0,20960.0,1.81,1350.0,1450.0,1.07,0.0,0.0,0.0,700.0,700.0,1.0
1999-00,Khotang,11733.0,25860.0,2.2,21606.0,30570.0,1.41,2800.0,3640.0,1.3,13600.0,15440.0,1.14,0.0,0.0,0.0,100.0,90.0,0.9
1999-00,Lalitpur,5285.0,24575.0,4.65,5750.0,10915.0,1.9,4418.0,8850.0,2.0,1350.0,1755.0,1.3,0.0,0.0,0.0,251.0,287.0,1.14
1999-00,Lamjung,11908.0,24936.0,2.09,11830.0,20209.0,1.71,4300.0,7310.0,1.7,12035.0,13927.0,1.16,0.0,0.0,0.0,200.0,182.0,0.91
1999-00,Mahottari,50320.0,123935.0,2.46,1000.0,2300.0,2.3,19500.0,34240.0,1.76,1000.0,1000.0,1.0,0.0,0.0,0.0,10.0,10.0,1.0
1999-00,Makwanpur,12230.0,29700.0,2.43,19950.0,38800.0,1.94,4250.0,7225.0,1.7,3075.0,3500.0,1.14,0.0,0.0,0.0,28.0,30.0,1.07
1999-00,Manang,0.0,0.0,0.0,161.0,322.0,2.0,295.0,461.0,1.56,0.0,0.0,0.0,0.0,0.0,0.0,187.0,230.0,1.23
1999-00,Morang,95050.0,265887.0,2.8,14909.0,22064.0,1.48,16950.0,32200.0,1.9,1340.0,1474.0,1.1,0.0,0.0,0.0,0.0,0.0,0.0
1999-00,Mugu,420.0,820.0,1.95,150.0,160.0,1.07,1260.0,900.0,0.71,690.0,690.0,1.0,0.0,0.0,0.0,1010.0,700.0,0.69
1999-00,Mustang,0.0,0.0,0.0,142.0,165.0,1.16,878.0,1408.0,1.6,0.0,0.0,0.0,0.0,0.0,0.0,544.0,660.0,1.21
1999-00,Myagdi,3350.0,8771.0,2.62,8750.0,14350.0,1.64,2970.0,5020.0,1.69,3026.0,2422.0,0.8,0.0,0.0,0.0,550.0,502.0,0.91
1999-00,Nawalparasi,42652.0,122690.0,2.88,9240.0,15708.0,1.7,19000.0,42150.0,2.22,500.0,550.0,1.1,0.0,0.0,0.0,105.0,121.0,1.15
1999-00,Nuwakot,17992.0,43909.0,2.44,19600.0,32200.0,1.64,6220.0,11750.0,1.89,5860.0,7033.0,1.2,0.0,0.0,0.0,5.0,3.0,0.6
1999-00,Okhaldhunga,6924.0,18002.0,2.6,9700.0,16430.0,1.69,2246.0,3044.0,1.36,5675.0,5675.0,1.0,0.0,0.0,0.0,110.0,110.0,1.0
1999-00,Palpa,9361.0,22762.0,2.43,20200.0,34542.0,1.71,5930.0,10450.0,1.76,3010.0,3307.0,1.1,0.0,0.0,0.0,258.0,245.0,0.95
1999-00,Panchthar,10413.0,21426.0,2.06,14138.0,26155.0,1.85,4091.0,7520.0,1.84,5955.0,7421.0,1.25,0.0,0.0,0.0,520.0,468.0,0.9
1999-00,Parbat,8852.0,19144.0,2.16,11000.0,18480.0,1.68,3350.0,5863.0,1.75,8948.0,8948.0,1.0,0.0,0.0,0.0,298.0,151.0,0.51
1999-00,Parsa,46706.0,140420.0,3.01,5852.0,13522.0,2.31,20180.0,38880.0,1.93,190.0,190.0,1.0,0.0,0.0,0.0,75.0,113.0,1.51
1999-00,Pyuthan,6540.0,14696.0,2.25,12050.0,19300.0,1.6,8055.0,12050.0,1.5,2350.0,2525.0,1.07,0.0,0.0,0.0,148.0,148.0,1.0
1999-00,Ramechhap,6700.0,16420.0,2.45,22397.0,36333.0,1.62,2500.0,4020.0,1.61,7980.0,7970.0,1.0,0.0,0.0,0.0,300.0,245.0,0.82
1999-00,Rasuwa,1221.0,2323.0,1.9,2360.0,3304.0,1.4,900.0,840.0,0.93,1330.0,1330.0,1.0,0.0,0.0,0.0,335.0,335.0,1.0
1999-00,Rautahat,48951.0,115380.0,2.36,4965.0,9930.0,2.0,12600.0,25700.0,2.04,110.0,130.0,1.18,0.0,0.0,0.0,180.0,178.0,0.99
1999-00,Rolpa,4700.0,9160.0,1.95,11190.0,17910.0,1.6,8520.0,14050.0,1.65,1050.0,1100.0,1.05,0.0,0.0,0.0,700.0,875.0,1.25
1999-00,Rukum,3463.0,7694.0,2.22,18650.0,31518.0,1.69,11875.0,15627.0,1.32,1180.0,1475.0,1.25,0.0,0.0,0.0,982.0,1188.0,1.21
1999-00,Rupandehi,71000.0,201040.0,2.83,1729.0,1729.0,1.0,30500.0,61000.0,2.0,60.0,70.0,1.17,0.0,0.0,0.0,30.0,30.0,1.0
1999-00,Salyan,6057.0,12350.0,2.04,21538.0,38912.0,1.81,13574.0,21710.0,1.6,4000.0,5246.0,1.31,0.0,0.0,0.0,1430.0,1295.0,0.91
1999-00,Sankhuwasabha,10700.0,21520.0,2.01,12587.0,21580.0,1.71,2275.0,3108.0,1.37,9104.0,9104.0,1.0,0.0,0.0,0.0,76.0,99.0,1.3
1999-00,Saptari,72600.0,187261.0,2.58,1000.0,2000.0,2.0,18000.0,30600.0,1.7,300.0,300.0,1.0,0.0,0.0,0.0,0.0,0.0,0.0
1999-00,Sarlahi,44215.0,110802.0,2.51,7930.0,18240.0,2.3,22900.0,43120.0,1.88,560.0,620.0,1.11,0.0,0.0,0.0,20.0,20.0,1.0
1999-00,Sindhuli,10300.0,26225.0,2.55,15217.0,30172.0,1.98,5850.0,10400.0,1.78,10723.0,12651.0,1.18,0.0,0.0,0.0,200.0,200.0,1.0
1999-00,Sindhupalchok,8520.0,17230.0,2.02,20547.0,35204.0,1.71,7750.0,12550.0,1.62,19646.0,26433.0,1.35,0.0,0.0,0.0,625.0,845.0,1.35
1999-00,Siraha,67700.0,166110.0,2.45,1440.0,3456.0,2.4,16930.0,23220.0,1.37,1350.0,1350.0,1.0,0.0,0.0,0.0,0.0,0.0,0.0
1999-00,Solukhumbu,860.0,1771.0,2.06,4525.0,8538.0,1.89,2508.0,3745.0,1.49,1300.0,1664.0,1.28,0.0,0.0,0.0,571.0,653.0,1.14
1999-00,Sunsari,61775.0,180787.0,2.93,5500.0,11325.0,2.06,17500.0,40250.0,2.3,800.0,900.0,1.12,0.0,0.0,0.0,0.0,0.0,0.0
1999-00,Surkhet,12500.0,28510.0,2.28,15240.0,27432.0,1.8,17562.0,30200.0,1.72,1450.0,1880.0,1.3,0.0,0.0,0.0,905.0,1135.0,1.25
1999-00,Syangja,14280.0,30155.0,2.11,28600.0,43163.0,1.51,7000.0,11900.0,1.7,17565.0,21078.0,1.2,0.0,0.0,0.0,90.0,90.0,1.0
1999-00,Tanahu,14500.0,35685.0,2.46,21760.0,41541.0,1.91,2700.0,4524.0,1.68,6400.0,7396.0,1.16,0.0,0.0,0.0,13.0,11.0,0.85
1999-00,Taplejung,7510.0,14250.0,1.9,12463.0,17363.0,1.39,1895.0,2774.0,1.46,5631.0,6350.0,1.13,0.0,0.0,0.0,250.0,325.0,1.3
1999-00,Tehrathum,11375.0,21097.0,1.85,11975.0,19256.0,1.61,2603.0,4540.0,1.74,3220.0,3268.0,1.01,0.0,0.0,0.0,107.0,135.0,1.26
1999-00,Udayapur,12300.0,23020.0,1.87,12000.0,21756.0,1.81,5000.0,6840.0,1.37,2570.0,2827.0,1.1,0.0,0.0,0.0,35.0,33.0,0.94
2000-01,Achham,6914.0,15279.0,2.21,5195.0,6234.0,1.2,7215.0,12037.0,1.67,1734.0,2011.0,1.16,0.0,0.0,0.0,185.0,170.0,0.92
2000-01,Arghakhanchi,7700.0,13900.0,1.81,16500.0,28350.0,1.72,7000.0,9800.0,1.4,850.0,850.0,1.0,0.0,0.0,0.0,812.0,812.0,1.0
2000-01,Baglung,5558.0,14437.0,2.6,10580.0,17880.0,1.69,6800.0,11764.0,1.73,20040.0,22000.0,1.1,0.0,0.0,0.0,1480.0,1800.0,1.22
2000-01,Baitadi,5325.0,9053.0,1.7,8400.0,10920.0,1.3,9100.0,10100.0,1.11,850.0,765.0,0.9,0.0,0.0,0.0,700.0,560.0,0.8
2000-01,Bajhang,5214.0,8820.0,1.69,3625.0,5075.0,1.4,6144.0,8915.0,1.45,2283.0,2237.0,0.98,0.0,0.0,0.0,1495.0,1653.0,1.11
2000-01,Bajura,3260.0,6030.0,1.85,1013.0,1821.0,1.8,4720.0,6433.0,1.36,2100.0,2150.0,1.02,0.0,0.0,0.0,1048.0,1384.0,1.32
2000-01,Banke,31840.0,90203.0,2.83,11200.0,20400.0,1.82,11575.0,21725.0,1.88,0.0,0.0,0.0,0.0,0.0,0.0,10.0,10.0,1.0
2000-01,Bara,54405.0,181930.0,3.34,3050.0,5600.0,1.84,27200.0,64714.0,2.38,100.0,130.0,1.3,0.0,0.0,0.0,105.0,80.0,0.76
2000-01,Bardiya,34878.0,105227.0,3.02,9312.0,18266.0,1.96,15407.0,36052.0,2.34,10.0,10.0,1.0,0.0,0.0,0.0,10.0,10.0,1.0
2000-01,Bhaktapur,4700.0,25310.0,5.39,2100.0,6200.0,2.95,4050.0,10150.0,2.51,160.0,200.0,1.25,0.0,0.0,0.0,25.0,40.0,1.6
2000-01,Bhojpur,18805.0,46279.0,2.46,20059.0,40130.0,2.0,2565.0,4200.0,1.64,5505.0,8257.0,1.5,0.0,0.0,0.0,33.0,48.0,1.45
2000-01,Chitwan,33700.0,103830.0,3.08,28500.0,61275.0,2.15,8500.0,12750.0,1.5,1500.0,1800.0,1.2,0.0,0.0,0.0,350.0,280.0,0.8
2000-01,Dadeldhura,7023.0,16855.0,2.4,3985.0,5579.0,1.4,8730.0,10565.0,1.21,536.0,536.0,1.0,0.0,0.0,0.0,350.0,350.0,1.0
2000-01,Dailekh,8547.0,17584.0,2.06,10740.0,20170.0,1.88,6450.0,7430.0,1.15,2629.0,3155.0,1.2,0.0,0.0,0.0,530.0,521.0,0.98
2000-01,Dang,38950.0,113539.0,2.91,23300.0,43100.0,1.85,12700.0,26289.0,2.07,160.0,112.0,0.7,0.0,0.0,0.0,64.0,71.0,1.11
2000-01,Darchula,3052.0,6229.0,2.04,5900.0,8890.0,1.51,6200.0,7450.0,1.2,1115.0,992.0,0.89,0.0,0.0,0.0,1100.0,1034.0,0.94
2000-01,Dhading,14015.0,31548.0,2.25,17690.0,30348.0,1.72,4715.0,7450.0,1.58,6870.0,5702.0,0.83,0.0,0.0,0.0,372.0,353.0,0.95
2000-01,Dhankuta,9668.0,24268.0,2.51,20600.0,33990.0,1.65,2725.0,4240.0,1.56,8114.0,7952.0,0.98,0.0,0.0,0.0,22.0,24.0,1.09
2000-01,Dhanusa,65000.0,175560.0,2.7,2300.0,4750.0,2.07,24000.0,4.32,0.0,500.0,650.0,1.3,0.0,0.0,0.0,0.0,0.0,0.0
2000-01,Dolakha,2670.0,6621.0,2.48,5356.0,9085.0,1.7,4600.0,7805.0,1.7,3590.0,4150.0,1.16,0.0,0.0,0.0,232.0,190.0,0.82
2000-01,Dolpa,410.0,440.0,1.07,1920.0,3417.0,1.78,220.0,311.0,1.41,650.0,650.0,1.0,0.0,0.0,0.0,75.0,59.0,0.79
2000-01,Doti,6800.0,16524.0,2.43,2537.0,3552.0,1.4,9700.0,17140.0,1.77,1800.0,1620.0,0.9,0.0,0.0,0.0,340.0,330.0,0.97
2000-01,Gorkha,16073.0,38944.0,2.42,18590.0,30270.0,1.63,4105.0,6568.0,1.6,13780.0,15960.0,1.16,0.0,0.0,0.0,248.0,223.0,0.9
2000-01,Gulmi,10214.0,22489.0,2.2,21350.0,29502.0,1.38,6385.0,12036.0,1.89,2960.0,3582.0,1.21,0.0,0.0,0.0,385.0,465.0,1.21
2000-01,Humla,546.0,860.0,1.58,69.0,119.0,1.72,965.0,718.0,0.74,1350.0,850.0,0.63,0.0,0.0,0.0,691.0,505.0,0.73
2000-01,Ilam,13550.0,27000.0,1.99,23480.0,44612.0,1.9,4777.0,7882.0,1.65,4030.0,4030.0,1.0,0.0,0.0,0.0,90.0,80.0,0.89
2000-01,Jajarkot,3508.0,7915.0,2.26,8830.0,16517.0,1.87,7850.0,6671.0,0.85,2065.0,2866.0,1.39,0.0,0.0,0.0,760.0,644.0,0.85
2000-01,Jhapa,91518.0,292858.0,3.2,20100.0,38190.0,1.9,12700.0,28750.0,2.26,1800.0,1800.0,1.0,0.0,0.0,0.0,50.0,60.0,1.2
2000-01,Jumla,2800.0,4088.0,1.46,4525.0,6787.0,1.5,2525.0,2510.0,0.99,3750.0,4150.0,1.11,0.0,0.0,0.0,3145.0,4000.0,1.27
2000-01,Kailali,56700.0,138915.0,2.45,12810.0,19100.0,1.49,16500.0,36000.0,2.18,200.0,200.0,1.0,0.0,0.0,0.0,150.0,150.0,1.0
2000-01,Kalikot,2080.0,2820.0,1.36,1730.0,2595.0,1.5,5270.0,7378.0,1.4,1150.0,1100.0,0.96,0.0,0.0,0.0,1040.0,1270.0,1.22
2000-01,Kanchanpur,44690.0,107345.0,2.4,5897.0,10615.0,1.8,20350.0,46200.0,2.27,40.0,40.0,1.0,0.0,0.0,0.0,11.0,10.0,0.91
2000-01,Kapilbastu,71180.0,173255.0,2.43,790.0,1604.0,2.03,21645.0,29891.0,1.38,105.0,105.0,1.0,0.0,0.0,0.0,110.0,110.0,1.0
2000-01,Kaski,18089.0,39649.0,2.19,15805.0,32400.0,2.05,6415.0,11000.0,1.71,10557.0,12829.0,1.22,0.0,0.0,0.0,201.0,220.0,1.09
2000-01,Kathmandu,9000.0,47529.0,5.28,7770.0,20979.0,2.7,7020.0,12671.0,1.8,990.0,990.0,1.0,0.0,0.0,0.0,10.0,11.0,1.1
2000-01,Kavre,14850.0,39768.0,2.68,25550.0,51100.0,2.0,11550.0,21750.0,1.88,1350.0,1350.0,1.0,0.0,0.0,0.0,700.0,700.0,1.0
2000-01,Khotang,12043.0,27879.0,2.31,22000.0,44154.0,2.01,3310.0,4913.0,1.48,13600.0,9600.0,0.71,0.0,0.0,0.0,100.0,90.0,0.9
2000-01,Lalitpur,4200.0,19740.0,4.7,5750.0,10925.0,1.9,4275.0,8977.0,2.1,1350.0,1700.0,1.26,0.0,0.0,0.0,239.0,263.0,1.1
2000-01,Lamjung,12100.0,27866.0,2.3,11835.0,20238.0,1.71,4300.0,8343.0,1.94,9770.0,9770.0,1.0,0.0,0.0,0.0,200.0,185.0,0.92
2000-01,Mahottari,48650.0,131300.0,2.7,2700.0,6201.0,2.3,17500.0,29750.0,1.7,1100.0,1100.0,1.0,0.0,0.0,0.0,120.0,120.0,1.0
2000-01,Makwanpur,12250.0,32707.0,2.67,19450.0,38705.0,1.99,4295.0,7455.0,1.74,2875.0,3220.0,1.12,0.0,0.0,0.0,28.0,35.0,1.25
2000-01,Manang,0.0,0.0,0.0,170.0,240.0,1.41,295.0,461.0,1.56,0.0,0.0,0.0,0.0,0.0,0.0,187.0,230.0,1.23
2000-01,Morang,95000.0,294500.0,3.1,14100.0,25380.0,1.8,16165.0,32200.0,1.99,1349.0,1510.0,1.12,0.0,0.0,0.0,0.0,0.0,0.0
2000-01,Mugu,800.0,815.0,1.02,550.0,850.0,1.55,1250.0,1230.0,0.98,1550.0,1500.0,0.97,0.0,0.0,0.0,1000.0,750.0,0.75
2000-01,Mustang,0.0,0.0,0.0,140.0,197.0,1.41,875.0,1520.0,1.74,0.0,0.0,0.0,0.0,0.0,0.0,544.0,806.0,1.48
2000-01,Myagdi,3348.0,8821.0,2.63,8750.0,14350.0,1.64,3020.0,5342.0,1.77,3030.0,2424.0,0.8,0.0,0.0,0.0,590.0,631.0,1.07
2000-01,Nawalparasi,45152.0,130955.0,2.9,9240.0,15800.0,1.71,19000.0,42750.0,2.25,500.0,565.0,1.13,0.0,0.0,0.0,105.0,121.0,1.15
2000-01,Nuwakot,18764.0,46160.0,2.46,19660.0,38245.0,1.95,6220.0,11951.0,1.92,5900.0,6990.0,1.18,0.0,0.0,0.0,5.0,2.0,0.4
2000-01,Okhaldhunga,6753.0,16882.0,2.5,12439.0,20018.0,1.61,2254.0,3240.0,1.44,6985.0,8382.0,1.2,0.0,0.0,0.0,110.0,110.0,1.0
2000-01,Palpa,9376.0,26080.0,2.78,20358.0,41162.0,2.02,5930.0,10450.0,1.76,3010.0,3298.0,1.1,0.0,0.0,0.0,258.0,245.0,0.95
2000-01,Panchthar,10409.0,23150.0,2.22,14250.0,27118.0,1.9,4091.0,7520.0,1.84,5953.0,9703.0,1.63,0.0,0.0,0.0,520.0,468.0,0.9
2000-01,Parbat,8856.0,19570.0,2.21,11706.0,23295.0,1.99,3300.0,5210.0,1.58,9013.0,8473.0,0.94,0.0,0.0,0.0,287.0,258.0,0.9
2000-01,Parsa,46775.0,147716.0,3.16,4300.0,11180.0,2.6,21100.0,40090.0,1.9,175.0,175.0,1.0,0.0,0.0,0.0,80.0,96.0,1.2
2000-01,Pyuthan,6540.0,6540.0,1.0,12119.0,12119.0,1.0,8055.0,12050.0,1.5,2250.0,2240.0,1.0,0.0,0.0,0.0,148.0,148.0,1.0
2000-01,Ramechhap,6700.0,14543.0,2.17,14980.0,29960.0,2.0,3090.0,5430.0,1.76,5052.0,5000.0,0.99,0.0,0.0,0.0,210.0,206.0,0.98
2000-01,Rasuwa,1231.0,2465.0,2.0,2250.0,3375.0,1.5,900.0,840.0,0.93,1330.0,1330.0,1.0,0.0,0.0,0.0,335.0,335.0,1.0
2000-01,Rautahat,51250.0,128125.0,2.5,3350.0,6030.0,1.8,12400.0,24800.0,2.0,80.0,96.0,1.2,0.0,0.0,0.0,180.0,178.0,0.99
2000-01,Rolpa,4700.0,9160.0,1.95,11190.0,17910.0,1.6,8520.0,14010.0,1.64,1050.0,1100.0,1.05,0.0,0.0,0.0,700.0,875.0,1.25
2000-01,Rukum,3579.0,8617.0,2.41,18650.0,31520.0,1.69,11875.0,17100.0,1.44,1140.0,1504.0,1.32,0.0,0.0,0.0,960.0,1238.0,1.29
2000-01,Rupandehi,71000.0,204906.0,2.89,500.0,600.0,1.2,25453.0,45815.0,1.8,10.0,10.0,1.0,0.0,0.0,0.0,30.0,30.0,1.0
2000-01,Salyan,6059.0,12972.0,2.14,21555.0,38790.0,1.8,13574.0,21710.0,1.6,1930.0,2169.0,1.12,0.0,0.0,0.0,1430.0,1295.0,0.91
2000-01,Sankhuwasabha,11000.0,22992.0,2.09,11662.0,20324.0,1.74,2275.0,3956.0,1.74,9100.0,9100.0,1.0,0.0,0.0,0.0,76.0,99.0,1.3
2000-01,Saptari,71200.0,192810.0,2.71,2000.0,3600.0,1.8,15000.0,32400.0,2.16,200.0,200.0,1.0,0.0,0.0,0.0,0.0,0.0,0.0
2000-01,Sarlahi,44115.0,114743.0,2.6,8005.0,18491.0,2.31,23520.0,42336.0,1.8,500.0,600.0,1.2,0.0,0.0,0.0,20.0,20.0,1.0
2000-01,Sindhuli,5936.0,14638.0,2.47,15342.0,30337.0,1.98,5750.0,10350.0,1.8,10723.0,11795.0,1.1,0.0,0.0,0.0,210.0,210.0,1.0
2000-01,Sindhupalchok,10129.0,22526.0,2.22,20550.0,35346.0,1.72,7775.0,12550.0,1.61,19650.0,24387.0,1.24,0.0,0.0,0.0,625.0,845.0,1.35
2000-01,Siraha,70110.0,168275.0,2.4,1470.0,2940.0,2.0,14390.0,28780.0,2.0,1400.0,1260.0,0.9,0.0,0.0,0.0,0.0,0.0,0.0
2000-01,Solukhumbu,1480.0,3108.0,2.1,12906.0,18818.0,1.46,2508.0,3745.0,1.49,1280.0,1680.0,1.31,0.0,0.0,0.0,571.0,653.0,1.14
2000-01,Sunsari,62000.0,185380.0,2.99,5075.0,9643.0,1.9,15972.0,31944.0,2.0,1100.0,1265.0,1.15,0.0,0.0,0.0,0.0,0.0,0.0
2000-01,Surkhet,12425.0,33300.0,2.68,15325.0,28397.0,1.85,15560.0,27837.0,1.79,1400.0,1925.0,1.38,0.0,0.0,0.0,915.0,1172.0,1.28
2000-01,Syangja,14300.0,31460.0,2.2,28600.0,44100.0,1.54,7000.0,11900.0,1.7,15565.0,15500.0,1.0,0.0,0.0,0.0,90.0,90.0,1.0
2000-01,Tanahu,16604.0,46607.0,2.81,21765.0,47637.0,2.19,2650.0,4839.0,1.83,6420.0,7730.0,1.2,0.0,0.0,0.0,11.0,8.0,0.73
2000-01,Taplejung,8220.0,15837.0,1.93,12500.0,19312.0,1.54,1895.0,3288.0,1.74,3512.0,4214.0,1.2,0.0,0.0,0.0,240.0,288.0,1.2
2000-01,Tehrathum,11375.0,21100.0,1.85,11675.0,13893.0,1.19,2565.0,3398.0,1.32,3243.0,3729.0,1.15,0.0,0.0,0.0,107.0,135.0,1.26
2000-01,Udayapur,12383.0,30970.0,2.5,14500.0,23490.0,1.62,4750.0,6840.0,1.44,1570.0,1827.0,1.16,0.0,0.0,0.0,34.0,26.0,0.76
2001-02,Achham,6992.0,16781.0,2.4,5115.0,7161.0,1.4,7215.0,12037.0,1.67,1634.0,1960.0,1.2,0.0,0.0,0.0,185.0,170.0,0.92
2001-02,Arghakhanchi,7710.0,17010.0,2.21,16500.0,32175.0,1.95,7375.0,11971.0,1.62,850.0,820.0,0.96,0.0,0.0,0.0,120.0,120.0,1.0
2001-02,Baglung,5558.0,14954.0,2.69,13277.0,23900.0,1.8,7120.0,12868.0,1.81,18550.0,21333.0,1.15,0.0,0.0,0.0,1480.0,1680.0,1.14
2001-02,Baitadi,5330.0,10660.0,2.0,7510.0,12750.0,1.7,9100.0,10100.0,1.11,1050.0,1090.0,1.04,0.0,0.0,0.0,700.0,560.0,0.8
2001-02,Bajhang,5314.0,9557.0,1.8,3650.0,5285.0,1.45,6144.0,8915.0,1.45,2285.0,2239.0,0.98,0.0,0.0,0.0,1495.0,1653.0,1.11
2001-02,Bajura,3310.0,6660.0,2.01,800.0,1280.0,1.6,4720.0,6433.0,1.36,2520.0,2731.0,1.08,0.0,0.0,0.0,1048.0,1384.0,1.32
2001-02,Banke,32000.0,93760.0,2.93,11660.0,21109.0,1.81,10975.0,21800.0,1.99,0.0,0.0,0.0,0.0,0.0,0.0,10.0,10.0,1.0
2001-02,Bara,55875.0,190199.0,3.4,3125.0,7000.0,2.24,27300.0,66520.0,2.44,125.0,125.0,1.0,0.0,0.0,0.0,100.0,80.0,0.8
2001-02,Bardiya,36996.0,115670.0,3.13,8700.0,17400.0,2.0,15972.0,29117.0,1.82,10.0,10.0,1.0,0.0,0.0,0.0,10.0,10.0,1.0
2001-02,Bhaktapur,4700.0,25850.0,5.5,2100.0,7035.0,3.35,4050.0,10100.0,2.49,350.0,180.0,0.51,0.0,0.0,0.0,25.0,40.0,1.6
2001-02,Bhojpur,15129.0,32470.0,2.15,20078.0,38146.0,1.9,2571.0,4580.0,1.78,5005.0,6207.0,1.24,0.0,0.0,0.0,33.0,52.0,1.58
2001-02,Chitwan,33800.0,112025.0,3.31,28500.0,61500.0,2.16,10100.0,20700.0,2.05,2000.0,2400.0,1.2,0.0,0.0,0.0,350.0,280.0,0.8
2001-02,Dadeldhura,7023.0,17557.0,2.5,3965.0,5763.0,1.45,8730.0,9612.0,1.1,500.0,500.0,1.0,0.0,0.0,0.0,350.0,350.0,1.0
2001-02,Dailekh,8547.0,16785.0,1.96,10740.0,19660.0,1.83,6570.0,9850.0,1.5,2630.0,2893.0,1.1,0.0,0.0,0.0,530.0,521.0,0.98
2001-02,Dang,38900.0,125120.0,3.22,23000.0,41400.0,1.8,12700.0,26240.0,2.07,170.0,153.0,0.9,0.0,0.0,0.0,45.0,71.0,1.58
2001-02,Darchula,3100.0,7120.0,2.3,5900.0,8850.0,1.5,6200.0,7450.0,1.2,1500.0,1200.0,0.8,0.0,0.0,0.0,1100.0,1034.0,0.94
2001-02,Dhading,14657.0,37665.0,2.57,17700.0,33989.0,1.92,4715.0,7450.0,1.58,6870.0,5700.0,0.83,0.0,0.0,0.0,372.0,353.0,0.95
2001-02,Dhankuta,7659.0,24912.0,3.25,19890.0,25022.0,1.26,2805.0,4908.0,1.75,6060.0,4800.0,0.79,0.0,0.0,0.0,22.0,24.0,1.09
2001-02,Dhanusa,65000.0,180550.0,2.78,2600.0,5665.0,2.18,25000.0,50000.0,2.0,500.0,660.0,1.32,0.0,0.0,0.0,0.0,0.0,0.0
2001-02,Dolakha,3100.0,7750.0,2.5,5350.0,9095.0,1.7,4600.0,7805.0,1.7,3590.0,4154.0,1.16,0.0,0.0,0.0,232.0,190.0,0.82
2001-02,Dolpa,410.0,450.0,1.1,1920.0,2400.0,1.25,220.0,311.0,1.41,700.0,700.0,1.0,0.0,0.0,0.0,75.0,59.0,0.79
2001-02,Doti,6800.0,18536.0,2.73,2500.0,4290.0,1.72,9500.0,16950.0,1.78,2000.0,1800.0,0.9,0.0,0.0,0.0,340.0,330.0,0.97
2001-02,Gorkha,16911.0,43783.0,2.59,18590.0,35135.0,1.89,4105.0,6661.0,1.62,13780.0,15984.0,1.16,0.0,0.0,0.0,250.0,225.0,0.9
2001-02,Gulmi,10580.0,26523.0,2.51,22300.0,24039.0,1.08,6377.0,11660.0,1.83,2960.0,3875.0,1.31,0.0,0.0,0.0,375.0,450.0,1.2
2001-02,Humla,543.0,602.0,1.11,70.0,109.0,1.56,1018.0,863.0,0.85,1347.0,1062.0,0.79,0.0,0.0,0.0,1202.0,1680.0,1.4
2001-02,Ilam,12405.0,20851.0,1.68,24335.0,43681.0,1.79,4592.0,8081.0,1.76,3290.0,3290.0,1.0,0.0,0.0,0.0,71.0,71.0,1.0
2001-02,Jajarkot,3502.0,6886.0,1.97,8835.0,14791.0,1.67,7850.0,6671.0,0.85,2063.0,2867.0,1.39,0.0,0.0,0.0,760.0,644.0,0.85
2001-02,Jhapa,84214.0,247680.0,2.94,21055.0,42110.0,2.0,16500.0,35650.0,2.16,2000.0,2000.0,1.0,0.0,0.0,0.0,50.0,60.0,1.2
2001-02,Jumla,2775.0,2775.0,1.0,4525.0,6825.0,1.51,2807.0,2800.0,1.0,4145.0,4145.0,1.0,0.0,0.0,0.0,3145.0,4000.0,1.27
2001-02,Kailali,57000.0,172118.0,3.02,12500.0,19500.0,1.56,16000.0,35200.0,2.2,200.0,200.0,1.0,0.0,0.0,0.0,150.0,150.0,1.0
2001-02,Kalikot,2084.0,4268.0,2.05,1747.0,2620.0,1.5,5280.0,7300.0,1.38,1242.0,1243.0,1.0,0.0,0.0,0.0,1040.0,1270.0,1.22
2001-02,Kanchanpur,44795.0,120450.0,2.69,5905.0,10680.0,1.81,20350.0,46800.0,2.3,312.0,300.0,0.96,0.0,0.0,0.0,10.0,10.0,1.0
2001-02,Kapilbastu,70950.0,177375.0,2.5,800.0,1716.0,2.14,22600.0,42940.0,1.9,105.0,105.0,1.0,0.0,0.0,0.0,110.0,110.0,1.0
2001-02,Kaski,18533.0,51855.0,2.8,15805.0,28450.0,1.8,6415.0,11000.0,1.71,10557.0,10557.0,1.0,0.0,0.0,0.0,201.0,220.0,1.09
2001-02,Kathmandu,9000.0,45015.0,5.0,7765.0,21742.0,2.8,7020.0,12671.0,1.8,996.0,1004.0,1.01,0.0,0.0,0.0,10.0,11.0,1.1
2001-02,Kavre,15150.0,46750.0,3.09,25500.0,50900.0,2.0,11550.0,21750.0,1.88,1500.0,1500.0,1.0,0.0,0.0,0.0,700.0,700.0,1.0
2001-02,Khotang,12051.0,24090.0,2.0,21606.0,34570.0,1.6,3500.0,4830.0,1.38,14000.0,11500.0,0.82,0.0,0.0,0.0,100.0,90.0,0.9
2001-02,Lalitpur,4200.0,19664.0,4.68,6470.0,10915.0,1.69,4125.0,9900.0,2.4,1350.0,1750.0,1.3,0.0,0.0,0.0,235.0,263.0,1.12
2001-02,Lamjung,12791.0,27494.0,2.15,11930.0,24015.0,2.01,4345.0,8250.0,1.9,8090.0,7520.0,0.93,0.0,0.0,0.0,200.0,185.0,0.92
2001-02,Mahottari,48330.0,121063.0,2.5,3000.0,6300.0,2.1,17600.0,33440.0,1.9,220.0,220.0,1.0,0.0,0.0,0.0,120.0,120.0,1.0
2001-02,Makwanpur,12480.0,33864.0,2.71,19300.0,45411.0,2.35,4300.0,7500.0,1.74,2875.0,3220.0,1.12,0.0,0.0,0.0,26.0,33.0,1.27
2001-02,Manang,0.0,0.0,0.0,165.0,205.0,1.24,300.0,545.0,1.82,0.0,0.0,0.0,0.0,0.0,0.0,187.0,271.0,1.45
2001-02,Morang,85000.0,263741.0,3.1,14005.0,22064.0,1.58,20224.0,43470.0,2.15,1340.0,1474.0,1.1,0.0,0.0,0.0,0.0,0.0,0.0
2001-02,Mugu,800.0,850.0,1.06,550.0,560.0,1.02,1995.0,2628.0,1.32,1550.0,1760.0,1.14,0.0,0.0,0.0,1400.0,1820.0,1.3
2001-02,Mustang,0.0,0.0,0.0,150.0,195.0,1.3,875.0,1520.0,1.74,0.0,0.0,0.0,0.0,0.0,0.0,544.0,806.0,1.48
2001-02,Myagdi,3348.0,8972.0,2.68,9850.0,9573.0,0.97,2998.0,4950.0,1.65,2808.0,2808.0,1.0,0.0,0.0,0.0,525.0,495.0,0.94
2001-02,Nawalparasi,46947.0,140716.0,3.0,940.0,19460.0,20.7,18975.0,42087.0,2.22,500.0,550.0,1.1,0.0,0.0,0.0,105.0,121.0,1.15
2001-02,Nuwakot,18945.0,48310.0,2.55,20490.0,35300.0,1.72,6225.0,11900.0,1.91,5900.0,6400.0,1.08,0.0,0.0,0.0,5.0,2.0,0.4
2001-02,Okhaldhunga,6015.0,12915.0,2.15,9700.0,20069.0,2.07,2375.0,3752.0,1.58,7270.0,8725.0,1.2,0.0,0.0,0.0,10.0,6.0,0.6
2001-02,Palpa,9406.0,25612.0,2.72,20125.0,43268.0,2.15,5951.0,11600.0,1.95,2425.0,2667.0,1.1,0.0,0.0,0.0,230.0,220.0,0.96
2001-02,Panchthar,6730.0,22580.0,3.36,14138.0,26155.0,1.85,4097.0,4970.0,1.21,5955.0,7421.0,1.25,0.0,0.0,0.0,535.0,455.0,0.85
2001-02,Parbat,8856.0,19529.0,2.21,11756.0,25863.0,2.2,3000.0,5250.0,1.75,8948.0,8948.0,1.0,0.0,0.0,0.0,150.0,127.0,0.85
2001-02,Parsa,46780.0,154912.0,3.31,4250.0,11475.0,2.7,21500.0,49125.0,2.28,105.0,105.0,1.0,0.0,0.0,0.0,80.0,96.0,1.2
2001-02,Pyuthan,6540.0,10625.0,1.62,12050.0,19300.0,1.6,8055.0,12000.0,1.49,2350.0,2525.0,1.07,0.0,0.0,0.0,505.0,148.0,0.29
2001-02,Ramechhap,6830.0,14543.0,2.13,14500.0,30015.0,2.07,3792.0,5688.0,1.5,5052.0,5562.0,1.1,0.0,0.0,0.0,200.0,196.0,0.98
2001-02,Rasuwa,1234.0,2234.0,1.81,2152.0,3549.0,1.65,850.0,1615.0,1.9,1330.0,1436.0,1.08,0.0,0.0,0.0,300.0,420.0,1.4
2001-02,Rautahat,50400.0,140374.0,2.79,3350.0,5360.0,1.6,12450.0,21410.0,1.72,80.0,96.0,1.2,0.0,0.0,0.0,160.0,140.0,0.88
2001-02,Rolpa,4239.0,7500.0,1.77,11190.0,17900.0,1.6,8520.0,14010.0,1.64,700.0,700.0,1.0,0.0,0.0,0.0,700.0,875.0,1.25
2001-02,Rukum,3460.0,8026.0,2.32,18130.0,30820.0,1.7,11875.0,17100.0,1.44,900.0,1125.0,1.25,0.0,0.0,0.0,960.0,1238.0,1.29
2001-02,Rupandehi,71800.0,198800.0,2.77,1779.0,1779.0,1.0,28900.0,60780.0,2.1,60.0,70.0,1.17,0.0,0.0,0.0,30.0,30.0,1.0
2001-02,Salyan,6060.0,12368.0,2.04,21568.0,39900.0,1.85,13574.0,21780.0,1.6,1900.0,2128.0,1.12,0.0,0.0,0.0,1399.0,1295.0,0.93
2001-02,Sankhuwasabha,10180.0,18270.0,1.79,12587.0,21448.0,1.7,2275.0,3956.0,1.74,8190.0,8090.0,0.99,0.0,0.0,0.0,76.0,99.0,1.3
2001-02,Saptari,69190.0,165650.0,2.39,3000.0,7500.0,2.5,18000.0,36000.0,2.0,300.0,300.0,1.0,0.0,0.0,0.0,0.0,0.0,0.0
2001-02,Sarlahi,44215.0,123925.0,2.8,8500.0,17815.0,2.1,24520.0,46580.0,1.9,560.0,620.0,1.11,0.0,0.0,0.0,20.0,20.0,1.0
2001-02,Sindhuli,5964.0,14225.0,2.39,15342.0,31006.0,2.02,5700.0,10255.0,1.8,10723.0,12651.0,1.18,0.0,0.0,0.0,210.0,210.0,1.0
2001-02,Sindhupalchok,10530.0,26450.0,2.51,20547.0,40683.0,1.98,7825.0,14480.0,1.85,19000.0,25000.0,1.32,0.0,0.0,0.0,50.0,65.0,1.3
2001-02,Siraha,69235.0,159861.0,2.31,2180.0,5086.0,2.33,15110.0,30220.0,2.0,1200.0,1200.0,1.0,0.0,0.0,0.0,0.0,0.0,0.0
2001-02,Solukhumbu,1495.0,2642.0,1.77,12900.0,19995.0,1.55,2508.0,3745.0,1.49,2000.0,2500.0,1.25,0.0,0.0,0.0,571.0,653.0,1.14
2001-02,Sunsari,47850.0,130625.0,2.73,3000.0,7500.0,2.5,19500.0,42900.0,2.2,300.0,300.0,1.0,0.0,0.0,0.0,0.0,0.0,0.0
2001-02,Surkhet,12440.0,32252.0,2.59,15240.0,27432.0,1.8,15560.0,27800.0,1.79,1420.0,1931.0,1.36,0.0,0.0,0.0,915.0,1172.0,1.28
2001-02,Syangja,14570.0,43171.0,2.96,28800.0,57600.0,2.0,7550.0,15480.0,2.05,17500.0,21000.0,1.2,0.0,0.0,0.0,90.0,90.0,1.0
2001-02,Tanahu,16840.0,51918.0,3.08,22000.0,52316.0,2.38,2560.0,5248.0,2.05,6427.0,7809.0,1.22,0.0,0.0,0.0,12.0,9.0,0.75
2001-02,Taplejung,4927.0,17043.5,3.46,12463.0,20636.0,1.66,189.0,3288.0,17.4,5631.0,6350.0,1.13,0.0,0.0,0.0,240.0,288.0,1.2
2001-02,Tehrathum,8721.0,21839.5,2.5,11665.0,17415.0,1.49,2577.0,3814.0,1.48,3195.0,3195.0,1.0,0.0,0.0,0.0,106.0,128.0,1.21
2001-02,Udayapur,10629.0,22298.0,2.1,12000.0,21756.0,1.81,4950.0,8415.0,1.7,2570.0,2827.0,1.1,0.0,0.0,0.0,30.0,32.0,1.07
2002-03,Achham,6910.0,15270.0,2.21,5195.0,6250.0,1.2,7215.0,12037.0,1.67,1730.0,1730.0,1.0,0.0,0.0,0.0,185.0,170.0,0.92
2002-03,Arghakhanchi,7700.0,13900.0,1.81,16500.0,28350.0,1.72,7375.0,11971.0,1.62,850.0,850.0,1.0,0.0,0.0,0.0,120.0,120.0,1.0
2002-03,Baglung,5560.0,14430.0,2.6,10580.0,17880.0,1.69,7050.0,13500.0,1.91,20040.0,20040.0,1.0,0.0,0.0,0.0,1480.0,1832.0,1.24
2002-03,Baitadi,5325.0,9050.0,1.7,8400.0,10920.0,1.3,9100.0,10100.0,1.11,850.0,850.0,1.0,0.0,0.0,0.0,700.0,560.0,0.8
2002-03,Bajhang,5930.0,10750.0,1.81,3650.0,6200.0,1.7,6144.0,8915.0,1.45,2285.0,2285.0,1.0,0.0,0.0,0.0,1495.0,1653.0,1.11
2002-03,Bajura,3260.0,6010.0,1.84,1010.0,1820.0,1.8,4720.0,6433.0,1.36,2100.0,2100.0,1.0,0.0,0.0,0.0,1048.0,1384.0,1.32
2002-03,Banke,28359.0,45854.0,1.62,11200.0,20400.0,1.82,9500.0,19950.0,2.1,0.0,0.0,0.0,0.0,0.0,0.0,10.0,10.0,1.0
2002-03,Bara,54600.0,205240.0,3.76,3050.0,5490.0,1.8,27500.0,60763.0,2.21,102.0,102.0,1.0,0.0,0.0,0.0,105.0,80.0,0.76
2002-03,Bardiya,35000.0,105420.0,3.01,8750.0,17500.0,2.0,16500.0,37950.0,2.3,0.0,0.0,0.0,0.0,0.0,0.0,10.0,10.0,1.0
2002-03,Bhaktapur,4577.0,27010.0,5.9,2037.0,6702.0,3.29,3847.0,10100.0,2.63,160.0,160.0,1.0,0.0,0.0,0.0,25.0,40.0,1.6
2002-03,Bhojpur,18918.0,45750.0,2.42,20867.0,40907.0,1.96,2320.0,5568.0,2.4,5439.0,5439.0,1.0,0.0,0.0,0.0,33.0,42.0,1.27
2002-03,Chitwan,31876.0,98815.0,3.1,28600.0,47300.0,1.65,10100.0,23700.0,2.35,2000.0,2000.0,1.0,0.0,0.0,0.0,350.0,280.0,0.8
2002-03,Dadeldhura,6847.0,15748.0,2.3,3970.0,6749.0,1.7,6200.0,11160.0,1.8,450.0,450.0,1.0,0.0,0.0,0.0,350.0,350.0,1.0
2002-03,Dailekh,8600.0,16620.0,1.93,10700.0,19540.0,1.83,6570.0,9850.0,1.5,2575.0,2575.0,1.0,0.0,0.0,0.0,530.0,521.0,0.98
2002-03,Dang,38280.0,111430.0,2.91,23500.0,43100.0,1.83,11500.0,28200.0,2.45,160.0,160.0,1.0,0.0,0.0,0.0,45.0,64.0,1.42
2002-03,Darchula,3050.0,6100.0,2.0,5900.0,8890.0,1.51,6695.0,7430.0,1.11,1115.0,1115.0,1.0,0.0,0.0,0.0,1187.0,1065.0,0.9
2002-03,Dhading,14949.0,45560.0,3.05,19485.0,40918.0,2.1,4900.0,8575.0,1.75,7250.0,7250.0,1.0,0.0,0.0,0.0,370.0,355.0,0.96
2002-03,Dhankuta,9774.0,25556.0,2.61,19890.0,33813.0,1.7,2700.0,6150.0,2.28,8120.0,8120.0,1.0,0.0,0.0,0.0,25.0,25.0,1.0
2002-03,Dhanusa,60000.0,129960.0,2.17,2500.0,6500.0,2.6,25500.0,53550.0,2.1,450.0,450.0,1.0,0.0,0.0,0.0,0.0,0.0,0.0
2002-03,Dolakha,3110.0,7464.0,2.4,5360.0,10649.0,1.99,4603.0,8285.0,1.8,3590.0,3590.0,1.0,0.0,0.0,0.0,230.0,322.0,1.4
2002-03,Dolpa,190.0,228.0,1.2,2000.0,2400.0,1.2,210.0,473.0,2.25,300.0,300.0,1.0,0.0,0.0,0.0,65.0,61.0,0.94
2002-03,Doti,7100.0,15345.0,2.16,2590.0,4890.0,1.89,9510.0,17500.0,1.84,1900.0,1900.0,1.0,0.0,0.0,0.0,336.0,295.0,0.88
2002-03,Gorkha,17000.0,43495.0,2.56,18420.0,38500.0,2.09,4105.0,7799.0,1.9,13780.0,13780.0,1.0,0.0,0.0,0.0,250.0,225.0,0.9
2002-03,Gulmi,10215.0,22480.0,2.2,21350.0,29500.0,1.38,6420.0,12518.0,1.95,2960.0,2960.0,1.0,0.0,0.0,0.0,378.0,510.0,1.35
2002-03,Humla,540.0,860.0,1.59,70.0,120.0,1.71,1018.0,863.0,0.85,1350.0,1350.0,1.0,0.0,0.0,0.0,1202.0,1680.0,1.4
2002-03,Ilam,13605.0,28800.0,2.12,24500.0,44350.0,1.81,4607.0,8062.0,1.75,3213.0,3213.0,1.0,0.0,0.0,0.0,71.0,71.0,1.0
2002-03,Jajarkot,3500.0,7900.0,2.26,8830.0,16510.0,1.87,7850.0,9812.0,1.25,2060.0,2060.0,1.0,0.0,0.0,0.0,760.0,684.0,0.9
2002-03,Jhapa,92150.0,290660.0,3.15,21150.0,42300.0,2.0,16511.0,35650.0,2.16,2000.0,2000.0,1.0,0.0,0.0,0.0,50.0,60.0,1.2
2002-03,Jumla,2800.0,4080.0,1.46,4525.0,6790.0,1.5,2807.0,2800.0,1.0,3750.0,3750.0,1.0,0.0,0.0,0.0,3145.0,4000.0,1.27
2002-03,Kailali,54150.0,132450.0,2.45,12500.0,18750.0,1.5,16000.0,35200.0,2.2,200.0,200.0,1.0,0.0,0.0,0.0,150.0,150.0,1.0
2002-03,Kalikot,2080.0,2820.0,1.36,1730.0,2590.0,1.5,5280.0,7300.0,1.38,1150.0,1150.0,1.0,0.0,0.0,0.0,1040.0,1270.0,1.22
2002-03,Kanchanpur,41970.0,104530.0,2.49,6190.0,10025.0,1.62,20350.0,47660.0,2.34,300.0,300.0,1.0,0.0,0.0,0.0,10.0,10.0,1.0
2002-03,Kapilbastu,67000.0,100500.0,1.5,800.0,1200.0,1.5,25000.0,50000.0,2.0,100.0,100.0,1.0,0.0,0.0,0.0,100.0,110.0,1.1
2002-03,Kaski,18590.0,51680.0,2.78,16000.0,31680.0,1.98,6500.0,15150.0,2.33,10524.0,10524.0,1.0,0.0,0.0,0.0,157.0,173.0,1.1
2002-03,Kathmandu,8100.0,46170.0,5.7,7300.0,23860.0,3.27,7020.0,12671.0,1.8,900.0,900.0,1.0,0.0,0.0,0.0,10.0,11.0,1.1
2002-03,Kavre,15200.0,46800.0,3.08,25500.0,58320.0,2.29,11500.0,28000.0,2.43,1500.0,1500.0,1.0,0.0,0.0,0.0,700.0,750.0,1.07
2002-03,Khotang,12050.0,27880.0,2.31,22000.0,42150.0,1.92,3500.0,5530.0,1.58,13600.0,13600.0,1.0,0.0,0.0,0.0,100.0,90.0,0.9
2002-03,Lalitpur,5044.0,27540.0,5.46,6125.0,18070.0,2.95,4125.0,9900.0,2.4,630.0,630.0,1.0,0.0,0.0,0.0,235.0,263.0,1.12
2002-03,Lamjung,12100.0,27800.0,2.3,11840.0,20240.0,1.71,4085.0,8500.0,2.08,9770.0,9770.0,1.0,0.0,0.0,0.0,25.0,28.0,1.12
2002-03,Mahottari,48284.0,96594.0,2.0,3250.0,5850.0,1.8,17600.0,33440.0,1.9,500.0,500.0,1.0,0.0,0.0,0.0,120.0,120.0,1.0
2002-03,Makwanpur,10135.0,29480.0,2.91,19500.0,41174.0,2.11,4300.0,7500.0,1.74,2800.0,2800.0,1.0,0.0,0.0,0.0,26.0,33.0,1.27
2002-03,Manang,0.0,0.0,0.0,175.0,250.0,1.43,300.0,450.0,1.5,0.0,0.0,0.0,0.0,0.0,0.0,88.0,117.0,1.33
2002-03,Morang,94789.0,294435.0,3.11,14100.0,25520.0,1.81,20185.0,46425.0,2.3,1300.0,1300.0,1.0,0.0,0.0,0.0,0.0,0.0,0.0
2002-03,Mugu,850.0,1553.0,1.83,550.0,850.0,1.55,1995.0,2628.0,1.32,1550.0,1550.0,1.0,0.0,0.0,0.0,1400.0,1820.0,1.3
2002-03,Mustang,0.0,0.0,0.0,522.0,910.0,1.74,679.0,1675.0,2.47,0.0,0.0,0.0,0.0,0.0,0.0,445.0,867.0,1.95
2002-03,Myagdi,3348.0,9039.0,2.7,10095.0,16670.0,1.65,3018.0,5168.0,1.71,2790.0,2790.0,1.0,0.0,0.0,0.0,584.0,588.0,1.01
2002-03,Nawalparasi,46977.0,141505.0,3.01,8080.0,16968.0,2.1,18745.0,39364.0,2.1,500.0,500.0,1.0,0.0,0.0,0.0,105.0,120.0,1.14
2002-03,Nuwakot,18233.0,54990.0,3.02,20173.0,41355.0,2.05,6225.0,12405.0,1.99,5900.0,5900.0,1.0,0.0,0.0,0.0,4.0,2.0,0.5
2002-03,Okhaldhunga,6750.0,16880.0,2.5,12440.0,20120.0,1.62,2375.0,3752.0,1.58,6980.0,6980.0,1.0,0.0,0.0,0.0,10.0,6.0,0.6
2002-03,Palpa,9399.0,20475.0,2.18,20562.0,38807.0,1.89,5955.0,12101.0,2.03,2433.0,2433.0,1.0,0.0,0.0,0.0,228.0,220.0,0.96
2002-03,Panchthar,10480.0,22010.0,2.1,14151.0,16681.0,1.18,4100.0,5720.0,1.4,5975.0,5975.0,1.0,0.0,0.0,0.0,540.0,553.0,1.02
2002-03,Parbat,9000.0,20000.0,2.22,13720.0,26068.0,1.9,3000.0,5250.0,1.75,8889.0,8889.0,1.0,0.0,0.0,0.0,150.0,127.0,0.85
2002-03,Parsa,44735.0,165650.0,3.7,4150.0,11329.0,2.73,22000.0,55000.0,2.5,103.0,103.0,1.0,0.0,0.0,0.0,75.0,105.0,1.4
2002-03,Pyuthan,6540.0,12310.0,1.88,12050.0,19500.0,1.62,8250.0,15500.0,1.88,2025.0,2025.0,1.0,0.0,0.0,0.0,451.0,451.0,1.0
2002-03,Ramechhap,7872.0,17010.0,2.16,15100.0,32090.0,2.13,3790.0,6650.0,1.75,5002.0,5002.0,1.0,0.0,0.0,0.0,115.0,120.0,1.04
2002-03,Rasuwa,1230.0,2460.0,2.0,2250.0,3370.0,1.5,850.0,1615.0,1.9,1330.0,1330.0,1.0,0.0,0.0,0.0,300.0,420.0,1.4
2002-03,Rautahat,49570.0,131850.0,2.66,2950.0,5251.0,1.78,12520.0,24410.0,1.95,75.0,75.0,1.0,0.0,0.0,0.0,184.0,152.0,0.83
2002-03,Rolpa,4700.0,9160.0,1.95,11190.0,17910.0,1.6,8520.0,14010.0,1.64,1050.0,1050.0,1.0,0.0,0.0,0.0,700.0,875.0,1.25
2002-03,Rukum,3570.0,8600.0,2.41,18650.0,31520.0,1.69,11875.0,17100.0,1.44,1140.0,1140.0,1.0,0.0,0.0,0.0,960.0,1238.0,1.29
2002-03,Rupandehi,71230.0,208430.0,2.93,500.0,950.0,1.9,30500.0,67100.0,2.2,10.0,10.0,1.0,0.0,0.0,0.0,30.0,30.0,1.0
2002-03,Salyan,6750.0,13460.0,1.99,21560.0,38040.0,1.76,13574.0,21780.0,1.6,1930.0,1930.0,1.0,0.0,0.0,0.0,1399.0,1295.0,0.93
2002-03,Sankhuwasabha,11780.0,24267.0,2.06,12846.0,21838.0,1.7,1235.0,2470.0,2.0,8160.0,8160.0,1.0,0.0,0.0,0.0,70.0,56.0,0.8
2002-03,Saptari,70190.0,168855.0,2.41,4000.0,9200.0,2.3,18500.0,40700.0,2.2,300.0,300.0,1.0,0.0,0.0,0.0,0.0,0.0,0.0
2002-03,Sarlahi,42831.0,106649.0,2.49,8005.0,21610.0,2.7,25229.0,50458.0,2.0,500.0,500.0,1.0,0.0,0.0,0.0,20.0,20.0,1.0
2002-03,Sindhuli,6400.0,16000.0,2.5,14887.0,32007.0,2.15,5700.0,11250.0,1.97,10880.0,10880.0,1.0,0.0,0.0,0.0,85.0,100.0,1.18
2002-03,Sindhupalchok,10662.0,24580.0,2.31,21600.0,43200.0,2.0,7830.0,15550.0,1.99,19400.0,19400.0,1.0,0.0,0.0,0.0,417.0,567.0,1.36
2002-03,Siraha,71800.0,193788.0,2.7,1475.0,3540.0,2.4,15115.0,36276.0,2.4,1000.0,1000.0,1.0,0.0,0.0,0.0,0.0,0.0,0.0
2002-03,Solukhumbu,1500.0,3100.0,2.07,12910.0,20100.0,1.56,3700.0,3745.0,1.01,2000.0,2000.0,1.0,0.0,0.0,0.0,571.0,653.0,1.14
2002-03,Sunsari,61715.0,195822.0,3.17,5000.0,9750.0,1.95,20100.0,50430.0,2.51,1200.0,1200.0,1.0,0.0,0.0,0.0,0.0,0.0,0.0
2002-03,Surkhet,12327.0,20673.0,1.68,15290.0,30801.0,2.01,15580.0,28100.0,1.8,1420.0,1420.0,1.0,0.0,0.0,0.0,915.0,1172.0,1.28
2002-03,Syangja,15170.0,41500.0,2.74,28800.0,64680.0,2.25,7550.0,15480.0,2.05,17500.0,17500.0,1.0,0.0,0.0,0.0,90.0,90.0,1.0
2002-03,Tanahu,16850.0,45420.0,2.7,21770.0,42435.0,1.95,2495.0,5526.0,2.21,6425.0,6425.0,1.0,0.0,0.0,0.0,11.0,8.0,0.73
2002-03,Taplejung,8990.0,18250.0,2.03,13150.0,21960.0,1.67,1810.0,3206.0,1.77,3100.0,3100.0,1.0,0.0,0.0,0.0,240.0,290.0,1.21
2002-03,Tehrathum,11194.0,22579.0,2.02,11675.0,17863.0,1.53,2577.0,4123.0,1.6,3210.0,3210.0,1.0,0.0,0.0,0.0,102.0,126.0,1.24
2002-03,Udayapur,12800.0,37171.0,2.9,14500.0,26850.0,1.85,4800.0,8260.0,1.72,2500.0,2500.0,1.0,0.0,0.0,0.0,38.0,46.0,1.21
2003-04,Achham,6910.0,15270.0,2.21,5195.0,6250.0,1.2,7215.0,12030.0,1.67,1730.0,2000.0,1.16,0.0,0.0,0.0,185.0,170.0,0.92
2003-04,Arghakhanchi,7700.0,13900.0,1.81,16500.0,28350.0,1.72,7375.0,11970.0,1.62,850.0,850.0,1.0,0.0,0.0,0.0,120.0,120.0,1.0
2003-04,Baglung,5520.0,14962.0,2.71,10600.0,18030.0,1.7,7105.0,13215.0,1.86,20100.0,22185.0,1.1,0.0,0.0,0.0,1178.0,1168.0,0.99
2003-04,Baitadi,5325.0,10500.0,1.97,8400.0,10920.0,1.3,9100.0,10100.0,1.11,850.0,850.0,1.0,0.0,0.0,0.0,700.0,660.0,0.94
2003-04,Bajhang,5930.0,10750.0,1.81,3650.0,6200.0,1.7,6144.0,8915.0,1.45,2285.0,2285.0,1.0,0.0,0.0,0.0,1500.0,1650.0,1.1
2003-04,Bajura,3260.0,6010.0,1.84,1010.0,1820.0,1.8,4950.0,6705.0,1.35,2100.0,2150.0,1.02,0.0,0.0,0.0,1072.0,1425.0,1.33
2003-04,Banke,33160.0,90546.0,2.73,10298.0,21192.0,2.06,10500.0,20853.0,1.99,0.0,0.0,0.0,0.0,0.0,0.0,10.0,10.0,1.0
2003-04,Bara,54590.0,206500.0,3.78,3000.0,5225.0,1.74,27500.0,74525.0,2.71,105.0,76.0,0.72,0.0,0.0,0.0,105.0,80.0,0.76
2003-04,Bardiya,36630.0,114280.0,3.12,8750.0,17500.0,2.0,17000.0,42269.0,2.49,0.0,0.0,0.0,0.0,0.0,0.0,10.0,10.0,1.0
2003-04,Bhaktapur,4577.0,27010.0,5.9,2037.0,6702.0,3.29,3847.0,11340.956,2.95,160.0,200.0,1.25,0.0,0.0,0.0,50.0,50.0,1.0
2003-04,Bhojpur,18918.0,45750.0,2.42,20867.0,40907.0,1.96,2571.0,6170.0,2.4,5439.0,5439.0,1.0,0.0,0.0,0.0,33.0,42.0,1.27
2003-04,Chitwan,32600.0,91280.0,2.8,27170.0,60510.0,2.23,10000.0,25586.0,2.56,2000.0,1600.0,0.8,0.0,0.0,0.0,350.0,280.0,0.8
2003-04,Dadeldhura,6900.0,15870.0,2.3,3930.0,6520.0,1.66,8710.0,12685.0,1.46,425.0,425.0,1.0,0.0,0.0,0.0,300.0,300.0,1.0
2003-04,Dailekh,8600.0,17300.0,2.01,10600.0,19960.0,1.88,6568.0,9850.0,1.5,2500.0,3135.0,1.25,0.0,0.0,0.0,228.0,273.0,1.2
2003-04,Dang,35650.0,109120.0,3.06,23500.0,47100.0,2.0,12000.0,31000.0,2.58,160.0,110.0,0.69,0.0,0.0,0.0,45.0,64.0,1.42
2003-04,Darchula,3050.0,6100.0,2.0,5900.0,8890.0,1.51,6000.0,9600.0,1.6,1115.0,990.0,0.89,0.0,0.0,0.0,1200.0,1020.0,0.85
2003-04,Dhading,14949.0,45560.0,3.05,19485.0,40918.0,2.1,4900.0,8575.0,1.75,7250.0,7010.0,0.97,0.0,0.0,0.0,370.0,350.0,0.95
2003-04,Dhankuta,9429.0,26645.0,2.83,19200.0,24190.0,1.26,2700.0,6318.0,2.34,8120.0,8038.0,0.99,0.0,0.0,0.0,25.0,25.0,1.0
2003-04,Dhanusa,63500.0,177800.0,2.8,2500.0,6500.0,2.6,25500.0,56100.0,2.2,425.0,467.0,1.1,0.0,0.0,0.0,0.0,0.0,0.0
2003-04,Dolakha,3110.0,7464.0,2.4,5360.0,9648.0,1.8,4605.0,8288.0,1.8,3590.0,3914.0,1.09,0.0,0.0,0.0,230.0,333.0,1.45
2003-04,Dolpa,190.0,228.0,1.2,2000.0,2400.0,1.2,218.0,428.0,1.96,300.0,240.0,0.8,0.0,0.0,0.0,60.0,70.0,1.17
2003-04,Doti,7175.0,15734.0,2.19,2620.0,4454.0,1.7,9600.0,13320.0,1.39,1930.0,1891.0,0.98,0.0,0.0,0.0,340.0,340.0,1.0
2003-04,Gorkha,17000.0,42033.0,2.47,19090.0,40090.0,2.1,4146.0,8541.0,2.06,13740.0,16350.0,1.19,0.0,0.0,0.0,260.0,228.0,0.88
2003-04,Gulmi,10215.0,22480.0,2.2,21350.0,29500.0,1.38,6410.0,12000.0,1.87,2960.0,3580.0,1.21,0.0,0.0,0.0,378.0,500.0,1.32
2003-04,Humla,547.0,825.0,1.51,80.0,145.0,1.81,969.0,998.0,1.03,1351.0,932.0,0.69,0.0,0.0,0.0,1200.0,1440.0,1.2
2003-04,Ilam,13605.0,28800.0,2.12,24500.0,44350.0,1.81,4600.0,8050.0,1.75,3213.0,3373.0,1.05,0.0,0.0,0.0,70.0,70.0,1.0
2003-04,Jajarkot,3500.0,7900.0,2.26,8830.0,16510.0,1.87,7850.0,9810.0,1.25,2060.0,2860.0,1.39,0.0,0.0,0.0,760.0,680.0,0.89
2003-04,Jhapa,92100.0,298600.0,3.24,21150.0,42300.0,2.0,15100.0,32280.0,2.14,2000.0,2000.0,1.0,0.0,0.0,0.0,11.0,11.0,1.0
2003-04,Jumla,2800.0,4080.0,1.46,4525.0,6790.0,1.5,2800.0,2800.0,1.0,3750.0,4150.0,1.11,0.0,0.0,0.0,3100.0,3900.0,1.26
2003-04,Kailali,57000.0,167690.0,2.94,12500.0,18750.0,1.5,17000.0,37400.0,2.2,200.0,180.0,0.9,0.0,0.0,0.0,150.0,180.0,1.2
2003-04,Kalikot,2080.0,2820.0,1.36,1730.0,2590.0,1.5,5280.0,7300.0,1.38,1150.0,1100.0,0.96,0.0,0.0,0.0,1040.0,1270.0,1.22
2003-04,Kanchanpur,44300.0,114810.0,2.59,5912.0,11844.0,2.0,20350.0,43370.0,2.13,180.0,180.0,1.0,0.0,0.0,0.0,10.0,10.0,1.0
2003-04,Kapilbastu,70500.0,173200.0,2.46,500.0,1000.0,2.0,26000.0,57420.0,2.21,100.0,100.0,1.0,0.0,0.0,0.0,100.0,110.0,1.1
2003-04,Kaski,18600.0,51894.0,2.79,16000.0,32160.0,2.01,6500.0,15150.0,2.33,10488.0,14730.0,1.4,0.0,0.0,0.0,157.0,170.0,1.08
2003-04,Kathmandu,8100.0,46170.0,5.7,7300.0,23860.0,3.27,6200.0,12140.0,1.96,900.0,900.0,1.0,0.0,0.0,0.0,10.0,8.0,0.8
2003-04,Kavre,15000.0,46900.0,3.13,25000.0,59000.0,2.36,11500.0,30000.0,2.61,1000.0,1000.0,1.0,0.0,0.0,0.0,1000.0,1000.0,1.0
2003-04,Khotang,12050.0,27880.0,2.31,22000.0,42150.0,1.92,3500.0,5550.0,1.59,13600.0,12600.0,0.93,0.0,0.0,0.0,90.0,90.0,1.0
2003-04,Lalitpur,4949.0,25423.0,5.14,6150.0,17089.0,2.78,4065.0,10650.0,2.62,610.0,732.0,1.2,0.0,0.0,0.0,225.0,263.0,1.17
2003-04,Lamjung,12100.0,27800.0,2.3,11840.0,20240.0,1.71,4085.0,8500.0,2.08,8100.0,7776.0,0.96,0.0,0.0,0.0,25.0,28.0,1.12
2003-04,Mahottari,48284.0,121190.0,2.51,3250.0,5850.0,1.8,17600.0,32400.0,1.84,500.0,500.0,1.0,0.0,0.0,0.0,40.0,30.0,0.75
2003-04,Makwanpur,10135.0,29480.0,2.91,19500.0,41174.0,2.11,4160.0,10400.0,2.5,2800.0,3135.0,1.12,0.0,0.0,0.0,25.0,30.0,1.2
2003-04,Manang,0.0,0.0,0.0,171.0,350.0,2.05,300.0,450.0,1.5,0.0,0.0,0.0,0.0,0.0,0.0,442.0,466.0,1.05
2003-04,Morang,94790.0,311250.0,3.28,14100.0,25520.0,1.81,17057.0,36716.0,2.15,1300.0,1500.0,1.15,0.0,0.0,0.0,27.0,41.0,1.52
2003-04,Mugu,850.0,1553.0,1.83,550.0,850.0,1.55,2010.0,3618.0,1.8,1550.0,1525.0,0.98,0.0,0.0,0.0,1400.0,1400.0,1.0
2003-04,Mustang,0.0,0.0,0.0,525.0,766.0,1.46,675.0,1050.0,1.56,0.0,0.0,0.0,0.0,0.0,0.0,360.0,350.0,0.97
2003-04,Myagdi,3348.0,9039.0,2.7,10095.0,16670.0,1.65,3018.0,5160.0,1.71,3730.0,3730.0,1.0,0.0,0.0,0.0,580.0,580.0,1.0
2003-04,Nawalparasi,46507.0,141505.0,3.04,9245.0,19610.0,2.12,18745.0,43113.0,2.3,500.0,550.0,1.1,0.0,0.0,0.0,105.0,120.0,1.14
2003-04,Nuwakot,18265.0,54990.0,3.01,20173.0,40692.0,2.02,6225.0,12568.0,2.02,5900.0,6490.0,1.1,0.0,0.0,0.0,4.0,2.0,0.5
2003-04,Okhaldhunga,6750.0,16880.0,2.5,12440.0,20120.0,1.62,2375.0,3750.0,1.58,6980.0,8380.0,1.2,0.0,0.0,0.0,10.0,6.0,0.6
2003-04,Palpa,9399.0,20475.0,2.18,20562.0,38807.0,1.89,5970.0,12803.0,2.14,2433.0,2408.0,0.99,0.0,0.0,0.0,227.0,222.0,0.98
2003-04,Panchthar,10480.0,22010.0,2.1,14151.0,16681.0,1.18,4100.0,5900.0,1.44,5975.0,7170.0,1.2,0.0,0.0,0.0,532.0,638.0,1.2
2003-04,Parbat,9000.0,21600.0,2.4,13720.0,27440.0,2.0,3400.0,5100.0,1.5,8889.0,8711.0,0.98,0.0,0.0,0.0,275.0,261.0,0.95
2003-04,Parsa,44735.0,165650.0,3.7,4150.0,11329.0,2.73,22500.0,59625.0,2.65,103.0,103.0,1.0,0.0,0.0,0.0,65.0,97.0,1.49
2003-04,Pyuthan,6540.0,13290.0,2.03,12050.0,19280.0,1.6,8455.0,16650.0,1.97,2025.0,2025.0,1.0,0.0,0.0,0.0,450.0,450.0,1.0
2003-04,Ramechhap,7872.0,17010.0,2.16,15100.0,32090.0,2.13,3790.0,6650.0,1.75,5050.0,6110.0,1.21,0.0,0.0,0.0,115.0,120.0,1.04
2003-04,Rasuwa,1230.0,2460.0,2.0,2250.0,3370.0,1.5,850.0,1615.0,1.9,1330.0,1330.0,1.0,0.0,0.0,0.0,300.0,377.0,1.26
2003-04,Rautahat,49570.0,138800.0,2.8,2950.0,5015.0,1.7,12559.0,26372.0,2.1,75.0,75.0,1.0,0.0,0.0,0.0,180.0,150.0,0.83
2003-04,Rolpa,4700.0,9160.0,1.95,11190.0,17910.0,1.6,8500.0,14000.0,1.65,1050.0,1100.0,1.05,0.0,0.0,0.0,700.0,875.0,1.25
2003-04,Rukum,3570.0,8600.0,2.41,18650.0,31520.0,1.69,11800.0,18215.0,1.54,1140.0,1500.0,1.32,0.0,0.0,0.0,925.0,1093.0,1.18
2003-04,Rupandehi,71230.0,213100.0,2.99,510.0,1020.0,2.0,30500.0,76250.0,2.5,5.0,5.0,1.0,0.0,0.0,0.0,30.0,30.0,1.0
2003-04,Salyan,6750.0,13460.0,1.99,21560.0,38040.0,1.76,13000.0,21000.0,1.62,1930.0,2162.0,1.12,0.0,0.0,0.0,1000.0,1300.0,1.3
2003-04,Sankhuwasabha,11780.0,24267.0,2.06,12846.0,21838.0,1.7,1170.0,2164.5,1.85,8160.0,7349.0,0.9,0.0,0.0,0.0,60.0,80.0,1.33
2003-04,Saptari,70000.0,196589.0,2.81,4000.0,9200.0,2.3,16200.0,36500.0,2.25,300.0,300.0,1.0,0.0,0.0,0.0,0.0,0.0,0.0
2003-04,Sarlahi,42831.0,114747.0,2.68,8005.0,21610.0,2.7,25250.0,55550.0,2.2,500.0,600.0,1.2,0.0,0.0,0.0,20.0,20.0,1.0
2003-04,Sindhuli,6400.0,16000.0,2.5,14887.0,32007.0,2.15,5700.0,11250.0,1.97,10880.0,10880.0,1.0,0.0,0.0,0.0,85.0,100.0,1.18
2003-04,Sindhupalchok,10627.0,25690.0,2.42,21866.0,46454.0,2.12,7800.0,12177.0,1.56,19440.0,24215.0,1.25,0.0,0.0,0.0,417.0,567.0,1.36
2003-04,Siraha,71300.0,203788.0,2.86,1475.0,3540.0,2.4,15055.0,37637.0,2.5,1000.0,1000.0,1.0,0.0,0.0,0.0,0.0,0.0,0.0
2003-04,Solukhumbu,1500.0,3100.0,2.07,12910.0,20100.0,1.56,3700.0,3750.0,1.01,2000.0,2000.0,1.0,0.0,0.0,0.0,570.0,650.0,1.14
2003-04,Sunsari,61430.0,191815.0,3.12,5000.0,9750.0,1.95,17100.0,42750.0,2.5,1200.0,1800.0,1.5,0.0,0.0,0.0,0.0,0.0,0.0
2003-04,Surkhet,12440.0,25400.0,2.04,15290.0,30801.0,2.01,15280.0,30254.0,1.98,1656.0,1987.0,1.2,0.0,0.0,0.0,1040.0,1368.0,1.32
2003-04,Syangja,15170.0,41520.0,2.74,28800.0,65000.0,2.26,7500.0,18375.0,2.45,18000.0,21000.0,1.17,0.0,0.0,0.0,400.0,360.0,0.9
2003-04,Tanahu,16850.0,45420.0,2.7,21960.0,46466.0,2.12,2495.0,5520.0,2.21,6550.0,7700.0,1.18,0.0,0.0,0.0,11.0,8.0,0.73
2003-04,Taplejung,8990.0,18250.0,2.03,13150.0,21960.0,1.67,1895.0,3492.0,1.84,3100.0,3720.0,1.2,0.0,0.0,0.0,240.0,336.0,1.4
2003-04,Tehrathum,11194.0,22579.0,2.02,11675.0,17863.0,1.53,2577.0,4380.0,1.7,3210.0,3370.0,1.05,0.0,0.0,0.0,100.0,108.0,1.08
2003-04,Udayapur,12800.0,37171.2,2.9,14500.0,26850.0,1.85,4815.0,8185.0,1.7,2500.0,2550.0,1.02,0.0,0.0,0.0,35.0,37.0,1.06
2004-05,Achham,6910.0,15270.0,2.21,5195.0,6250.0,1.2,6100.0,11000.0,1.8,1730.0,2000.0,1.16,0.0,0.0,0.0,185.0,260.0,1.41
2004-05,Arghakhanchi,7700.0,13900.0,1.81,16500.0,28350.0,1.72,7375.0,11970.0,1.62,850.0,850.0,1.0,0.0,0.0,0.0,120.0,120.0,1.0
2004-05,Baglung,5580.0,12847.0,2.3,11275.0,24241.25,2.15,7105.0,13215.0,1.86,18165.0,21974.0,1.21,0.0,0.0,0.0,1178.0,1168.0,0.99
2004-05,Baitadi,6100.0,14030.0,2.3,10000.0,17000.0,1.7,8600.0,11500.0,1.34,850.0,850.0,1.0,0.0,0.0,0.0,1000.0,1200.0,1.2
2004-05,Bajhang,5930.0,10750.0,1.81,3650.0,6200.0,1.7,6944.0,10763.2,1.55,2285.0,2285.0,1.0,0.0,0.0,0.0,1510.0,1285.0,0.85
2004-05,Bajura,3260.0,6010.0,1.84,1010.0,1820.0,1.8,6200.0,8275.0,1.33,2100.0,2150.0,1.02,0.0,0.0,0.0,1100.0,550.0,0.5
2004-05,Banke,29425.0,39212.0,1.33,9224.0,12914.0,1.4,11000.0,22000.0,2.0,0.0,0.0,0.0,0.0,0.0,0.0,10.0,10.0,1.0
2004-05,Bara,53087.0,200940.0,3.79,3110.0,5225.0,1.68,29000.0,79750.0,2.75,102.0,76.0,0.75,0.0,0.0,0.0,100.0,75.0,0.75
2004-05,Bardiya,36630.0,114280.0,3.12,8750.0,17500.0,2.0,17500.0,42269.0,2.42,0.0,0.0,0.0,0.0,0.0,0.0,10.0,10.0,1.0
2004-05,Bhaktapur,4503.0,27018.0,6.0,2040.0,6120.0,3.0,3847.0,11340.956,2.95,100.0,140.0,1.4,0.0,0.0,0.0,50.0,50.0,1.0
2004-05,Bhojpur,12300.0,29741.4,2.42,20867.0,40907.0,1.96,2571.0,6234.0,2.42,5439.0,5439.0,1.0,0.0,0.0,0.0,0.0,0.0,0.0
2004-05,Chitwan,33465.0,93702.0,2.8,20450.0,52147.0,2.55,8450.0,22000.0,2.6,1990.0,1990.0,1.0,0.0,0.0,0.0,259.0,364.0,1.41
2004-05,Dadeldhura,6835.0,19753.0,2.89,3985.0,7551.0,1.89,8210.0,13065.0,1.59,415.0,363.0,0.87,0.0,0.0,0.0,240.0,240.0,1.0
2004-05,Dailekh,8600.0,20640.0,2.4,10695.0,20534.4,1.92,6292.0,9800.0,1.56,2550.0,3315.0,1.3,0.0,0.0,0.0,230.0,273.0,1.19
2004-05,Dang,31660.0,87223.3,2.76,22700.0,56750.0,2.5,12700.0,28160.0,2.22,135.0,135.0,1.0,0.0,0.0,0.0,64.0,64.0,1.0
2004-05,Darchula,4500.0,11900.0,2.64,6000.0,9300.0,1.55,6000.0,9600.0,1.6,1450.0,1190.0,0.82,0.0,0.0,0.0,1200.0,1020.0,0.85
2004-05,Dhading,15438.0,47055.024,3.05,19485.0,40918.5,2.1,4835.0,9636.0,1.99,7589.0,7303.0,0.96,0.0,0.0,0.0,370.0,370.0,1.0
2004-05,Dhankuta,9435.0,26663.0,2.83,19985.0,23382.0,1.17,2710.0,6546.0,2.42,8103.0,9012.0,1.11,0.0,0.0,0.0,26.0,31.0,1.19
2004-05,Dhanusa,58000.0,141926.0,2.45,1400.0,3500.0,2.5,25600.0,57600.0,2.25,410.0,451.0,1.1,0.0,0.0,0.0,0.0,0.0,0.0
2004-05,Dolakha,3113.0,7938.0,2.55,5370.0,9934.0,1.85,4603.0,7825.0,1.7,3585.0,3944.0,1.1,0.0,0.0,0.0,231.0,231.0,1.0
2004-05,Dolpa,190.0,228.0,1.2,2000.0,2400.0,1.2,218.0,400.0,1.83,300.0,240.0,0.8,0.0,0.0,0.0,60.0,70.0,1.17
2004-05,Doti,8300.0,19920.0,2.4,2640.0,4906.0,1.86,9600.0,17200.0,1.79,2600.0,2860.0,1.1,0.0,0.0,0.0,340.0,442.0,1.3
2004-05,Gorkha,17165.0,42449.045,2.47,19121.0,40154.1,2.1,4121.0,9470.0,2.3,13740.0,16490.0,1.2,0.0,0.0,0.0,230.0,207.0,0.9
2004-05,Gulmi,9987.0,22690.464,2.27,20034.0,38870.0,1.94,6495.0,11041.5,1.7,2735.0,3707.0,1.36,0.0,0.0,0.0,375.0,520.0,1.39
2004-05,Humla,550.0,840.0,1.53,82.0,155.0,1.89,969.0,998.0,1.03,1360.0,1090.0,0.8,0.0,0.0,0.0,1200.0,1440.0,1.2
2004-05,Ilam,14471.0,31966.439,2.21,24500.0,46550.0,1.9,4708.0,8945.0,1.9,3290.0,3290.0,1.0,0.0,0.0,0.0,72.0,72.0,1.0
2004-05,Jajarkot,3500.0,7900.0,2.26,8830.0,16510.0,1.87,7850.0,10472.0,1.33,2060.0,2860.0,1.39,0.0,0.0,0.0,760.0,722.0,0.95
2004-05,Jhapa,96875.0,314843.75,3.25,22000.0,44000.0,2.0,15500.0,44950.0,2.9,1950.0,1950.0,1.0,0.0,0.0,0.0,10.0,10.0,1.0
2004-05,Jumla,2850.0,4500.0,1.58,4625.0,6900.0,1.49,2800.0,2800.0,1.0,4000.0,4400.0,1.1,0.0,0.0,0.0,3000.0,3900.0,1.3
2004-05,Kailali,57310.0,150540.0,2.63,16500.0,24750.0,1.5,19500.0,46800.0,2.4,200.0,180.0,0.9,0.0,0.0,0.0,150.0,180.0,1.2
2004-05,Kalikot,2080.0,2820.0,1.36,1730.0,2590.0,1.5,5280.0,7300.0,1.38,1150.0,1100.0,0.96,0.0,0.0,0.0,1040.0,1270.0,1.22
2004-05,Kanchanpur,44636.0,114810.0,2.57,5912.0,11844.0,2.0,20500.0,47150.0,2.3,180.0,180.0,1.0,0.0,0.0,0.0,8.0,8.0,1.0
2004-05,Kapilbastu,68500.0,127710.0,1.86,500.0,1000.0,2.0,28000.0,56000.0,2.0,100.0,100.0,1.0,0.0,0.0,0.0,100.0,105.0,1.05
2004-05,Kaski,18609.0,51890.0,2.79,16035.0,32682.0,2.04,9091.0,18313.0,2.01,10488.0,14730.0,1.4,0.0,0.0,0.0,191.0,225.0,1.18
2004-05,Kathmandu,8100.0,46170.0,5.7,5700.0,15960.0,2.8,6100.0,14640.0,2.4,890.0,890.0,1.0,0.0,0.0,0.0,9.0,8.0,0.89
2004-05,Kavre,11875.0,38340.0,3.23,23200.0,53400.0,2.3,12950.0,26000.0,2.01,3500.0,3465.0,0.99,0.0,0.0,0.0,760.0,760.0,1.0
2004-05,Khotang,12059.0,29275.0,2.43,22500.0,45000.0,2.0,3600.0,6592.0,1.83,14270.0,14000.0,0.98,0.0,0.0,0.0,570.0,359.0,0.63
2004-05,Lalitpur,4655.0,26068.0,5.6,8649.0,23352.0,2.7,4060.0,11098.0,2.73,610.0,751.0,1.23,0.0,0.0,0.0,225.0,263.0,1.17
2004-05,Lamjung,16025.0,46472.5,2.9,15935.0,38244.0,2.4,4000.0,8451.0,2.11,8120.0,7776.0,0.96,0.0,0.0,0.0,28.0,26.0,0.93
2004-05,Mahottari,40673.0,104165.0,2.56,2850.0,5850.0,2.05,18050.0,32500.0,1.8,401.0,460.0,1.15,0.0,0.0,0.0,40.0,30.0,0.75
2004-05,Makwanpur,10645.0,30976.95,2.91,19500.0,41145.0,2.11,4160.0,11147.0,2.68,2792.0,3127.0,1.12,0.0,0.0,0.0,25.0,30.0,1.2
2004-05,Manang,0.0,0.0,0.0,200.0,355.0,1.78,300.0,450.0,1.5,0.0,0.0,0.0,0.0,0.0,0.0,442.0,466.0,1.05
2004-05,Morang,98000.0,321832.0,3.28,14925.0,29830.0,2.0,17157.0,38710.0,2.26,1395.0,1500.0,1.08,0.0,0.0,0.0,0.0,0.0,0.0
2004-05,Mugu,1850.0,5550.0,3.0,565.0,1017.0,1.8,2010.0,3510.0,1.75,1572.0,1534.0,0.98,0.0,0.0,0.0,1400.0,1400.0,1.0
2004-05,Mustang,0.0,0.0,0.0,525.0,780.0,1.49,641.0,1100.0,1.72,0.0,0.0,0.0,0.0,0.0,0.0,437.0,613.0,1.4
2004-05,Myagdi,3178.0,7633.0,2.4,11607.0,24374.7,2.1,3155.0,5426.6,1.72,3780.0,3591.0,0.95,0.0,0.0,0.0,510.0,770.0,1.51
2004-05,Nawalparasi,45507.0,137259.85,3.02,9500.0,21014.0,2.21,18745.0,43113.0,2.3,550.0,550.0,1.0,0.0,0.0,0.0,105.0,120.0,1.14
2004-05,Nuwakot,18110.0,54529.21,3.01,20173.0,40693.0,2.02,6468.0,16120.0,2.49,5900.0,6500.0,1.1,0.0,0.0,0.0,4.0,2.0,0.5
2004-05,Okhaldhunga,6750.0,16881.75,2.5,12440.0,20120.0,1.62,1895.0,3582.0,1.89,6980.0,10380.0,1.49,0.0,0.0,0.0,115.0,138.0,1.2
2004-05,Palpa,9470.0,23201.5,2.45,20132.0,40050.0,1.99,5940.0,12803.0,2.16,2435.0,2515.0,1.03,0.0,0.0,0.0,229.0,222.0,0.97
2004-05,Panchthar,10388.0,20776.0,2.0,14154.0,21231.0,1.5,4100.0,7380.0,1.8,5978.0,8564.0,1.43,0.0,0.0,0.0,532.0,744.0,1.4
2004-05,Parbat,8895.0,20275.0,2.28,13728.0,26220.0,1.91,3400.0,5100.0,1.5,8980.0,7812.0,0.87,0.0,0.0,0.0,275.0,261.0,0.95
2004-05,Parsa,43373.0,160612.0,3.7,4050.0,11137.5,2.75,23250.0,63700.0,2.74,90.0,90.0,1.0,0.0,0.0,0.0,40.0,60.0,1.5
2004-05,Pyuthan,6520.0,13252.0,2.03,12025.0,18038.0,1.5,8655.0,18640.0,2.15,2025.0,2025.0,1.0,0.0,0.0,0.0,510.0,770.0,1.51
2004-05,Ramechhap,8673.0,18742.353,2.16,20005.0,46111.525,2.31,4598.0,9515.0,2.07,5052.0,5961.36,1.18,0.0,0.0,0.0,86.0,101.0,1.17
2004-05,Rasuwa,1317.0,2634.0,2.0,2350.0,4347.0,1.85,882.0,1641.0,1.86,1050.0,1155.0,1.1,0.0,0.0,0.0,270.0,432.0,1.6
2004-05,Rautahat,50591.0,128186.0,2.53,2440.0,4650.0,1.91,12962.0,22669.0,1.75,75.0,75.0,1.0,0.0,0.0,0.0,52.0,52.0,1.0
2004-05,Rolpa,4700.0,9160.0,1.95,11190.0,17910.0,1.6,8620.0,14000.0,1.62,1050.0,1100.0,1.05,0.0,0.0,0.0,700.0,875.0,1.25
2004-05,Rukum,3570.0,8600.0,2.41,18650.0,31520.0,1.69,11000.0,18000.0,1.64,1140.0,1500.0,1.32,0.0,0.0,0.0,435.0,593.0,1.36
2004-05,Rupandehi,71232.0,177367.68,2.49,510.0,1020.0,2.0,30500.0,76250.0,2.5,5.0,5.0,1.0,0.0,0.0,0.0,30.0,30.0,1.0
2004-05,Salyan,6959.0,18023.81,2.59,21570.0,43787.1,2.03,11578.0,20314.0,1.75,1920.0,2342.0,1.22,0.0,0.0,0.0,1000.0,1150.0,1.15
2004-05,Sankhuwasabha,15496.0,34091.0,2.2,12846.0,22788.804,1.77,1170.0,2457.0,2.1,9175.0,10093.0,1.1,0.0,0.0,0.0,50.0,37.0,0.74
2004-05,Saptari,67000.0,201000.0,3.0,4000.0,9200.0,2.3,16500.0,35500.0,2.15,300.0,300.0,1.0,0.0,0.0,0.0,0.0,0.0,0.0
2004-05,Sarlahi,37821.0,97196.0,2.57,8005.0,20012.5,2.5,25250.0,55000.0,2.18,1580.0,1500.0,0.95,0.0,0.0,0.0,20.0,20.0,1.0
2004-05,Sindhuli,6540.0,16251.9,2.48,15102.0,35308.476,2.34,5575.0,11050.0,1.98,9045.0,9654.0,1.07,0.0,0.0,0.0,85.0,100.0,1.18
2004-05,Sindhupalchok,13627.0,32936.459,2.42,22366.0,50323.5,2.25,9530.0,19060.0,2.0,19440.0,21104.0,1.09,0.0,0.0,0.0,0.0,0.0,0.0
2004-05,Siraha,69337.0,201077.0,2.9,1500.0,3750.0,2.5,15155.0,37887.0,2.5,1200.0,1200.0,1.0,0.0,0.0,0.0,0.0,0.0,0.0
2004-05,Solukhumbu,1500.0,3100.0,2.07,12910.0,20100.0,1.56,3700.0,4325.0,1.17,2000.0,2000.0,1.0,0.0,0.0,0.0,200.0,250.0,1.25
2004-05,Sunsari,61116.0,190807.0,3.12,5700.0,11115.0,1.95,16100.0,38920.0,2.42,300.0,300.0,1.0,0.0,0.0,0.0,0.0,0.0,0.0
2004-05,Surkhet,12440.0,34210.0,2.75,15870.0,38722.8,2.44,14580.0,30618.0,2.1,1656.0,1656.0,1.0,0.0,0.0,0.0,1040.0,1368.0,1.32
2004-05,Syangja,16228.0,47061.2,2.9,30800.0,80080.0,2.6,7600.0,18375.0,2.42,17000.0,20400.0,1.2,0.0,0.0,0.0,400.0,360.0,0.9
2004-05,Tanahu,16713.0,51496.0,3.08,21960.0,57096.0,2.6,2300.0,4870.0,2.12,6550.0,8089.0,1.23,0.0,0.0,0.0,10.0,8.0,0.8
2004-05,Taplejung,9025.0,19737.675,2.19,13150.0,22170.9,1.69,1895.0,3832.0,2.02,3100.0,3565.0,1.15,0.0,0.0,0.0,240.0,288.0,1.2
2004-05,Tehrathum,10977.0,22349.172,2.04,11675.0,19665.0,1.68,2577.0,4535.0,1.76,2407.0,2888.0,1.2,0.0,0.0,0.0,100.0,108.0,1.08
2004-05,Udayapur,13300.0,38623.2,2.9,18735.0,34697.22,1.85,4825.0,9173.0,1.9,2525.0,2777.0,1.1,0.0,0.0,0.0,35.0,35.0,1.0
2005-06,Achham,6910.0,15270.0,2.21,5195.0,6250.0,1.2,7151.0,10010.0,1.4,1730.0,2000.0,1.16,0.0,0.0,0.0,185.0,200.0,1.08
2005-06,Arghakhanchi,7700.0,13900.0,1.81,16500.0,28350.0,1.72,7375.0,11500.0,1.56,850.0,850.0,1.0,0.0,0.0,0.0,120.0,120.0,1.0
2005-06,Baglung,5717.0,14411.0,2.52,11500.0,25090.0,2.18,7105.0,13000.0,1.83,18165.0,21974.0,1.21,0.0,0.0,0.0,1140.0,1160.0,1.02
2005-06,Baitadi,5320.0,9050.0,1.7,9400.0,16450.0,1.75,5000.0,7500.0,1.5,850.0,770.0,0.91,0.0,0.0,0.0,500.0,500.0,1.0
2005-06,Bajhang,5930.0,10750.0,1.81,3650.0,6200.0,1.7,6100.0,9455.0,1.55,2285.0,2285.0,1.0,0.0,0.0,0.0,1510.0,1285.0,0.85
2005-06,Bajura,3260.0,6010.0,1.84,1010.0,1820.0,1.8,4950.0,7427.0,1.5,2100.0,2150.0,1.02,0.0,0.0,0.0,1072.0,1187.0,1.11
2005-06,Banke,31500.0,84720.0,2.69,9200.0,18400.0,2.0,12282.0,27143.0,2.21,0.0,0.0,0.0,0.0,0.0,0.0,10.0,10.0,1.0
2005-06,Bara,54500.0,200230.0,3.67,3150.0,5292.0,1.68,28545.0,81067.8,2.84,100.0,112.0,1.12,0.0,0.0,0.0,70.0,70.0,1.0
2005-06,Bardiya,36600.0,118680.0,3.24,8750.0,21875.0,2.5,17800.0,42720.0,2.4,0.0,0.0,0.0,0.0,0.0,0.0,10.0,10.0,1.0
2005-06,Bhaktapur,4480.0,24610.0,5.49,2040.0,6120.0,3.0,3847.0,10500.0,2.73,100.0,140.0,1.4,0.0,0.0,0.0,50.0,50.0,1.0
2005-06,Bhojpur,12300.0,29741.4,2.42,20867.0,40907.0,1.96,2200.0,4550.0,2.07,5439.0,5439.0,1.0,0.0,0.0,0.0,30.0,40.0,1.33
2005-06,Chitwan,32972.0,78280.0,2.37,20450.0,44110.0,2.16,8760.0,22425.6,2.56,1950.0,1950.0,1.0,0.0,0.0,0.0,260.0,368.0,1.42
2005-06,Dadeldhura,6840.0,15748.0,2.3,3970.0,6749.0,1.7,8210.0,13065.0,1.59,450.0,450.0,1.0,0.0,0.0,0.0,240.0,240.0,1.0
2005-06,Dailekh,8600.0,20640.0,2.4,10695.0,20534.4,1.92,6292.0,9800.0,1.56,2550.0,3315.0,1.3,0.0,0.0,0.0,230.0,273.0,1.19
2005-06,Dang,34100.0,101890.0,2.99,22700.0,56750.0,2.5,12700.0,30353.0,2.39,135.0,135.0,1.0,0.0,0.0,0.0,32.0,32.0,1.0
2005-06,Darchula,4050.0,8100.0,2.0,5900.0,5590.0,0.95,5800.0,9400.0,1.62,1115.0,990.0,0.89,0.0,0.0,0.0,1200.0,1020.0,0.85
2005-06,Dhading,15750.0,46590.0,2.96,19453.0,40736.0,2.09,4741.0,9600.0,2.02,7589.0,7603.0,1.0,0.0,0.0,0.0,370.0,370.0,1.0
2005-06,Dhankuta,9435.0,26663.0,2.83,19950.0,38104.5,1.91,2720.0,5525.0,2.03,8125.0,8025.0,0.99,0.0,0.0,0.0,25.0,25.0,1.0
2005-06,Dhanusa,61260.0,150825.0,2.46,1500.0,4050.0,2.7,25500.0,52400.0,2.05,400.0,440.0,1.1,0.0,0.0,0.0,0.0,0.0,0.0
2005-06,Dolakha,3115.0,7235.0,2.32,5372.0,9950.0,1.85,4603.0,7825.0,1.7,3585.0,3550.0,0.99,0.0,0.0,0.0,231.0,230.0,1.0
2005-06,Dolpa,260.0,446.0,1.72,2250.0,3037.5,1.35,218.0,300.0,1.38,315.0,252.0,0.8,0.0,0.0,0.0,60.0,70.0,1.17
2005-06,Doti,7100.0,15345.0,2.16,2590.0,4890.0,1.89,11000.0,19380.0,1.76,1900.0,2600.0,1.37,0.0,0.0,0.0,300.0,240.0,0.8
2005-06,Gorkha,17555.0,42000.0,2.39,19314.0,48285.0,2.5,4150.0,9470.0,2.28,13740.0,16490.0,1.2,0.0,0.0,0.0,230.0,207.0,0.9
2005-06,Gulmi,10680.0,23189.232,2.17,20050.0,39656.0,1.98,6495.0,9800.0,1.51,2730.0,3703.0,1.36,0.0,0.0,0.0,375.0,450.0,1.2
2005-06,Humla,550.0,420.0,0.76,82.0,155.0,1.89,1000.0,990.0,0.99,1360.0,1090.0,0.8,0.0,0.0,0.0,1200.0,1440.0,1.2
2005-06,Ilam,14625.0,35538.0,2.43,22927.0,42415.0,1.85,4708.0,8500.0,1.81,3290.0,3390.0,1.03,0.0,0.0,0.0,72.0,72.0,1.0
2005-06,Jajarkot,3500.0,7900.0,2.26,8830.0,16510.0,1.87,7850.0,11225.0,1.43,2060.0,2860.0,1.39,0.0,0.0,0.0,760.0,684.0,0.9
2005-06,Jhapa,96800.0,311690.0,3.22,22250.0,47837.5,2.15,15700.0,39250.0,2.5,2150.0,2150.0,1.0,0.0,0.0,0.0,100.0,110.0,1.1
2005-06,Jumla,2850.0,3344.0,1.17,4625.0,6900.0,1.49,2800.0,2000.0,0.71,4000.0,4400.0,1.1,0.0,0.0,0.0,3000.0,3500.0,1.17
2005-06,Kailali,57000.0,149205.0,2.62,16500.0,24750.0,1.5,20900.0,49742.0,2.38,200.0,180.0,0.9,0.0,0.0,0.0,150.0,160.0,1.07
2005-06,Kalikot,2080.0,2225.0,1.07,1730.0,2590.0,1.5,4800.0,6150.0,1.28,1150.0,1100.0,0.96,0.0,0.0,0.0,1040.0,1270.0,1.22
2005-06,Kanchanpur,43872.0,115628.0,2.64,6190.0,10025.0,1.62,21500.0,49450.0,2.3,300.0,300.0,1.0,0.0,0.0,0.0,8.0,8.0,1.0
2005-06,Kapilbastu,68500.0,149330.0,2.18,1300.0,2730.0,2.1,27560.0,52640.0,1.91,100.0,100.0,1.0,0.0,0.0,0.0,100.0,105.0,1.05
2005-06,Kaski,18630.0,54399.6,2.92,16037.0,35684.0,2.23,9278.0,19298.0,2.08,11479.0,15037.49,1.31,0.0,0.0,0.0,194.0,250.0,1.29
2005-06,Kathmandu,8000.0,41250.0,5.16,5410.0,15148.0,2.8,6100.0,14100.0,2.31,880.0,880.0,1.0,0.0,0.0,0.0,9.0,8.0,0.89
2005-06,Kavre,11105.0,35470.0,3.19,23200.0,53500.0,2.31,12950.0,26000.0,2.01,3500.0,3510.0,1.0,0.0,0.0,0.0,760.0,760.0,1.0
2005-06,Khotang,12099.0,26617.8,2.2,22500.0,43875.0,1.95,3580.0,6260.0,1.75,14270.0,14000.0,0.98,0.0,0.0,0.0,570.0,342.0,0.6
2005-06,Lalitpur,4600.0,23000.0,5.0,8649.0,23352.0,2.7,4060.0,10050.0,2.48,610.0,751.0,1.23,0.0,0.0,0.0,225.0,263.0,1.17
2005-06,Lamjung,15530.0,46120.0,2.97,15935.0,38012.0,2.39,3840.0,7819.0,2.04,7988.0,8010.0,1.0,0.0,0.0,0.0,52.0,45.0,0.87
2005-06,Mahottari,44050.0,98165.0,2.23,2822.0,5644.0,2.0,18050.0,30500.0,1.69,320.0,320.0,1.0,0.0,0.0,0.0,40.0,30.0,0.75
2005-06,Makwanpur,11245.0,32722.95,2.91,19500.0,41145.0,2.11,4160.0,10850.0,2.61,2792.0,3127.0,1.12,0.0,0.0,0.0,25.0,30.0,1.2
2005-06,Manang,0.0,0.0,0.0,166.0,365.0,2.2,302.0,580.0,1.92,0.0,0.0,0.0,0.0,0.0,0.0,187.0,243.0,1.3
2005-06,Morang,98070.0,305740.4,3.12,15500.0,34940.0,2.25,17150.0,37745.0,2.2,1310.0,1637.0,1.25,0.0,0.0,0.0,0.0,0.0,0.0
2005-06,Mugu,1850.0,4078.0,2.2,565.0,1017.0,1.8,1910.0,2810.0,1.47,1572.0,1550.0,0.99,0.0,0.0,0.0,1400.0,1400.0,1.0
2005-06,Mustang,0.0,0.0,0.0,525.0,780.0,1.49,641.0,1100.0,1.72,0.0,0.0,0.0,0.0,0.0,0.0,437.0,513.0,1.17
2005-06,Myagdi,3178.0,7633.0,2.4,11607.0,24374.7,2.1,3017.0,6035.0,2.0,3780.0,3591.0,0.95,0.0,0.0,0.0,600.0,666.0,1.11
2005-06,Nawalparasi,45500.0,131574.0,2.89,9345.0,23154.0,2.48,18745.0,40100.0,2.14,500.0,550.0,1.1,0.0,0.0,0.0,105.0,120.0,1.14
2005-06,Nuwakot,18136.0,54408.0,3.0,19750.0,35550.0,1.8,6468.0,15100.0,2.33,5900.0,7850.0,1.33,0.0,0.0,0.0,4.0,2.0,0.5
2005-06,Okhaldhunga,6580.0,18424.0,2.8,12635.0,22348.0,1.77,2860.0,4004.0,1.4,7750.0,10388.0,1.34,0.0,0.0,0.0,115.0,138.0,1.2
2005-06,Palpa,9470.0,23201.5,2.45,20134.0,40250.0,2.0,5975.0,11830.0,1.98,2435.0,2515.0,1.03,0.0,0.0,0.0,225.0,202.0,0.9
2005-06,Panchthar,10388.0,20776.0,2.0,14154.0,21231.0,1.5,4100.0,7000.0,1.71,5978.0,7965.0,1.33,0.0,0.0,0.0,532.0,570.0,1.07
2005-06,Parbat,9051.0,16962.0,1.87,14168.0,28624.0,2.02,3400.0,5100.0,1.5,8950.0,8771.0,0.98,0.0,0.0,0.0,275.0,261.0,0.95
2005-06,Parsa,44200.0,160500.0,3.63,4055.0,13381.0,3.3,23500.0,60536.0,2.58,90.0,90.0,1.0,0.0,0.0,0.0,40.0,50.0,1.25
2005-06,Pyuthan,6520.0,13252.0,2.03,12025.0,18038.0,1.5,8655.0,15640.0,1.81,2025.0,2025.0,1.0,0.0,0.0,0.0,510.0,570.0,1.12
2005-06,Ramechhap,8643.0,14000.0,1.62,21502.0,40805.0,1.9,4798.0,10555.0,2.2,5057.0,5309.0,1.05,0.0,0.0,0.0,95.0,107.0,1.13
2005-06,Rasuwa,1325.0,3000.0,2.26,2350.0,4347.0,1.85,882.0,1641.0,1.86,1050.0,1155.0,1.1,0.0,0.0,0.0,270.0,432.0,1.6
2005-06,Rautahat,48500.0,112805.0,2.33,2440.0,4650.0,1.91,12962.0,22669.0,1.75,75.0,75.0,1.0,0.0,0.0,0.0,52.0,52.0,1.0
2005-06,Rolpa,4715.0,8500.0,1.8,11611.0,17200.0,1.48,8620.0,14000.0,1.62,1067.0,1000.0,0.94,0.0,0.0,0.0,700.0,875.0,1.25
2005-06,Rukum,3570.0,8600.0,2.41,18650.0,31520.0,1.69,9850.0,16050.0,1.63,1140.0,1500.0,1.32,0.0,0.0,0.0,435.0,560.0,1.29
2005-06,Rupandehi,67670.0,168258.0,2.49,550.0,1541.0,2.8,30400.0,72400.0,2.38,0.0,0.0,0.0,0.0,0.0,0.0,30.0,30.0,1.0
2005-06,Salyan,6959.0,18572.0,2.67,21000.0,40236.0,1.92,11578.0,20980.0,1.81,1901.0,2291.0,1.21,0.0,0.0,0.0,1390.0,1390.0,1.0
2005-06,Sankhuwasabha,15496.0,28674.0,1.85,13087.0,22623.0,1.73,1350.0,2500.0,1.85,9195.0,9575.0,1.04,0.0,0.0,0.0,40.0,40.0,1.0
2005-06,Saptari,68000.0,157500.0,2.32,4000.0,9500.0,2.38,12500.0,25500.0,2.04,300.0,300.0,1.0,0.0,0.0,0.0,0.0,0.0,0.0
2005-06,Sarlahi,40974.0,95417.0,2.33,8005.0,21000.0,2.62,25700.0,53900.0,2.1,1580.0,1500.0,0.95,0.0,0.0,0.0,20.0,20.0,1.0
2005-06,Sindhuli,6565.0,14443.0,2.2,15400.0,36030.0,2.34,5580.0,13671.0,2.45,9910.0,9819.0,0.99,0.0,0.0,0.0,85.0,100.0,1.18
2005-06,Sindhupalchok,13320.0,32287.0,2.42,21400.0,44940.0,2.1,9530.0,19060.0,2.0,19300.0,20500.0,1.06,0.0,0.0,0.0,0.0,0.0,0.0
2005-06,Siraha,67972.0,189435.0,2.79,1550.0,3875.0,2.5,15800.0,33180.0,2.1,1000.0,900.0,0.9,0.0,0.0,0.0,0.0,0.0,0.0
2005-06,Solukhumbu,1500.0,3000.0,2.0,12910.0,20100.0,1.56,3700.0,5217.0,1.41,2000.0,2100.0,1.05,0.0,0.0,0.0,200.0,224.0,1.12
2005-06,Sunsari,61140.0,189530.0,3.1,5700.0,11115.0,1.95,16100.0,37303.7,2.32,1075.0,1370.0,1.27,0.0,0.0,0.0,0.0,0.0,0.0
2005-06,Surkhet,12440.0,34645.0,2.78,15965.0,35921.25,2.25,14580.0,30618.0,2.1,1656.0,1656.0,1.0,0.0,0.0,0.0,1140.0,1238.0,1.09
2005-06,Syangja,16228.0,47061.2,2.9,30800.0,80080.0,2.6,7510.0,18232.0,2.43,17000.0,20400.0,1.2,0.0,0.0,0.0,400.0,310.0,0.78
2005-06,Tanahu,16800.0,46704.0,2.78,21970.0,58220.0,2.65,2200.0,3850.0,1.75,6600.0,8346.0,1.26,0.0,0.0,0.0,10.0,8.0,0.8
2005-06,Taplejung,9090.0,19089.0,2.1,13075.0,22881.25,1.75,1895.0,2879.0,1.52,3050.0,3660.0,1.2,0.0,0.0,0.0,240.0,288.0,1.2
2005-06,Tehrathum,10977.0,22349.172,2.04,11675.0,19614.0,1.68,2577.0,4200.0,1.63,3250.0,3550.0,1.09,0.0,0.0,0.0,100.0,108.0,1.08
2005-06,Udayapur,13650.0,36278.0,2.66,18735.0,34697.22,1.85,4825.0,9100.0,1.89,2525.0,2570.0,1.02,0.0,0.0,0.0,35.0,35.0,1.0
2006-07,Achham,7480.0,14960.0,2.0,5336.0,8870.0,1.66,7151.0,9000.0,1.26,2545.0,2417.75,0.95,0.0,0.0,0.0,185.0,200.0,1.08
2006-07,Arghakhanchi,7419.0,14500.0,1.95,16500.0,28350.0,1.72,7340.0,13946.0,1.9,850.0,850.0,1.0,0.0,0.0,0.0,504.0,554.0,1.1
2006-07,Baglung,5337.0,11971.0,2.24,21000.0,44100.0,2.1,7230.0,12870.0,1.78,18165.0,21974.0,1.21,0.0,0.0,0.0,1025.0,1200.0,1.17
2006-07,Baitadi,5320.0,8138.0,1.53,9400.0,16450.0,1.75,5000.0,6500.0,1.3,850.0,770.0,0.91,0.0,0.0,0.0,500.0,500.0,1.0
2006-07,Bajhang,5742.0,9949.0,1.73,3650.0,6200.0,1.7,6100.0,9155.0,1.5,2285.0,2285.0,1.0,0.0,0.0,0.0,1510.0,1285.0,0.85
2006-07,Bajura,2900.0,5280.0,1.82,990.0,1584.0,1.6,4950.0,7127.0,1.44,3000.0,2400.0,0.8,0.0,0.0,0.0,1072.0,1187.0,1.11
2006-07,Banke,29032.0,63870.4,2.2,10000.0,19500.0,1.95,15731.0,37754.4,2.4,0.0,0.0,0.0,0.0,0.0,0.0,10.0,10.0,1.0
2006-07,Bara,51728.0,186220.8,3.6,3150.0,6300.0,2.0,28945.0,89440.05,3.09,73.0,93.0,1.27,0.0,0.0,0.0,68.0,75.0,1.1
2006-07,Bardiya,36640.0,106256.0,2.9,8600.0,18060.0,2.1,19165.0,49829.0,2.6,0.0,0.0,0.0,0.0,0.0,0.0,10.0,10.0,1.0
2006-07,Bhaktapur,4480.0,28000.0,6.25,2035.0,6100.0,3.0,3665.0,11178.25,3.05,100.0,140.0,1.4,0.0,0.0,0.0,50.0,50.0,1.0
2006-07,Bhojpur,12030.0,29064.48,2.42,20780.0,43638.0,2.1,2228.0,4120.0,1.85,5226.0,5136.0,0.98,0.0,0.0,0.0,30.0,40.0,1.33
2006-07,Chitwan,28717.0,80407.6,2.8,20650.0,57820.0,2.8,9015.0,22520.0,2.5,1815.0,1810.0,1.0,0.0,0.0,0.0,260.0,390.0,1.5
2006-07,Dadeldhura,6217.0,14299.1,2.3,3742.0,7858.2,2.1,8210.0,12000.0,1.46,318.0,295.0,0.93,0.0,0.0,0.0,240.0,240.0,1.0
2006-07,Dailekh,8600.0,22360.0,2.6,16093.0,30577.0,1.9,6292.0,9800.0,1.56,2515.0,2515.0,1.0,0.0,0.0,0.0,193.0,212.0,1.1
2006-07,Dang,33869.0,95849.27,2.83,25500.0,54825.0,2.15,12700.0,29210.0,2.3,135.0,135.0,1.0,0.0,0.0,0.0,35.0,30.0,0.86
2006-07,Darchula,3966.0,7289.0,1.84,5900.0,9145.0,1.55,5975.0,9500.0,1.59,1115.0,990.0,0.89,0.0,0.0,0.0,1050.0,893.0,0.85
2006-07,Dhading,15800.0,37713.0,2.39,19453.0,30736.0,1.58,4741.0,9600.0,2.02,7590.0,7590.0,1.0,0.0,0.0,0.0,370.0,370.0,1.0
2006-07,Dhankuta,8145.0,20750.0,2.55,19973.0,41943.3,2.1,2720.0,5304.0,1.95,7094.0,7058.53,1.0,0.0,0.0,0.0,25.0,25.0,1.0
2006-07,Dhanusa,52700.0,110143.0,2.09,1180.0,3068.0,2.6,26200.0,60888.8,2.32,410.0,414.0,1.01,0.0,0.0,0.0,0.0,0.0,0.0
2006-07,Dolakha,3125.0,6318.0,2.02,5390.0,10800.0,2.0,4603.0,7500.0,1.63,3575.0,3540.0,0.99,0.0,0.0,0.0,231.0,230.0,1.0
2006-07,Dolpa,260.0,455.0,1.75,2250.0,3250.0,1.44,2062.0,2250.0,1.09,315.0,215.0,0.68,0.0,0.0,0.0,205.0,207.0,1.01
2006-07,Doti,7500.0,17392.5,2.32,2550.0,3825.0,1.5,11000.0,16060.0,1.46,3250.0,3087.5,0.95,0.0,0.0,0.0,240.0,305.0,1.27
2006-07,Gorkha,17735.0,44116.0,2.49,19350.0,48375.0,2.5,4155.0,8725.0,2.1,11679.0,13781.0,1.18,0.0,0.0,0.0,230.0,207.0,0.9
2006-07,Gulmi,9517.0,23688.0,2.49,20050.0,39656.0,1.98,8095.0,11740.0,1.45,2730.0,3703.0,1.36,0.0,0.0,0.0,380.0,470.0,1.24
2006-07,Humla,550.0,910.0,1.65,82.0,140.0,1.71,995.0,975.0,0.98,1360.0,1090.0,0.8,0.0,0.0,0.0,1190.0,1273.3,1.07
2006-07,Ilam,12091.0,29500.0,2.44,23470.0,46940.0,2.0,4735.0,9020.0,1.9,3312.0,3312.0,1.0,0.0,0.0,0.0,75.0,75.0,1.0
2006-07,Jajarkot,3500.0,7000.0,2.0,8830.0,16510.0,1.87,8828.0,11035.0,1.25,2060.0,2860.0,1.39,0.0,0.0,0.0,760.0,780.0,1.03
2006-07,Jhapa,81000.0,243290.0,3.0,21700.0,54250.0,2.5,17000.0,44200.0,2.6,2200.0,2340.0,1.06,0.0,0.0,0.0,11.0,22.0,2.0
2006-07,Jumla,2850.0,4844.0,1.7,4625.0,6850.0,1.48,2800.0,2917.6,1.04,4000.0,4400.0,1.1,0.0,0.0,0.0,3050.0,3660.0,1.2
2006-07,Kailali,57900.0,146076.0,2.52,16650.0,32467.5,1.95,20900.0,55200.0,2.64,222.0,200.0,0.9,0.0,0.0,0.0,150.0,160.0,1.07
2006-07,Kalikot,2080.0,3850.0,1.85,1730.0,2450.0,1.42,5055.0,6100.0,1.21,1150.0,1100.0,0.96,0.0,0.0,0.0,1072.0,987.0,0.92
2006-07,Kanchanpur,46639.0,130589.0,2.8,5750.0,10925.0,1.9,21500.0,53750.0,2.5,180.0,180.0,1.0,0.0,0.0,0.0,10.0,10.0,1.0
2006-07,Kapilbastu,68880.0,141572.0,2.06,1240.0,2604.0,2.1,28500.0,65550.0,2.3,150.0,140.0,0.93,0.0,0.0,0.0,100.0,105.0,1.05
2006-07,Kaski,19307.0,45371.45,2.35,16310.0,36630.0,2.25,9278.0,18092.1,1.95,14485.0,19410.0,1.34,0.0,0.0,0.0,194.0,180.0,0.93
2006-07,Kathmandu,8000.0,40800.0,5.1,5400.0,15633.0,2.9,5900.0,16220.0,2.75,860.0,860.0,1.0,0.0,0.0,0.0,9.0,8.0,0.89
2006-07,Kavre,10550.0,33500.0,3.18,23200.0,53500.0,2.31,12950.0,22050.0,1.7,3500.0,3510.0,1.0,0.0,0.0,0.0,760.0,740.0,0.97
2006-07,Khotang,10899.0,23977.8,2.2,22500.0,43875.0,1.95,3580.0,6290.0,1.76,14270.0,14000.0,0.98,0.0,0.0,0.0,570.0,390.0,0.68
2006-07,Lalitpur,4640.0,22504.0,4.85,8940.0,17775.0,1.99,4065.0,9094.0,2.24,608.0,699.0,1.15,0.0,0.0,0.0,225.0,280.0,1.24
2006-07,Lamjung,15553.0,32213.0,2.07,15990.0,38277.0,2.39,3840.0,7740.0,2.02,7900.0,7512.0,0.95,0.0,0.0,0.0,28.0,27.0,0.96
2006-07,Mahottari,33499.0,66998.0,2.0,2930.0,5895.0,2.01,21037.0,37867.0,1.8,335.0,383.0,1.14,0.0,0.0,0.0,32.0,32.0,1.0
2006-07,Makwanpur,11493.0,34249.14,2.98,19812.0,48539.4,2.45,4265.0,10662.0,2.5,2961.0,3216.0,1.09,0.0,0.0,0.0,100.0,120.0,1.2
2006-07,Manang,0.0,0.0,0.0,166.0,365.0,2.2,291.0,625.0,2.15,3.0,3.0,1.0,0.0,0.0,0.0,187.0,233.0,1.25
2006-07,Morang,81360.0,242476.0,2.98,15000.0,31500.0,2.1,18500.0,42550.0,2.3,1325.0,1335.0,1.01,0.0,0.0,0.0,0.0,0.0,0.0
2006-07,Mugu,1050.0,1785.0,1.7,565.0,1000.0,1.77,2200.0,2607.0,1.18,1572.0,1550.0,0.99,0.0,0.0,0.0,1398.0,1328.1,0.95
2006-07,Mustang,0.0,0.0,0.0,525.0,780.0,1.49,635.0,1301.0,2.05,4.0,4.0,1.0,0.0,0.0,0.0,311.0,392.0,1.26
2006-07,Myagdi,3145.0,7030.0,2.24,11607.0,24374.7,2.1,3050.0,5795.0,1.9,3780.0,3591.0,0.95,0.0,0.0,0.0,595.0,643.0,1.08
2006-07,Nawalparasi,45490.0,116383.0,2.56,9695.0,24250.0,2.5,18830.0,45600.0,2.42,500.0,500.0,1.0,0.0,0.0,0.0,120.0,132.0,1.1
2006-07,Nuwakot,18136.0,55000.0,3.03,19750.0,35550.0,1.8,6145.0,12597.25,2.05,5900.0,7080.0,1.2,0.0,0.0,0.0,4.0,2.0,0.5
2006-07,Okhaldhunga,5660.0,14150.0,2.5,12635.0,22348.0,1.77,2855.0,4139.75,1.45,7750.0,9380.0,1.21,0.0,0.0,0.0,115.0,138.0,1.2
2006-07,Palpa,8251.0,18302.0,2.22,20135.0,42283.5,2.1,6230.0,12150.0,1.95,2415.0,2415.0,1.0,0.0,0.0,0.0,35.0,33.0,0.94
2006-07,Panchthar,8854.0,15800.0,1.78,14154.0,21231.0,1.5,4115.0,7410.0,1.8,5978.0,7700.0,1.29,0.0,0.0,0.0,519.0,674.0,1.3
2006-07,Parbat,9021.0,19405.0,2.15,14198.0,30773.0,2.17,3560.0,4580.0,1.29,8950.0,6970.0,0.78,0.0,0.0,0.0,295.0,225.0,0.76
2006-07,Parsa,43200.0,153360.0,3.55,4025.0,12880.0,3.2,24000.0,69600.0,2.9,80.0,75.0,0.94,0.0,0.0,0.0,40.0,50.0,1.25
2006-07,Pyuthan,6540.0,15042.0,2.3,12025.0,17917.0,1.49,8650.0,12542.5,1.45,2000.0,1700.0,0.85,0.0,0.0,0.0,510.0,590.0,1.16
2006-07,Ramechhap,8743.0,15757.0,1.8,23008.0,46016.0,2.0,4803.0,9080.0,1.89,5057.0,6068.0,1.2,0.0,0.0,0.0,175.0,197.0,1.13
2006-07,Rasuwa,1325.0,3000.0,2.26,2350.0,4347.0,1.85,882.0,1500.0,1.7,1050.0,1155.0,1.1,0.0,0.0,0.0,270.0,432.0,1.6
2006-07,Rautahat,48400.0,107932.0,2.23,2694.0,5298.0,1.97,14100.0,32430.0,2.3,75.0,75.0,1.0,0.0,0.0,0.0,52.0,52.0,1.0
2006-07,Rolpa,4682.0,9364.0,2.0,11611.0,17200.0,1.48,8550.0,11542.5,1.35,1067.0,1000.0,0.94,0.0,0.0,0.0,550.0,651.0,1.18
2006-07,Rukum,3544.0,8084.0,2.28,18650.0,31520.0,1.69,11800.0,14050.0,1.19,1140.0,1500.0,1.32,0.0,0.0,0.0,925.0,975.0,1.05
2006-07,Rupandehi,69000.0,172500.0,2.5,875.0,2187.5,2.5,31000.0,85250.0,2.75,100.0,90.0,0.9,0.0,0.0,0.0,30.0,30.0,1.0
2006-07,Salyan,6745.0,16608.0,2.46,21000.0,40236.0,1.92,11600.0,20300.0,1.75,1901.0,2291.0,1.21,0.0,0.0,0.0,1125.0,1250.0,1.11
2006-07,Sankhuwasabha,15037.0,25030.0,1.66,13080.0,23740.2,1.82,1500.0,2850.0,1.9,9195.0,9575.0,1.04,0.0,0.0,0.0,40.0,48.0,1.2
2006-07,Saptari,52000.0,95680.0,1.84,4000.0,8000.0,2.0,15500.0,35650.0,2.3,300.0,300.0,1.0,0.0,0.0,0.0,0.0,0.0,0.0
2006-07,Sarlahi,37156.0,84715.68,2.28,7500.0,15375.0,2.05,27395.0,62734.55,2.29,1500.0,1500.0,1.0,0.0,0.0,0.0,50.0,50.0,1.0
2006-07,Sindhuli,6065.0,11143.0,1.84,16500.0,38692.5,2.35,5580.0,10930.0,1.96,10775.0,11153.0,1.04,0.0,0.0,0.0,45.0,55.0,1.22
2006-07,Sindhupalchok,13155.0,32887.5,2.5,21000.0,47250.0,2.25,9530.0,18500.0,1.94,19500.0,19500.0,1.0,0.0,0.0,0.0,0.0,0.0,0.0
2006-07,Siraha,57400.0,117670.0,2.05,2000.0,5000.0,2.5,16250.0,34760.0,2.14,1200.0,1200.0,1.0,0.0,0.0,0.0,0.0,0.0,0.0
2006-07,Solukhumbu,1440.0,2526.0,1.75,12910.0,21688.8,1.68,3700.0,5217.0,1.41,2000.0,2100.0,1.05,0.0,0.0,0.0,200.0,224.0,1.12
2006-07,Sunsari,54942.0,164826.0,3.0,5200.0,13000.0,2.5,17000.0,42500.0,2.5,1200.0,1080.0,0.9,0.0,0.0,0.0,0.0,0.0,0.0
2006-07,Surkhet,12400.0,38440.0,3.1,15965.0,44702.0,2.8,16642.0,34630.0,2.08,1656.0,2070.0,1.25,0.0,0.0,0.0,1643.0,1765.0,1.07
2006-07,Syangja,16258.0,42660.992,2.62,30800.0,81774.0,2.66,7600.0,17850.0,2.35,16800.0,20160.0,1.2,0.0,0.0,0.0,200.0,140.0,0.7
2006-07,Tanahu,16850.0,47449.6,2.82,22755.0,58707.9,2.58,2250.0,3990.0,1.77,6700.0,6180.0,0.92,0.0,0.0,0.0,7.0,7.0,1.0
2006-07,Taplejung,8783.0,16048.0,1.83,13075.0,24018.775,1.84,1895.0,2879.0,1.52,3050.0,3500.0,1.15,0.0,0.0,0.0,240.0,288.0,1.2
2006-07,Tehrathum,9817.0,18500.0,1.88,12000.0,23160.0,1.93,2640.0,3960.0,1.5,3050.0,3202.5,1.05,0.0,0.0,0.0,105.0,115.0,1.1
2006-07,Udayapur,11386.0,25049.0,2.2,16267.0,28467.25,1.75,4885.0,10258.0,2.1,2399.0,2399.0,1.0,0.0,0.0,0.0,35.0,35.0,1.0
2007-08,Achham,7480.0,14960.0,2.0,5336.0,8870.0,1.66,7151.0,9000.0,1.26,2545.0,2417.75,0.95,0.0,0.0,0.0,185.0,200.0,1.08
2007-08,Arghakhanchi,7419.0,14500.0,1.95,16500.0,28350.0,1.72,7300.0,13720.0,1.88,850.0,850.0,1.0,0.0,0.0,0.0,485.0,510.0,1.05
2007-08,Baglung,5735.0,12156.0,2.12,21352.0,45160.0,2.12,7005.0,10788.0,1.54,18900.0,23058.0,1.22,0.0,0.0,0.0,1030.0,1524.0,1.48
2007-08,Baitadi,5330.0,9660.0,1.81,9500.0,17270.0,1.82,5000.0,6500.0,1.3,870.0,950.0,1.09,0.0,0.0,0.0,500.0,500.0,1.0
2007-08,Bajhang,6005.0,9200.0,1.53,3650.0,6261.0,1.72,6100.0,9155.0,1.5,2285.0,2170.0,0.95,0.0,0.0,0.0,1510.0,1285.0,0.85
2007-08,Bajura,3310.0,6103.0,1.84,990.0,1659.0,1.68,4950.0,7127.0,1.44,2520.0,2650.0,1.05,0.0,0.0,0.0,1072.0,1187.0,1.11
2007-08,Banke,33500.0,95100.0,2.84,6599.0,11000.0,1.67,17530.0,43650.0,2.49,0.0,0.0,0.0,0.0,0.0,0.0,10.0,10.0,1.0
2007-08,Bara,54878.0,205710.0,3.75,3100.0,5910.0,1.91,28995.0,92985.0,3.21,70.0,80.0,1.14,0.0,0.0,0.0,68.0,66.0,0.97
2007-08,Bardiya,38000.0,120850.0,3.18,8100.0,15916.0,1.96,18000.0,49620.0,2.76,0.0,0.0,0.0,0.0,0.0,0.0,10.0,10.0,1.0
2007-08,Bhaktapur,4400.0,28248.0,6.42,2035.0,6441.0,3.17,3665.0,11178.25,3.05,100.0,140.0,1.4,0.0,0.0,0.0,50.0,50.0,1.0
2007-08,Bhojpur,15361.0,36866.0,2.4,20857.0,38585.0,1.85,2510.0,5020.0,2.0,4600.0,4500.0,0.98,0.0,0.0,0.0,30.0,40.0,1.33
2007-08,Chitwan,32755.0,105700.0,3.23,21150.0,59658.0,2.82,9010.0,23600.0,2.62,1815.0,1810.0,1.0,0.0,0.0,0.0,250.0,375.0,1.5
2007-08,Dadeldhura,6217.0,14313.0,2.3,3742.0,5949.0,1.59,7895.0,11842.0,1.5,318.0,318.0,1.0,0.0,0.0,0.0,200.0,200.0,1.0
2007-08,Dailekh,8200.0,20500.0,2.5,16090.0,29035.0,1.8,6190.0,10144.0,1.64,2095.0,2723.0,1.3,0.0,0.0,0.0,195.0,124.0,0.64
2007-08,Dang,36578.0,115977.0,3.17,25600.0,56144.0,2.19,12700.0,29100.0,2.29,170.0,160.0,0.94,0.0,0.0,0.0,35.0,30.0,0.86
2007-08,Darchula,3950.0,7480.0,1.89,5900.0,10970.0,1.86,5975.0,9500.0,1.59,1115.0,990.0,0.89,0.0,0.0,0.0,1050.0,893.0,0.85
2007-08,Dhading,16100.0,42000.0,2.61,19480.0,33500.0,1.72,4785.0,9472.0,1.98,7585.0,7615.0,1.0,0.0,0.0,0.0,365.0,347.0,0.95
2007-08,Dhankuta,8695.0,23042.0,2.65,19985.0,50960.0,2.55,2720.0,5304.0,1.95,8129.0,7966.0,0.98,0.0,0.0,0.0,25.0,25.0,1.0
2007-08,Dhanusa,54790.0,161630.0,2.95,1250.0,2850.0,2.28,27700.0,64500.0,2.33,400.0,400.0,1.0,0.0,0.0,0.0,0.0,0.0,0.0
2007-08,Dolakha,3125.0,6318.0,2.02,5390.0,10800.0,2.0,4603.0,7500.0,1.63,3575.0,3540.0,0.99,0.0,0.0,0.0,231.0,230.0,1.0
2007-08,Dolpa,270.0,472.0,1.75,2282.0,3906.0,1.71,2365.0,2750.0,1.16,317.0,253.0,0.8,0.0,0.0,0.0,200.0,200.0,1.0
2007-08,Doti,7500.0,17544.0,2.34,2550.0,5020.0,1.97,11000.0,16060.0,1.46,4010.0,3609.0,0.9,0.0,0.0,0.0,240.0,305.0,1.27
2007-08,Gorkha,17900.0,48100.0,2.69,19350.0,49150.0,2.54,4155.0,7479.0,1.8,11670.0,13800.0,1.18,0.0,0.0,0.0,260.0,260.0,1.0
2007-08,Gulmi,9517.0,23688.0,2.49,20050.0,39656.0,1.98,8095.0,14552.0,1.8,2730.0,3703.0,1.36,0.0,0.0,0.0,382.0,539.0,1.41
2007-08,Humla,550.0,910.0,1.65,82.0,140.0,1.71,990.0,970.0,0.98,1360.0,1090.0,0.8,0.0,0.0,0.0,890.0,951.0,1.07
2007-08,Ilam,12304.0,28299.0,2.3,23480.0,57526.0,2.45,4735.0,10627.0,2.24,3314.0,2884.0,0.87,0.0,0.0,0.0,75.0,75.0,1.0
2007-08,Jajarkot,3500.0,7000.0,2.0,8830.0,16510.0,1.87,8500.0,13364.0,1.57,2060.0,2860.0,1.39,0.0,0.0,0.0,754.0,829.0,1.1
2007-08,Jhapa,96161.0,312523.0,3.25,22550.0,56627.0,2.51,15000.0,43500.0,2.9,2100.0,2100.0,1.0,0.0,0.0,0.0,10.0,10.0,1.0
2007-08,Jumla,2850.0,4844.0,1.7,4625.0,6850.0,1.48,3000.0,3126.0,1.04,4000.0,4400.0,1.1,0.0,0.0,0.0,3567.0,3920.0,1.1
2007-08,Kailali,60000.0,150000.0,2.5,17000.0,34150.0,2.01,21000.0,47200.0,2.25,222.0,200.0,0.9,0.0,0.0,0.0,150.0,160.0,1.07
2007-08,Kalikot,2220.0,4600.0,2.07,2250.0,2950.0,1.31,5350.0,7750.0,1.45,1252.0,1365.0,1.09,0.0,0.0,0.0,1072.0,1050.0,0.98
2007-08,Kanchanpur,46600.0,134500.0,2.89,5750.0,10925.0,1.9,21250.0,52150.0,2.45,180.0,180.0,1.0,0.0,0.0,0.0,10.0,10.0,1.0
2007-08,Kapilbastu,68870.0,154490.0,2.24,1240.0,2630.0,2.12,28500.0,68400.0,2.4,140.0,140.0,1.0,0.0,0.0,0.0,100.0,105.0,1.05
2007-08,Kaski,19310.0,50815.0,2.63,16300.0,37910.0,2.33,7922.0,15760.0,1.99,14485.0,19410.0,1.34,0.0,0.0,0.0,166.0,148.0,0.89
2007-08,Kathmandu,8000.0,42800.0,5.35,5400.0,16500.0,3.06,5900.0,17700.0,3.0,870.0,870.0,1.0,0.0,0.0,0.0,9.0,8.0,0.89
2007-08,Kavre,10550.0,35845.0,3.4,23200.0,55640.0,2.4,12950.0,22050.0,1.7,3450.0,3500.0,1.01,0.0,0.0,0.0,760.0,740.0,0.97
2007-08,Khotang,14899.0,33586.0,2.25,22580.0,53687.0,2.38,3580.0,6290.0,1.76,14511.0,14000.0,0.96,0.0,0.0,0.0,570.0,390.0,0.68
2007-08,Lalitpur,4650.0,22645.0,4.87,8640.0,18500.0,2.14,4065.0,9094.0,2.24,605.0,786.0,1.3,0.0,0.0,0.0,225.0,280.0,1.24
2007-08,Lamjung,16030.0,33342.0,2.08,15990.0,38280.0,2.39,3840.0,7740.0,2.02,7900.0,7512.0,0.95,0.0,0.0,0.0,28.0,27.0,0.96
2007-08,Mahottari,46000.0,115000.0,2.5,2930.0,5860.0,2.0,22140.0,46494.0,2.1,335.0,383.0,1.14,0.0,0.0,0.0,50.0,50.0,1.0
2007-08,Makwanpur,12660.0,37347.0,2.95,18037.0,43345.0,2.4,4203.0,11978.0,2.85,2792.0,3235.0,1.16,0.0,0.0,0.0,80.0,110.0,1.38
2007-08,Manang,0.0,0.0,0.0,166.0,365.0,2.2,291.0,640.0,2.2,3.0,3.0,1.0,0.0,0.0,0.0,187.0,243.0,1.3
2007-08,Morang,88290.0,273699.0,3.1,15100.0,34175.0,2.26,20690.0,49656.0,2.4,1345.0,1604.0,1.19,0.0,0.0,0.0,0.0,0.0,0.0
2007-08,Mugu,1050.0,1785.0,1.7,565.0,1000.0,1.77,2015.0,2600.0,1.29,1572.0,1550.0,0.99,0.0,0.0,0.0,1398.0,1328.1,0.95
2007-08,Mustang,0.0,0.0,0.0,537.0,798.0,1.49,624.0,1600.0,2.56,4.0,4.0,1.0,0.0,0.0,0.0,321.0,615.0,1.92
2007-08,Myagdi,3895.0,9348.0,2.4,11108.0,25548.0,2.3,3031.0,5940.0,1.96,3758.0,3758.0,1.0,0.0,0.0,0.0,595.0,625.0,1.05
2007-08,Nawalparasi,46490.0,149233.0,3.21,9695.0,24900.0,2.57,18850.0,46500.0,2.47,500.0,500.0,1.0,0.0,0.0,0.0,120.0,130.0,1.08
2007-08,Nuwakot,18935.0,57750.0,3.05,20228.0,38040.0,1.88,6145.0,12597.25,2.05,5900.0,7800.0,1.32,0.0,0.0,0.0,4.0,2.0,0.5
2007-08,Okhaldhunga,5860.0,14943.0,2.55,12545.0,24462.0,1.95,2855.0,4139.75,1.45,7756.0,10100.0,1.3,0.0,0.0,0.0,115.0,138.0,1.2
2007-08,Palpa,8795.0,23695.0,2.69,20140.0,47532.0,2.36,6230.0,12150.0,1.95,2420.0,2504.0,1.03,0.0,0.0,0.0,35.0,33.0,0.94
2007-08,Panchthar,8854.0,15800.0,1.78,14160.0,22089.0,1.56,4115.0,7410.0,1.8,5992.0,7790.0,1.3,0.0,0.0,0.0,519.0,674.0,1.3
2007-08,Parbat,9021.0,19405.0,2.15,14198.0,30773.0,2.17,3560.0,4580.0,1.29,8950.0,6970.0,0.78,0.0,0.0,0.0,295.0,225.0,0.76
2007-08,Parsa,46000.0,169510.0,3.68,4050.0,12558.0,3.1,23650.0,72775.0,3.08,80.0,80.0,1.0,0.0,0.0,0.0,34.0,34.0,1.0
2007-08,Pyuthan,6540.0,15280.0,2.34,12058.0,18158.0,1.51,8650.0,16635.0,1.92,1985.0,1985.0,1.0,0.0,0.0,0.0,510.0,775.0,1.52
2007-08,Ramechhap,8743.0,15757.0,1.8,23008.0,46016.0,2.0,4803.0,9080.0,1.89,5057.0,6068.0,1.2,0.0,0.0,0.0,175.0,197.0,1.13
2007-08,Rasuwa,1325.0,3300.0,2.49,2350.0,4500.0,1.91,882.0,1500.0,1.7,1050.0,1155.0,1.1,0.0,0.0,0.0,270.0,432.0,1.6
2007-08,Rautahat,46800.0,113856.0,2.43,2694.0,4850.0,1.8,15300.0,38310.0,2.5,70.0,56.0,0.8,0.0,0.0,0.0,52.0,52.0,1.0
2007-08,Rolpa,4715.0,9665.75,2.05,11621.0,17500.0,1.51,8544.0,14097.0,1.65,1067.0,1173.0,1.1,0.0,0.0,0.0,552.0,552.0,1.0
2007-08,Rukum,3544.0,8084.0,2.28,18650.0,31520.0,1.69,11800.0,16520.0,1.4,1140.0,1500.0,1.32,0.0,0.0,0.0,925.0,821.0,0.89
2007-08,Rupandehi,72500.0,217500.0,3.0,900.0,2250.0,2.5,32000.0,98150.0,3.07,100.0,90.0,0.9,0.0,0.0,0.0,30.0,30.0,1.0
2007-08,Salyan,6745.0,16608.0,2.46,21000.0,40236.0,1.92,11600.0,20300.0,1.75,1901.0,2291.0,1.21,0.0,0.0,0.0,1125.0,1250.0,1.11
2007-08,Sankhuwasabha,15932.0,28677.0,1.8,14672.0,28209.0,1.92,1500.0,2925.0,1.95,9977.0,9956.0,1.0,0.0,0.0,0.0,30.0,29.0,0.97
2007-08,Saptari,68000.0,153000.0,2.25,4100.0,8250.0,2.01,15500.0,35650.0,2.3,300.0,300.0,1.0,0.0,0.0,0.0,0.0,0.0,0.0
2007-08,Sarlahi,38750.0,90000.0,2.32,7250.0,15298.0,2.11,27395.0,62734.55,2.29,120.0,120.0,1.0,0.0,0.0,0.0,50.0,50.0,1.0
2007-08,Sindhuli,6065.0,11143.0,1.84,16500.0,38692.5,2.35,5580.0,10930.0,1.96,10775.0,11153.0,1.04,0.0,0.0,0.0,45.0,55.0,1.22
2007-08,Sindhupalchok,13155.0,32887.5,2.5,21000.0,47250.0,2.25,9530.0,18500.0,1.94,19500.0,19500.0,1.0,0.0,0.0,0.0,0.0,0.0,0.0
2007-08,Siraha,70750.0,156358.0,2.21,2100.0,5040.0,2.4,16250.0,34760.0,2.14,800.0,800.0,1.0,0.0,0.0,0.0,0.0,0.0,0.0
2007-08,Solukhumbu,1620.0,2916.0,1.8,12950.0,29100.0,2.25,3700.0,5217.0,1.41,2052.0,2566.0,1.25,0.0,0.0,0.0,200.0,224.0,1.12
2007-08,Sunsari,53600.0,166160.0,3.1,5660.0,14150.0,2.5,17000.0,40800.0,2.4,1352.0,1352.0,1.0,0.0,0.0,0.0,0.0,0.0,0.0
2007-08,Surkhet,12400.0,38440.0,3.1,15970.0,42320.0,2.65,16942.0,32600.0,1.92,2095.0,2724.0,1.3,0.0,0.0,0.0,1030.0,1237.0,1.2
2007-08,Syangja,17500.0,47990.0,2.74,30800.0,86725.0,2.82,7600.0,15200.0,2.0,16800.0,20320.0,1.21,0.0,0.0,0.0,200.0,110.0,0.55
2007-08,Tanahu,18950.0,52670.0,2.78,22500.0,59880.0,2.66,2250.0,3990.0,1.77,6705.0,6200.0,0.92,0.0,0.0,0.0,7.0,7.0,1.0
2007-08,Taplejung,8783.0,16048.0,1.83,13187.0,28495.0,2.16,1895.0,2879.0,1.52,3050.0,3567.0,1.17,0.0,0.0,0.0,240.0,288.0,1.2
2007-08,Tehrathum,10186.0,20372.0,2.0,12092.0,16164.0,1.34,2550.0,4320.0,1.69,2505.0,2520.0,1.01,0.0,0.0,0.0,105.0,116.0,1.1
2007-08,Udayapur,13300.0,38703.0,2.91,16890.0,30754.0,1.82,4830.0,11640.0,2.41,2570.0,3341.0,1.3,0.0,0.0,0.0,38.0,37.0,0.97
2008-09,Achham,7480.0,14960.0,2.0,5336.0,8870.0,1.66,7151.0,6671.0,0.93,2545.0,2417.75,0.95,0.0,0.0,0.0,185.0,104.0,0.56
2008-09,Arghakhanchi,8735.0,19545.0,2.24,16889.0,36311.0,2.15,7340.0,8630.0,1.18,825.0,998.0,1.21,0.0,0.0,0.0,485.0,472.0,0.97
2008-09,Baglung,5735.0,14900.0,2.6,21370.0,53852.0,2.52,6815.0,9165.0,1.34,18920.0,23900.0,1.26,0.0,0.0,0.0,1015.0,1502.0,1.48
2008-09,Baitadi,5330.0,9660.0,1.81,9500.0,17270.0,1.82,5000.0,4355.0,0.87,870.0,950.0,1.09,0.0,0.0,0.0,500.0,500.0,1.0
2008-09,Bajhang,6005.0,9200.0,1.53,3650.0,6261.0,1.72,6100.0,6317.0,1.04,2285.0,2170.0,0.95,0.0,0.0,0.0,1510.0,1350.0,0.89
2008-09,Bajura,3310.0,6103.0,1.84,990.0,1659.0,1.68,4950.0,3292.0,0.67,2520.0,2650.0,1.05,0.0,0.0,0.0,1072.0,557.0,0.52
2008-09,Banke,36500.0,110550.0,3.03,6600.0,10920.0,1.65,18000.0,43380.0,2.41,0.0,0.0,0.0,0.0,0.0,0.0,10.0,10.0,1.0
2008-09,Bara,55335.0,213565.0,3.86,3100.0,6900.0,2.23,28900.0,88900.0,3.08,75.0,100.0,1.33,0.0,0.0,0.0,68.0,66.0,0.97
2008-09,Bardiya,38500.0,123200.0,3.2,8100.0,14900.0,1.84,16915.0,42177.0,2.49,0.0,0.0,0.0,0.0,0.0,0.0,10.0,10.0,1.0
2008-09,Bhaktapur,4400.0,28248.0,6.42,2035.0,6441.0,3.17,3665.0,9884.0,2.7,100.0,140.0,1.4,0.0,0.0,0.0,50.0,50.0,1.0
2008-09,Bhojpur,15361.0,36866.0,2.4,20857.0,38585.0,1.85,2510.0,3867.0,1.54,4600.0,4500.0,0.98,0.0,0.0,0.0,30.0,40.0,1.33
2008-09,Chitwan,32755.0,107815.0,3.29,21150.0,59660.0,2.82,9010.0,21004.0,2.33,1815.0,1815.0,1.0,0.0,0.0,0.0,250.0,300.0,1.2
2008-09,Dadeldhura,6221.0,17500.0,2.81,3744.0,6313.0,1.69,7920.0,6177.0,0.78,318.0,320.0,1.01,0.0,0.0,0.0,218.0,127.0,0.58
2008-09,Dailekh,8200.0,20500.0,2.5,16090.0,29035.0,1.8,6190.0,7304.0,1.18,2095.0,2723.0,1.3,0.0,0.0,0.0,187.0,181.0,0.97
2008-09,Dang,37458.0,124327.0,3.32,25200.0,55100.0,2.19,12700.0,25630.0,2.02,170.0,160.0,0.94,0.0,0.0,0.0,35.0,30.0,0.86
2008-09,Darchula,3950.0,7480.0,1.89,5900.0,10970.0,1.86,5965.0,4255.0,0.71,1115.0,1000.0,0.9,0.0,0.0,0.0,1200.0,792.0,0.66
2008-09,Dhading,16720.0,42500.0,2.54,19465.0,33950.0,1.74,4680.0,7914.0,1.69,7540.0,7540.0,1.0,0.0,0.0,0.0,350.0,350.0,1.0
2008-09,Dhankuta,8695.0,23770.0,2.73,19985.0,50960.0,2.55,2725.0,4208.0,1.54,8129.0,8563.0,1.05,0.0,0.0,0.0,10.0,10.0,1.0
2008-09,Dhanusa,55000.0,176000.0,3.2,1555.0,3850.0,2.48,27500.0,57405.0,2.09,400.0,450.0,1.12,0.0,0.0,0.0,0.0,0.0,0.0
2008-09,Dolakha,3125.0,6318.0,2.02,5390.0,10800.0,2.0,4400.0,5105.0,1.16,3575.0,3580.0,1.0,0.0,0.0,0.0,231.0,230.0,1.0
2008-09,Dolpa,270.0,475.0,1.76,2282.0,4360.0,1.91,2365.0,1088.0,0.46,317.0,275.0,0.87,0.0,0.0,0.0,180.0,95.0,0.53
2008-09,Doti,7555.0,18500.0,2.45,2550.0,4850.0,1.9,11000.0,10760.0,0.98,4075.0,4080.0,1.0,0.0,0.0,0.0,250.0,183.0,0.73
2008-09,Gorkha,17900.0,48500.0,2.71,19350.0,47212.0,2.44,4155.0,6157.0,1.48,11680.0,13821.0,1.18,0.0,0.0,0.0,230.0,200.0,0.87
2008-09,Gulmi,9958.0,24753.0,2.49,21034.0,39864.0,1.9,7434.0,8303.0,1.12,2915.0,3971.0,1.36,0.0,0.0,0.0,344.0,282.0,0.82
2008-09,Humla,550.0,910.0,1.65,82.0,140.0,1.71,990.0,431.0,0.44,1360.0,1300.0,0.96,0.0,0.0,0.0,680.0,280.0,0.41
2008-09,Ilam,13200.0,36300.0,2.75,23480.0,57526.0,2.45,4735.0,8250.0,1.74,3314.0,2884.0,0.87,0.0,0.0,0.0,75.0,75.0,1.0
2008-09,Jajarkot,3570.0,6920.0,1.94,8810.0,17200.0,1.95,8500.0,8622.0,1.01,2060.0,2860.0,1.39,0.0,0.0,0.0,758.0,425.0,0.56
2008-09,Jhapa,96700.0,322640.0,3.34,22600.0,58600.0,2.59,15000.0,36500.0,2.43,2000.0,2000.0,1.0,0.0,0.0,0.0,10.0,10.0,1.0
2008-09,Jumla,2850.0,4844.0,1.7,4625.0,6850.0,1.48,2850.0,1532.0,0.54,4000.0,4400.0,1.1,0.0,0.0,0.0,3650.0,3200.0,0.88
2008-09,Kailali,60000.0,165000.0,2.75,17000.0,33500.0,1.97,21000.0,40120.0,1.91,200.0,180.0,0.9,0.0,0.0,0.0,150.0,144.0,0.96
2008-09,Kalikot,2225.0,4610.0,2.07,2255.0,3833.5,1.7,5350.0,3928.0,0.73,1252.0,1260.0,1.01,0.0,0.0,0.0,1072.0,750.0,0.7
2008-09,Kanchanpur,46655.0,119700.0,2.57,6050.0,11313.0,1.87,21250.0,46935.0,2.21,170.0,170.0,1.0,0.0,0.0,0.0,10.0,9.0,0.9
2008-09,Kapilbastu,69960.0,190350.0,2.72,1240.0,3013.0,2.43,28550.0,63612.0,2.23,140.0,140.0,1.0,0.0,0.0,0.0,100.0,110.0,1.1
2008-09,Kaski,20100.0,61990.0,3.08,16300.0,41645.0,2.55,6900.0,13396.0,1.94,16101.0,19410.0,1.21,0.0,0.0,0.0,160.0,150.0,0.94
2008-09,Kathmandu,8050.0,43250.0,5.37,5800.0,17920.0,3.09,5800.0,14284.0,2.46,850.0,850.0,1.0,0.0,0.0,0.0,7.0,7.0,1.0
2008-09,Kavre,11275.0,31899.0,2.83,24279.0,56288.0,2.32,12550.0,18286.0,1.46,3505.0,3505.0,1.0,0.0,0.0,0.0,760.0,740.0,0.97
2008-09,Khotang,14899.0,33586.0,2.25,22580.0,53687.0,2.38,3500.0,5147.0,1.47,14511.0,14000.0,0.96,0.0,0.0,0.0,500.0,400.0,0.8
2008-09,Lalitpur,4650.0,22645.0,4.87,8640.0,18500.0,2.14,4060.0,7820.0,1.93,605.0,786.0,1.3,0.0,0.0,0.0,220.0,250.0,1.14
2008-09,Lamjung,16030.0,36541.0,2.28,15990.0,38890.0,2.43,3840.0,6289.0,1.64,7500.0,7500.0,1.0,0.0,0.0,0.0,28.0,25.0,0.89
2008-09,Mahottari,40250.0,95500.0,2.37,2930.0,5860.0,2.0,21540.0,41380.0,1.92,355.0,426.0,1.2,0.0,0.0,0.0,50.0,50.0,1.0
2008-09,Makwanpur,12700.0,37500.0,2.95,18050.0,44520.0,2.47,4203.0,8826.0,2.1,2900.0,3300.0,1.14,0.0,0.0,0.0,21.0,29.0,1.38
2008-09,Manang,0.0,0.0,0.0,166.0,365.0,2.2,290.0,454.0,1.57,3.0,3.0,1.0,0.0,0.0,0.0,180.0,240.0,1.33
2008-09,Morang,88200.0,279912.0,3.17,15170.0,35200.0,2.32,20275.0,44690.0,2.2,1415.0,1698.0,1.2,0.0,0.0,0.0,0.0,0.0,0.0
2008-09,Mugu,1050.0,1785.0,1.7,565.0,1000.0,1.77,2015.0,1690.0,0.84,1572.0,1550.0,0.99,0.0,0.0,0.0,1200.0,1260.0,1.05
2008-09,Mustang,0.0,0.0,0.0,537.0,795.0,1.48,620.0,1024.0,1.65,4.0,4.0,1.0,0.0,0.0,0.0,330.0,400.0,1.21
2008-09,Myagdi,3895.0,10680.0,2.74,11115.0,27788.0,2.5,3020.0,4975.0,1.65,3048.0,3105.0,1.02,0.0,0.0,0.0,590.0,545.0,0.92
2008-09,Nawalparasi,46490.0,165425.0,3.56,9700.0,24950.0,2.57,18850.0,44200.0,2.34,500.0,500.0,1.0,0.0,0.0,0.0,90.0,75.0,0.83
2008-09,Nuwakot,18965.0,59700.0,3.15,20120.0,43658.0,2.17,5451.0,11447.0,2.1,5822.0,7051.0,1.21,0.0,0.0,0.0,4.0,3.0,0.75
2008-09,Okhaldhunga,5860.0,14943.0,2.55,12545.0,24462.0,1.95,2807.0,3519.0,1.25,7756.0,10100.0,1.3,0.0,0.0,0.0,115.0,138.0,1.2
2008-09,Palpa,8795.0,23900.0,2.72,20210.0,47940.0,2.37,6235.0,9903.0,1.59,2540.0,2550.0,1.0,0.0,0.0,0.0,35.0,33.0,0.94
2008-09,Panchthar,8854.0,15879.0,1.79,14160.0,22133.0,1.56,4130.0,6300.0,1.53,5992.0,7750.0,1.29,0.0,0.0,0.0,515.0,515.0,1.0
2008-09,Parbat,9021.0,22150.0,2.46,14180.0,34037.0,2.4,3500.0,3693.0,1.06,8890.0,8110.0,0.91,0.0,0.0,0.0,290.0,220.0,0.76
2008-09,Parsa,46200.0,177980.0,3.85,4100.0,12600.0,3.07,23600.0,69770.0,2.96,75.0,75.0,1.0,0.0,0.0,0.0,34.0,34.0,1.0
2008-09,Pyuthan,6540.0,15280.0,2.34,12058.0,18158.0,1.51,8650.0,11877.0,1.37,1985.0,1985.0,1.0,0.0,0.0,0.0,690.0,670.0,0.97
2008-09,Ramechhap,8743.0,15757.0,1.8,23008.0,46016.0,2.0,4803.0,7060.0,1.47,5057.0,6068.0,1.2,0.0,0.0,0.0,100.0,79.0,0.79
2008-09,Rasuwa,1325.0,3300.0,2.49,2350.0,4500.0,1.91,842.0,1393.0,1.65,1050.0,1155.0,1.1,0.0,0.0,0.0,300.0,344.0,1.15
2008-09,Rautahat,46800.0,124480.0,2.66,2694.0,5050.0,1.87,15300.0,34093.0,2.23,60.0,54.0,0.9,0.0,0.0,0.0,52.0,52.0,1.0
2008-09,Rolpa,4715.0,9665.75,2.05,11621.0,17500.0,1.51,8544.0,10150.0,1.19,1067.0,1173.0,1.1,0.0,0.0,0.0,537.0,507.0,0.94
2008-09,Rukum,3750.0,10100.0,2.69,18650.0,31705.0,1.7,11800.0,10894.0,0.92,925.0,860.0,0.93,0.0,0.0,0.0,900.0,950.0,1.06
2008-09,Rupandehi,72500.0,253750.0,3.5,1250.0,3180.0,2.54,32000.0,94150.0,2.94,100.0,100.0,1.0,0.0,0.0,0.0,30.0,25.0,0.83
2008-09,Salyan,6961.0,16300.0,2.34,20500.0,39278.0,1.92,11500.0,13616.0,1.18,1920.0,2496.0,1.3,0.0,0.0,0.0,1150.0,950.0,0.83
2008-09,Sankhuwasabha,15932.0,28677.0,1.8,14672.0,28209.0,1.92,1505.0,2288.0,1.52,9977.0,9956.0,1.0,0.0,0.0,0.0,30.0,29.0,0.97
2008-09,Saptari,68400.0,173500.0,2.54,4000.0,8800.0,2.2,15000.0,32085.0,2.14,300.0,300.0,1.0,0.0,0.0,0.0,0.0,0.0,0.0
2008-09,Sarlahi,38750.0,96480.0,2.49,7250.0,15298.0,2.11,27100.0,55834.0,2.06,120.0,120.0,1.0,0.0,0.0,0.0,50.0,50.0,1.0
2008-09,Sindhuli,6065.0,11143.0,1.84,16500.0,38692.5,2.35,5500.0,8930.0,1.62,10775.0,11153.0,1.04,0.0,0.0,0.0,45.0,45.0,1.0
2008-09,Sindhupalchok,13920.0,36439.0,2.62,21895.0,51490.0,2.35,9030.0,12100.0,1.34,19295.0,21070.0,1.09,0.0,0.0,0.0,0.0,0.0,0.0
2008-09,Siraha,70750.0,164176.0,2.32,2100.0,5040.0,2.4,16000.0,31284.0,1.96,800.0,800.0,1.0,0.0,0.0,0.0,0.0,0.0,0.0
2008-09,Solukhumbu,1620.0,2916.0,1.8,12950.0,29100.0,2.25,3680.0,3574.0,0.97,2052.0,2566.0,1.25,0.0,0.0,0.0,200.0,224.0,1.12
2008-09,Sunsari,51158.0,141360.0,2.76,7300.0,14900.0,2.04,14000.0,36720.0,2.62,1350.0,1350.0,1.0,0.0,0.0,0.0,0.0,0.0,0.0
2008-09,Surkhet,12800.0,42800.0,3.34,16100.0,40300.0,2.5,16255.0,28472.0,1.75,2095.0,2726.0,1.3,0.0,0.0,0.0,1095.0,1215.0,1.11
2008-09,Syangja,17550.0,51589.0,2.94,30800.0,88300.0,2.87,7450.0,11920.0,1.6,16800.0,19341.0,1.15,0.0,0.0,0.0,200.0,110.0,0.55
2008-09,Tanahu,19050.0,55524.0,2.91,22150.0,59362.0,2.68,1900.0,3200.0,1.68,6710.0,6274.0,0.94,0.0,0.0,0.0,6.0,5.0,0.83
2008-09,Taplejung,8783.0,16048.0,1.83,13187.0,28495.0,2.16,1890.0,2285.0,1.21,3050.0,3567.0,1.17,0.0,0.0,0.0,240.0,264.0,1.1
2008-09,Tehrathum,10186.0,20372.0,2.0,12092.0,16164.0,1.34,2600.0,3272.0,1.26,2505.0,2520.0,1.01,0.0,0.0,0.0,100.0,110.0,1.1
2008-09,Udayapur,14150.0,42262.0,2.99,16900.0,38025.0,2.25,4800.0,9694.0,2.02,2572.0,3458.0,1.34,0.0,0.0,0.0,38.0,37.0,0.97
2009-10,Achham,7450.0,13700.0,1.84,6346.0,8250.0,1.3,7151.0,7151.0,1.0,2843.0,3343.0,1.18,0.0,0.0,0.0,185.0,104.0,0.56
2009-10,Arghakhanchi,8720.0,19220.0,2.2,16509.0,36300.0,2.2,7340.0,7340.0,1.0,800.0,980.0,1.23,0.0,0.0,0.0,480.0,480.0,1.0
2009-10,Baglung,5700.0,13500.0,2.37,21300.0,48200.0,2.26,7010.0,7010.0,1.0,18920.0,23920.0,1.26,0.0,0.0,0.0,1010.0,1272.0,1.26
2009-10,Baitadi,5300.0,10017.0,1.89,9500.0,17100.0,1.8,5100.0,5100.0,1.0,850.0,950.0,1.12,0.0,0.0,0.0,500.0,500.0,1.0
2009-10,Bajhang,6000.0,9000.0,1.5,3645.0,3400.0,0.93,6100.0,6100.0,1.0,2285.0,1830.0,0.8,0.0,0.0,0.0,1500.0,1200.0,0.8
2009-10,Bajura,2910.0,4365.0,1.5,895.0,995.0,1.11,4950.0,4950.0,1.0,2610.0,2005.0,0.77,0.0,0.0,0.0,1072.0,858.0,0.8
2009-10,Banke,34500.0,102225.0,2.96,6600.0,7920.0,1.2,16856.0,48090.0,2.85,0.0,0.0,0.0,0.0,0.0,0.0,10.0,10.0,1.0
2009-10,Bara,52615.0,183946.0,3.5,3100.0,6900.0,2.23,28900.0,92900.0,3.21,78.0,101.0,1.29,0.0,0.0,0.0,68.0,66.0,0.97
2009-10,Bardiya,39500.0,126800.0,3.21,8100.0,13770.0,1.7,17900.0,17900.0,1.0,0.0,0.0,0.0,0.0,0.0,0.0,10.0,10.0,1.0
2009-10,Bhaktapur,4326.0,19493.0,4.51,1793.0,5269.0,2.94,3665.0,9884.0,2.7,100.0,100.0,1.0,0.0,0.0,0.0,50.0,50.0,1.0
2009-10,Bhojpur,15300.0,35600.0,2.33,21000.0,42600.0,2.03,2510.0,2510.0,1.0,5136.0,5236.0,1.02,0.0,0.0,0.0,30.0,40.0,1.33
2009-10,Chitwan,29605.0,85406.0,2.88,18050.0,46060.0,2.55,9010.0,9010.0,1.0,1810.0,1868.0,1.03,0.0,0.0,0.0,250.0,300.0,1.2
2009-10,Dadeldhura,6221.0,13064.0,2.1,3744.0,5616.0,1.5,7464.0,7464.0,1.0,318.0,359.0,1.13,0.0,0.0,0.0,218.0,127.0,0.58
2009-10,Dailekh,8507.0,24755.0,2.91,19950.0,37107.0,1.86,7100.0,7100.0,1.0,2422.0,2843.0,1.17,0.0,0.0,0.0,195.0,254.0,1.3
2009-10,Dang,35050.0,112552.0,3.21,25200.0,28728.0,1.14,12700.0,12700.0,1.0,170.0,183.0,1.08,0.0,0.0,0.0,35.0,30.0,0.86
2009-10,Darchula,4180.0,7450.0,1.78,5498.0,10930.0,1.99,5265.0,5265.0,1.0,1300.0,1170.0,0.9,0.0,0.0,0.0,1200.0,1080.0,0.9
2009-10,Dhading,14010.0,34605.0,2.47,15343.0,23171.0,1.51,4680.0,4680.0,1.0,7520.0,7540.0,1.0,0.0,0.0,0.0,350.0,350.0,1.0
2009-10,Dhankuta,8650.0,23530.0,2.72,18875.0,54750.0,2.9,2723.0,2723.0,1.0,8080.0,9091.0,1.13,0.0,0.0,0.0,10.0,10.0,1.0
2009-10,Dhanusa,54462.0,164124.0,3.01,2065.0,4085.0,1.98,27500.0,27500.0,1.0,425.0,430.0,1.01,0.0,0.0,0.0,4.0,0.0,0.0
2009-10,Dolakha,3133.0,6250.0,1.99,5387.0,12336.0,2.29,4400.0,4400.0,1.0,3555.0,4159.0,1.17,0.0,0.0,0.0,231.0,230.0,1.0
2009-10,Dolpa,270.0,567.0,2.1,2282.0,4108.0,1.8,2500.0,2500.0,1.0,315.0,315.0,1.0,0.0,0.0,0.0,320.0,316.0,0.99
2009-10,Doti,7570.0,18000.0,2.38,2545.0,4193.0,1.65,16150.0,16150.0,1.0,4953.0,5353.0,1.08,0.0,0.0,0.0,250.0,183.0,0.73
2009-10,Gorkha,17785.0,43996.0,2.47,19350.0,41602.0,2.15,4155.0,4155.0,1.0,11679.0,12679.0,1.09,0.0,0.0,0.0,105.0,105.0,1.0
2009-10,Gulmi,9958.0,24753.0,2.49,21034.0,39864.0,1.9,8098.0,8098.0,1.0,2915.0,3971.0,1.36,0.0,0.0,0.0,380.0,589.0,1.55
2009-10,Humla,561.0,842.0,1.5,95.0,162.0,1.71,1011.0,1011.0,1.0,1308.0,1308.0,1.0,0.0,0.0,0.0,687.0,721.0,1.05
2009-10,Ilam,13084.0,35914.0,2.74,23480.0,58500.0,2.49,4735.0,4735.0,1.0,3312.0,3612.0,1.09,0.0,0.0,0.0,75.0,75.0,1.0
2009-10,Jajarkot,3573.0,10004.0,2.8,8412.0,19852.0,2.36,8800.0,8800.0,1.0,2445.0,3108.0,1.27,0.0,0.0,0.0,735.0,441.0,0.6
2009-10,Jhapa,80000.0,264000.0,3.3,22600.0,58600.0,2.59,14000.0,14000.0,1.0,1800.0,2160.0,1.2,0.0,0.0,0.0,8.0,6.0,0.75
2009-10,Jumla,2964.0,5335.0,1.8,4510.0,6765.0,1.5,2500.0,2500.0,1.0,3950.0,4150.0,1.05,0.0,0.0,0.0,3700.0,4500.0,1.22
2009-10,Kailali,58500.0,146400.0,2.5,16500.0,28500.0,1.73,35000.0,35000.0,1.0,300.0,310.0,1.03,0.0,0.0,0.0,550.0,660.0,1.2
2009-10,Kalikot,3222.0,6431.0,2.0,4455.0,8890.0,2.0,5350.0,5350.0,1.0,1252.0,1292.0,1.03,0.0,0.0,0.0,1072.0,858.0,0.8
2009-10,Kanchanpur,45400.0,116090.0,2.56,5950.0,11495.0,1.93,32250.0,32250.0,1.0,170.0,180.0,1.06,0.0,0.0,0.0,5.0,5.0,1.0
2009-10,Kapilbastu,69950.0,160290.0,2.29,1390.0,3027.0,2.18,31000.0,31000.0,1.0,140.0,140.0,1.0,0.0,0.0,0.0,200.0,260.0,1.3
2009-10,Kaski,21000.0,60850.0,2.9,16800.0,41200.0,2.45,7600.0,7600.0,1.0,16050.0,18297.0,1.14,0.0,0.0,0.0,137.0,115.0,0.84
2009-10,Kathmandu,8050.0,35700.0,4.43,7400.0,18260.0,2.47,5800.0,5800.0,1.0,850.0,850.0,1.0,0.0,0.0,0.0,7.0,7.0,1.0
2009-10,Kavre,11275.0,31899.0,2.83,24279.0,56288.0,2.32,12550.0,12550.0,1.0,3555.0,3604.0,1.01,0.0,0.0,0.0,760.0,740.0,0.97
2009-10,Khotang,12279.0,22642.0,1.84,22950.0,49060.0,2.14,3500.0,3500.0,1.0,14375.0,14513.0,1.01,0.0,0.0,0.0,500.0,400.0,0.8
2009-10,Lalitpur,4680.0,21060.0,4.5,8530.0,19543.0,2.29,4060.0,4060.0,1.0,600.0,786.0,1.31,0.0,0.0,0.0,220.0,250.0,1.14
2009-10,Lamjung,15553.0,25770.0,1.66,15900.0,35775.0,2.25,3840.0,3840.0,1.0,7900.0,8212.0,1.04,0.0,0.0,0.0,28.0,27.0,0.96
2009-10,Mahottari,36195.0,67791.0,1.87,2585.0,5785.0,2.24,21540.0,21540.0,1.0,355.0,426.0,1.2,0.0,0.0,0.0,50.0,50.0,1.0
2009-10,Makwanpur,13180.0,37065.0,2.81,15598.0,36673.0,2.35,4192.0,4192.0,1.0,2860.0,3192.0,1.12,0.0,0.0,0.0,21.0,25.0,1.19
2009-10,Manang,0.0,0.0,0.0,175.0,455.0,2.6,285.0,285.0,1.0,3.0,3.0,1.0,0.0,0.0,0.0,180.0,234.0,1.3
2009-10,Morang,77120.0,244500.0,3.17,19220.0,42130.0,2.19,22200.0,22200.0,1.0,1455.0,1746.0,1.2,0.0,0.0,0.0,0.0,0.0,0.0
2009-10,Mugu,1167.0,2346.0,2.01,570.0,1026.0,1.8,2015.0,2015.0,1.0,1575.0,1575.0,1.0,0.0,0.0,0.0,1550.0,1860.0,1.2
2009-10,Mustang,0.0,0.0,0.0,525.0,810.0,1.54,600.0,600.0,1.0,4.0,4.0,1.0,0.0,0.0,0.0,275.0,368.0,1.34
2009-10,Myagdi,3895.0,9612.0,2.47,11112.0,26993.0,2.43,3035.0,3035.0,1.0,3048.0,3136.0,1.03,0.0,0.0,0.0,595.0,565.0,0.95
2009-10,Nawalparasi,44590.0,138749.0,3.11,9400.0,23520.0,2.5,18800.0,45170.0,2.4,500.0,550.0,1.1,0.0,0.0,0.0,88.0,88.0,1.0
2009-10,Nuwakot,18965.0,57700.0,3.04,20120.0,43658.0,2.17,5451.0,5451.0,1.0,5822.0,7051.0,1.21,0.0,0.0,0.0,4.0,3.0,0.75
2009-10,Okhaldhunga,5130.0,10850.0,2.12,12097.0,22985.0,1.9,2807.0,2807.0,1.0,8785.0,12299.0,1.4,0.0,0.0,0.0,115.0,138.0,1.2
2009-10,Palpa,8575.0,21009.0,2.45,20210.0,43729.0,2.16,6235.0,6235.0,1.0,2540.0,2590.0,1.02,0.0,0.0,0.0,30.0,49.0,1.63
2009-10,Panchthar,8400.0,15000.0,1.79,14150.0,21225.0,1.5,4130.0,4130.0,1.0,4911.0,7150.0,1.46,0.0,0.0,0.0,515.0,515.0,1.0
2009-10,Parbat,9021.0,22150.0,2.46,14180.0,34037.0,2.4,2915.0,2915.0,1.0,8890.0,9190.0,1.03,0.0,0.0,0.0,198.0,176.0,0.89
2009-10,Parsa,44814.0,150900.0,3.37,4100.0,12600.0,3.07,23600.0,23600.0,1.0,75.0,75.0,1.0,0.0,0.0,0.0,34.0,34.0,1.0
2009-10,Pyuthan,6540.0,11772.0,1.8,12058.0,13626.0,1.13,8650.0,8650.0,1.0,1985.0,2005.0,1.01,0.0,0.0,0.0,510.0,578.0,1.13
2009-10,Ramechhap,8743.0,15757.0,1.8,23008.0,46016.0,2.0,4803.0,4803.0,1.0,5087.0,6068.0,1.19,0.0,0.0,0.0,100.0,79.0,0.79
2009-10,Rasuwa,1239.0,2838.0,2.29,2370.0,3984.0,1.68,842.0,842.0,1.0,1050.0,1060.0,1.01,0.0,0.0,0.0,300.0,344.0,1.15
2009-10,Rautahat,45396.0,112200.0,2.47,2655.0,4637.0,1.75,15300.0,15300.0,1.0,60.0,65.0,1.08,0.0,0.0,0.0,52.0,52.0,1.0
2009-10,Rolpa,4715.0,13674.0,2.9,11665.0,19500.0,1.67,8538.0,8538.0,1.0,1060.0,1060.0,1.0,0.0,0.0,0.0,521.0,521.0,1.0
2009-10,Rukum,3750.0,11175.0,2.98,18650.0,35435.0,1.9,11800.0,11800.0,1.0,960.0,1060.0,1.1,0.0,0.0,0.0,960.0,1050.0,1.09
2009-10,Rupandehi,72500.0,241875.0,3.34,2400.0,6000.0,2.5,31000.0,31000.0,1.0,100.0,110.0,1.1,0.0,0.0,0.0,30.0,30.0,1.0
2009-10,Salyan,6961.0,20187.0,2.9,20500.0,39278.0,1.92,11575.0,11575.0,1.0,1920.0,2312.0,1.2,0.0,0.0,0.0,1390.0,1365.0,0.98
2009-10,Sankhuwasabha,13171.0,21732.0,1.65,13055.0,19583.0,1.5,1505.0,1505.0,1.0,9975.0,10080.0,1.01,0.0,0.0,0.0,30.0,29.0,0.97
2009-10,Saptari,59903.0,150724.0,2.52,4000.0,8000.0,2.0,15000.0,15000.0,1.0,250.0,250.0,1.0,0.0,0.0,0.0,0.0,0.0,0.0
2009-10,Sarlahi,38405.0,95355.0,2.48,7540.0,15500.0,2.06,28000.0,28000.0,1.0,175.0,175.0,1.0,0.0,0.0,0.0,50.0,50.0,1.0
2009-10,Sindhuli,6265.0,13100.0,2.09,16500.0,31503.0,1.91,5500.0,5500.0,1.0,10775.0,10600.0,0.98,0.0,0.0,0.0,45.0,45.0,1.0
2009-10,Sindhupalchok,13020.0,28800.0,2.21,21800.0,46500.0,2.13,9030.0,9030.0,1.0,19295.0,22000.0,1.14,0.0,0.0,0.0,0.0,0.0,0.0
2009-10,Siraha,63000.0,107100.0,1.7,2150.0,4800.0,2.23,16000.0,16000.0,1.0,700.0,760.0,1.09,0.0,0.0,0.0,0.0,0.0,0.0
2009-10,Solukhumbu,1628.0,2999.0,1.84,12955.0,32388.0,2.5,3680.0,3680.0,1.0,2100.0,2100.0,1.0,0.0,0.0,0.0,200.0,224.0,1.12
2009-10,Sunsari,49991.0,133950.0,2.68,7500.0,19600.0,2.61,17000.0,17000.0,1.0,1250.0,1260.0,1.01,0.0,0.0,0.0,0.0,0.0,0.0
2009-10,Surkhet,13800.0,44160.0,3.2,16100.0,42665.0,2.65,16255.0,16255.0,1.0,2095.0,2703.0,1.29,0.0,0.0,0.0,1030.0,1349.0,1.31
2009-10,Syangja,17550.0,51589.0,2.94,30800.0,88300.0,2.87,6430.0,6430.0,1.0,16800.0,19341.0,1.15,0.0,0.0,0.0,200.0,120.0,0.6
2009-10,Tanahu,18850.0,45552.0,2.42,22150.0,57147.0,2.58,1905.0,1905.0,1.0,6700.0,7289.0,1.09,0.0,0.0,0.0,6.0,6.0,1.0
2009-10,Taplejung,8710.0,15600.0,1.79,13200.0,26300.0,1.99,1890.0,1890.0,1.0,3050.0,3050.0,1.0,0.0,0.0,0.0,240.0,264.0,1.1
2009-10,Tehrathum,10237.0,18656.0,1.82,12300.0,21600.0,1.76,2600.0,2600.0,1.0,2600.0,2782.0,1.07,0.0,0.0,0.0,100.0,110.0,1.1
2009-10,Udayapur,14050.0,39340.0,2.8,16900.0,38025.0,2.25,4800.0,4800.0,1.0,2572.0,3458.0,1.34,0.0,0.0,0.0,38.0,37.0,0.97
2010-11,Achham,7570.0,18000.0,2.38,2545.0,4193.0,1.65,16150.0,28000.0,1.73,4953.0,5353.0,1.08,0.0,0.0,0.0,250.0,250.0,1.0
2010-11,Arghakhanchi,8768.0,22796.8,2.6,16915.0,25485.0,1.51,7340.0,13478.0,1.84,820.0,880.0,1.07,336.0,330.0,0.98,485.0,593.0,1.22
2010-11,Baglung,5792.0,17121.0,2.96,20327.0,52682.0,2.59,7035.0,13267.0,1.89,17700.0,23030.0,1.3,100.0,110.0,1.1,1005.0,1265.0,1.26
2010-11,Baitadi,6221.0,14182.0,2.28,3744.0,6390.0,1.71,7500.0,12000.0,1.6,302.0,390.0,1.29,0.0,0.0,0.0,218.0,225.0,1.03
2010-11,Bajhang,4290.0,10725.0,2.5,5520.0,3690.0,0.67,5265.0,6000.0,1.14,1300.0,1300.0,1.0,100.0,75.0,0.75,1200.0,1100.0,0.92
2010-11,Bajura,7005.0,5989.0,0.85,3650.0,1406.0,0.39,6100.0,8300.0,1.36,2285.0,2300.0,1.01,0.0,0.0,0.0,1500.0,1500.0,1.0
2010-11,Banke,42550.0,148925.0,3.5,9000.0,18210.0,2.02,18890.0,52800.0,2.8,0.0,0.0,0.0,0.0,0.0,0.0,10.0,10.0,1.0
2010-11,Bara,52725.0,168720.0,3.2,7500.0,21000.0,2.8,29000.0,96900.0,3.34,78.0,85.0,1.09,0.0,0.0,0.0,68.0,66.0,0.97
2010-11,Bardiya,117550.0,157812.5,1.34,42860.0,12335.0,0.29,49553.0,119954.0,2.42,150.0,150.0,1.0,0.0,0.0,0.0,50.0,45.0,0.9
2010-11,Bhaktapur,4300.0,23220.0,5.4,2000.0,6000.0,3.0,3200.0,9884.0,3.09,100.0,140.0,1.4,0.0,0.0,0.0,50.0,50.0,1.0
2010-11,Bhojpur,16103.0,37632.711,2.34,22776.0,48600.0,2.13,2510.0,4160.0,1.66,5100.0,5100.0,1.0,75.0,52.5,0.7,30.0,40.0,1.33
2010-11,Chitwan,32770.0,110944.0,3.39,20660.0,52463.0,2.54,8728.0,26533.0,3.04,1810.0,1868.0,1.03,700.0,775.0,1.11,61.0,61.0,1.0
2010-11,Dadeldhura,28541.0,14123.0,0.49,22140.0,6003.0,0.27,51789.0,9982.0,0.19,9517.0,309.5,0.03,0.0,0.0,0.0,1582.0,176.0,0.11
2010-11,Dailekh,13870.0,26414.0,1.9,16100.0,41538.0,2.58,16255.0,45000.0,2.77,2095.0,2702.6,1.29,0.0,0.0,0.0,1030.0,269.5,0.26
2010-11,Dang,36500.0,119720.0,3.28,8660.0,18446.0,2.13,17913.0,38154.0,2.13,0.0,0.0,0.0,0.0,0.0,0.0,10.0,10.0,1.0
2010-11,Darchula,14305.0,9579.45,0.67,9960.0,19790.0,1.99,16315.0,5882.5,0.36,6195.0,1240.0,0.2,107.0,85.5,0.8,3772.0,1165.0,0.31
2010-11,Dhading,16670.0,40882.0,2.45,17468.0,43670.0,2.5,4680.0,7914.0,1.69,7140.0,7160.0,1.0,0.0,0.0,0.0,350.0,350.0,1.0
2010-11,Dhankuta,9412.0,21957.0,2.33,17779.0,39736.065,2.24,1498.0,3296.0,2.2,8000.0,8080.0,1.01,25.0,12.5,0.5,10.0,10.0,1.0
2010-11,Dhanusa,61972.0,173521.0,2.8,2365.0,4966.5,2.1,38450.0,96119.0,2.5,425.0,425.0,1.0,0.0,0.0,0.0,5.0,5.0,1.0
2010-11,Dolakha,3133.0,6303.596,2.01,5387.0,12336.0,2.29,4400.0,5105.0,1.16,3555.0,4094.0,1.15,0.0,0.0,0.0,231.0,230.0,1.0
2010-11,Dolpa,1265.0,586.0,0.46,607.0,4054.0,6.68,4325.0,1552.5,0.36,1800.0,401.25,0.22,500.0,750.0,1.5,1837.0,1837.0,1.0
2010-11,Doti,5300.0,21172.5,3.99,9500.0,4514.25,0.48,12000.0,24700.0,2.06,850.0,5589.0,6.58,0.0,0.0,0.0,600.0,600.0,1.0
2010-11,Gorkha,17785.0,49276.0,2.77,19350.0,43537.0,2.25,4120.0,7240.0,1.76,11605.0,11605.0,1.0,380.0,380.0,1.0,110.0,110.0,1.0
2010-11,Gulmi,10426.0,24500.8,2.35,24845.0,43908.8,1.77,8100.0,15796.0,1.95,2916.0,2857.6,0.98,195.0,204.0,1.05,380.0,570.0,1.5
2010-11,Humla,2750.0,858.5,0.31,4550.0,166.65,0.04,2300.0,943.0,0.41,3950.0,1262.0,0.32,0.0,651.0,0.0,4900.0,446.15,0.09
2010-11,Ilam,14825.0,45690.0,3.08,31480.0,77500.0,2.46,4800.0,13365.0,2.78,3312.0,3312.0,1.0,28.0,20.0,0.71,75.0,75.0,1.0
2010-11,Jajarkot,8507.0,10021.0,1.18,20150.0,16215.5,0.8,7300.0,9870.0,1.35,2422.0,2628.0,1.09,0.0,0.0,0.0,195.0,285.0,1.46
2010-11,Jhapa,82400.0,271920.0,3.3,24600.0,62310.0,2.53,11500.0,24150.0,2.1,1800.0,2160.0,1.2,1300.0,1300.0,1.0,9.0,7.0,0.78
2010-11,Jumla,3522.0,7434.942,2.11,5455.0,6757.5,1.24,5398.0,3050.0,0.57,1252.0,3925.0,3.13,0.0,0.0,0.0,1028.0,720.0,0.7
2010-11,Kailali,46655.0,139965.0,3.0,5950.0,11495.0,1.93,32250.0,64232.0,1.99,170.0,180.0,1.06,0.0,0.0,0.0,5.0,5.0,1.0
2010-11,Kalikot,8372.0,6089.5,0.73,13017.0,7052.5,0.54,15614.0,5549.0,0.36,8629.0,2496.0,0.29,1730.0,1641.0,0.95,8702.0,7876.0,0.91
2010-11,Kanchanpur,106655.0,130360.0,1.22,22450.0,11697.5,0.52,66750.0,49895.0,0.75,470.0,490.0,1.04,0.0,0.0,0.0,555.0,665.0,1.2
2010-11,Kapilbastu,72000.0,225000.0,3.12,1390.0,3527.0,2.54,29995.0,96986.0,3.23,100.0,100.0,1.0,0.0,0.0,0.0,200.0,280.0,1.4
2010-11,Kaski,23000.0,66700.0,2.9,20800.0,52000.0,2.5,7000.0,14200.0,2.03,16640.0,17568.0,1.06,18.0,14.0,0.78,129.0,109.0,0.84
2010-11,Kathmandu,8025.0,41730.0,5.2,7400.0,21260.0,2.87,5000.0,14284.0,2.86,714.0,715.0,1.0,0.0,0.0,0.0,7.0,7.0,1.0
2010-11,Kavre,11350.0,32915.0,2.9,24279.0,56096.0,2.31,9995.0,21001.0,2.1,3505.0,3550.0,1.01,950.0,0.0,0.0,750.0,750.0,1.0
2010-11,Khotang,14129.0,27459.0,1.94,23000.0,52000.0,2.26,5535.0,11200.0,2.02,16500.0,19800.0,1.2,720.0,450.0,0.62,550.0,435.0,0.79
2010-11,Lalitpur,4650.0,21390.0,4.6,8589.0,22979.0,2.68,4070.0,12617.0,3.1,580.0,672.0,1.16,48.0,24.0,0.5,80.0,72.0,0.9
2010-11,Lamjung,16135.0,33883.5,2.1,15900.0,39137.0,2.46,3740.0,6500.0,1.74,7919.0,7919.0,1.0,19.0,16.0,0.84,28.0,27.0,0.96
2010-11,Mahottari,34776.0,78440.0,2.26,1935.0,6118.25,3.16,21540.0,45250.0,2.1,232.0,232.0,1.0,0.0,0.0,0.0,50.0,50.0,1.0
2010-11,Makwanpur,11100.0,36630.0,3.3,15560.0,40456.0,2.6,4213.0,11796.0,2.8,2850.0,3206.0,1.12,300.0,180.0,0.6,25.0,25.0,1.0
2010-11,Manang,0.0,0.0,0.0,185.0,518.0,2.8,293.0,644.0,2.2,0.0,0.0,0.0,410.0,575.0,1.4,184.0,273.0,1.48
2010-11,Morang,78200.0,258060.0,3.3,16100.0,45300.0,2.81,22200.0,52500.0,2.36,1430.0,1716.0,1.2,0.0,0.0,0.0,0.0,0.0,0.0
2010-11,Mugu,565.0,781.0,1.38,105.0,992.5,9.45,1091.0,820.0,0.75,1302.0,1315.0,1.01,0.0,0.0,0.0,687.0,701.0,1.02
2010-11,Mustang,0.0,0.0,0.0,525.0,810.0,1.54,601.0,1081.0,1.8,0.0,0.0,0.0,575.0,955.0,1.66,270.0,475.0,1.76
2010-11,Myagdi,3895.0,10256.4,2.63,11115.0,33847.0,3.05,3045.0,5845.0,1.92,3048.0,3320.0,1.09,0.0,0.0,0.0,560.0,559.0,1.0
2010-11,Nawalparasi,46690.0,180373.0,3.86,10750.0,33680.0,3.13,18830.0,46140.0,2.45,500.0,500.0,1.0,220.0,200.0,0.91,88.0,88.0,1.0
2010-11,Nuwakot,16625.0,54843.0,3.3,20115.0,53509.0,2.66,5477.0,15062.0,2.75,5805.0,10449.0,1.8,0.0,0.0,0.0,200.0,250.0,1.25
2010-11,Okhaldhunga,5030.0,9850.0,1.96,12097.0,23202.0,1.92,2842.0,5684.0,2.0,8785.0,11865.0,1.35,94.0,79.9,0.85,115.0,138.0,1.2
2010-11,Palpa,9561.0,25210.0,2.64,21563.0,42417.0,1.97,6235.0,13425.0,2.15,2580.0,2920.0,1.13,460.0,433.0,0.94,30.0,38.0,1.27
2010-11,Panchthar,10400.0,21840.0,2.1,14155.0,21232.5,1.5,4000.0,7400.0,1.85,5000.0,8350.0,1.67,60.0,42.0,0.7,500.0,600.0,1.2
2010-11,Parbat,9595.0,23082.4,2.41,14205.0,27244.0,1.92,2915.0,6773.0,2.32,8845.0,8960.0,1.01,34.0,28.26,0.83,198.0,176.0,0.89
2010-11,Parsa,46690.0,159208.0,3.41,4065.0,12447.0,3.06,23600.0,75700.0,3.21,81.0,83.0,1.02,0.0,0.0,0.0,34.0,34.0,1.0
2010-11,Pyuthan,6961.0,21753.125,3.12,11588.0,24652.0,2.13,15574.0,28050.0,1.8,1910.0,2483.0,1.3,80.0,88.0,1.1,1390.0,1529.0,1.1
2010-11,Ramechhap,9460.0,25049.0,2.65,18041.0,36800.0,2.04,4820.0,9013.0,1.87,5060.0,5051.0,1.0,19.0,19.0,1.0,100.0,81.0,0.81
2010-11,Rasuwa,1322.0,2908.4,2.2,2338.0,4535.0,1.94,850.0,1258.0,1.48,1045.0,1035.0,0.99,0.0,0.0,0.0,300.0,396.0,1.32
2010-11,Rautahat,42396.0,112391.796,2.65,4950.0,4964.5,1.0,15300.0,37020.0,2.42,60.0,45.0,0.75,0.0,0.0,0.0,52.0,52.0,1.0
2010-11,Rolpa,6540.0,17004.0,2.6,12058.0,24880.0,2.06,8655.0,15590.0,1.8,1985.0,1059.5,0.53,0.0,0.0,0.0,510.0,578.0,1.13
2010-11,Rukum,4715.0,12966.0,2.75,11661.0,24771.0,2.12,8537.0,11740.0,1.38,1061.0,1061.0,1.0,0.0,0.0,0.0,520.0,560.0,1.08
2010-11,Rupandehi,71500.0,278850.0,3.9,2500.0,7240.0,2.9,30500.0,105900.0,3.47,100.0,100.0,1.0,0.0,0.0,0.0,30.0,30.0,1.0
2010-11,Salyan,3455.0,11487.875,3.32,7406.0,14071.4,1.9,11800.0,14632.0,1.24,2525.0,2316.0,0.92,24.0,26.4,1.1,735.0,478.0,0.65
2010-11,Sankhuwasabha,15417.0,29816.478,1.93,14165.0,28259.175,2.0,1400.0,2800.0,2.0,9975.0,9875.0,0.99,0.0,0.0,0.0,35.0,26.0,0.74
2010-11,Saptari,37691.0,116842.0,3.1,4000.0,8000.0,2.0,20000.0,48000.0,2.4,250.0,250.0,1.0,0.0,0.0,0.0,0.0,0.0,0.0
2010-11,Sarlahi,39350.0,111360.0,2.83,8125.0,17062.5,2.1,28000.0,56000.0,2.0,215.0,215.0,1.0,0.0,0.0,0.0,50.0,50.0,1.0
2010-11,Sindhuli,8265.0,19009.5,2.3,18535.0,39423.0,2.13,5600.0,13730.0,2.45,10551.0,10560.0,1.0,525.0,260.0,0.5,56.0,90.0,1.61
2010-11,Sindhupalchok,12924.0,27002.0,2.09,23920.0,52624.0,2.2,7000.0,6650.0,0.95,19330.0,19330.0,1.0,0.0,0.0,0.0,220.0,242.0,1.1
2010-11,Siraha,45570.0,95697.0,2.1,1800.0,3600.0,2.0,17500.0,31350.0,1.79,700.0,700.0,1.0,0.0,0.0,0.0,0.0,0.0,0.0
2010-11,Solukhumbu,1530.0,3060.0,2.0,12955.0,32388.0,2.5,3750.0,7125.0,1.9,2100.0,2625.0,1.25,300.0,180.0,0.6,200.0,224.0,1.12
2010-11,Sunsari,53791.0,155993.9,2.9,8500.0,23250.0,2.74,18500.0,46250.0,2.5,1200.0,1200.0,1.0,50.0,50.0,1.0,0.0,0.0,0.0
2010-11,Surkhet,47798.0,49229.0,1.03,97613.0,44178.5,0.45,79921.0,32877.5,0.41,12958.0,2751.5,0.21,104.0,114.4,1.1,5305.0,1354.5,0.26
2010-11,Syangja,19455.0,58240.0,2.99,30900.0,97028.0,3.14,6500.0,13200.0,2.03,16805.0,19325.0,1.15,205.0,112.75,0.55,200.0,120.0,0.6
2010-11,Tanahu,20850.0,58380.0,2.8,26029.0,68425.0,2.63,1905.0,3435.0,1.8,6710.0,6715.0,1.0,192.0,175.0,0.91,6.0,5.0,0.83
2010-11,Taplejung,9710.0,20099.7,2.07,16075.0,36795.0,2.29,1895.0,3921.0,2.07,3050.0,3813.0,1.25,0.0,0.0,0.0,240.0,300.0,1.25
2010-11,Tehrathum,9592.0,21102.0,2.2,12300.0,21014.0,1.71,2650.0,4505.0,1.7,2700.0,3061.0,1.13,10.0,7.5,0.75,100.0,110.0,1.1
2010-11,Udayapur,15500.0,42625.0,2.75,15900.0,34980.0,2.2,4900.0,11000.0,2.24,2575.0,3965.0,1.54,15.0,14.25,0.95,39.0,36.0,0.92
2011-12,Achham,11570.0,18000.0,1.56,6351.0,10479.0,1.65,16140.0,25500.0,1.58,3412.0,3310.0,0.97,0.0,0.0,0.0,510.0,250.0,0.49
2011-12,Arghakhanchi,8189.0,26204.8,3.2,16500.0,41150.0,2.49,7340.0,12478.0,1.7,507.0,608.0,1.2,325.0,292.0,0.9,475.0,570.0,1.2
2011-12,Baglung,5934.0,17147.0,2.89,20341.0,59044.0,2.9,7042.0,13102.0,1.86,18655.0,22386.0,1.2,110.0,110.0,1.0,1006.0,1265.0,1.26
2011-12,Baitadi,6000.0,15000.0,2.5,14500.0,29000.0,2.0,11550.0,23000.0,1.99,500.0,700.0,1.4,0.0,0.0,0.0,550.0,600.0,1.09
2011-12,Bajhang,7006.0,10725.0,1.53,3652.0,3980.0,1.09,6150.0,9500.0,1.54,2286.0,2057.0,0.9,7.0,3.6,0.51,1500.0,1550.0,1.03
2011-12,Bajura,3310.0,7613.0,2.3,790.0,1817.0,2.3,5000.0,9900.0,1.98,2610.0,2871.0,1.1,7.0,11.2,1.6,1000.0,1700.0,1.7
2011-12,Banke,36462.0,123971.0,3.4,8547.0,20085.0,2.35,17920.0,53904.0,3.01,0.0,0.0,0.0,0.0,0.0,0.0,10.0,10.0,1.0
2011-12,Bara,52700.0,221340.0,4.2,7500.0,30750.0,4.1,29000.0,92800.0,3.2,77.0,98.56,1.28,0.0,0.0,0.0,72.0,64.0,0.89
2011-12,Bardiya,45500.0,188825.0,4.15,5450.0,10900.0,2.0,23500.0,68325.0,2.91,0.0,0.0,0.0,0.0,0.0,0.0,10.0,10.0,1.0
2011-12,Bhaktapur,4252.0,25241.6,5.94,1970.0,7978.0,4.05,3150.0,11060.0,3.51,100.0,140.0,1.4,0.0,0.0,0.0,50.0,55.0,1.1
2011-12,Bhojpur,16110.0,42341.0,2.63,24790.0,48600.0,1.96,2510.0,4903.0,1.95,5505.0,4954.5,0.9,17.5,12.5,0.71,25.0,25.0,1.0
2011-12,Chitwan,29655.0,103495.95,3.49,10000.0,30000.0,3.0,8750.0,27125.0,3.1,1750.0,1750.0,1.0,0.0,0.0,0.0,61.0,61.0,1.0
2011-12,Dadeldhura,6221.0,15182.0,2.44,3744.0,6390.0,1.71,7450.0,12500.0,1.68,320.0,260.0,0.81,0.0,0.0,0.0,220.0,225.0,1.02
2011-12,Dailekh,8507.0,28073.0,3.3,20150.0,37076.0,1.84,14650.0,29870.0,2.04,2422.0,2518.0,1.04,28.5,19.95,0.7,190.0,285.0,1.5
2011-12,Dang,38300.0,119720.0,3.13,25200.0,54936.0,2.18,12700.0,29464.0,2.32,100.0,100.0,1.0,0.0,0.0,0.0,50.0,45.0,0.9
2011-12,Darchula,4480.0,11708.9,2.61,5530.0,15552.4,2.81,5300.0,6500.0,1.23,1310.0,1310.0,1.0,100.0,85.0,0.85,1200.0,1250.0,1.04
2011-12,Dhading,14750.0,38187.0,2.59,15342.0,26081.04,1.7,4800.0,9600.0,2.0,6930.0,6930.0,1.0,0.0,0.0,0.0,350.0,350.0,1.0
2011-12,Dhankuta,8877.0,19600.0,2.21,18200.0,42450.0,2.33,1445.0,2975.0,2.06,7810.0,7810.0,1.0,0.0,0.0,0.0,10.0,10.0,1.0
2011-12,Dhanusa,65000.0,185250.0,2.85,2019.0,6460.8,3.2,38450.0,90357.0,2.35,300.0,300.0,1.0,0.0,0.0,0.0,1.0,1.0,1.0
2011-12,Dolakha,3135.0,6303.596,2.01,8454.0,12336.0,1.46,4398.0,4837.0,1.1,3562.0,4630.6,1.3,445.0,400.5,0.9,219.0,230.0,1.05
2011-12,Dolpa,276.0,605.0,2.19,2400.0,4000.0,1.67,276.0,605.0,2.19,325.0,487.5,1.5,350.0,350.0,1.0,2400.0,4000.0,1.67
2011-12,Doti,9750.0,24345.0,2.5,2445.0,4835.5,1.98,16150.0,30210.0,1.87,5825.0,5825.0,1.0,5.0,7.5,1.5,245.0,250.0,1.02
2011-12,Gorkha,12085.0,49276.0,4.08,17028.0,39692.1,2.33,4115.0,7592.0,1.84,11605.0,11605.0,1.0,390.0,390.0,1.0,100.0,100.0,1.0
2011-12,Gulmi,9964.0,22924.0,2.3,24040.0,55292.0,2.3,8074.0,14978.0,1.86,2922.0,2863.5,0.98,205.0,325.0,1.59,370.0,555.0,1.5
2011-12,Humla,572.0,875.0,1.53,112.0,171.3,1.53,572.0,875.0,1.53,1280.0,1216.0,0.95,670.0,603.0,0.9,112.0,171.3,1.53
2011-12,Ilam,14825.0,45690.0,3.08,31480.0,77500.0,2.46,4620.0,13398.0,2.9,3000.0,3000.0,1.0,28.0,20.0,0.71,55.0,55.0,1.0
2011-12,Jajarkot,3515.0,10038.0,2.86,8386.0,12579.0,1.5,11820.0,15366.0,1.3,2060.0,3708.0,1.8,24.0,26.4,1.1,700.0,560.0,0.8
2011-12,Jhapa,89400.0,321840.0,3.6,24600.0,72460.0,2.95,7500.0,25150.0,3.35,1800.0,2160.0,1.2,1300.0,1300.0,1.0,8.0,6.0,0.75
2011-12,Jumla,3000.0,3600.0,1.2,4500.0,6750.0,1.5,3000.0,3600.0,1.2,3700.0,3700.0,1.0,85.0,65.0,0.76,4500.0,6750.0,1.5
2011-12,Kailali,65500.0,139965.0,2.14,6000.0,12000.0,2.0,34450.0,71500.0,2.08,400.0,450.0,1.12,25.0,25.0,1.0,550.0,650.0,1.18
2011-12,Kalikot,3465.0,5748.0,1.66,2520.0,5215.0,2.07,3465.0,5748.0,1.66,3700.0,3700.0,1.0,85.0,65.0,0.76,2520.0,5215.0,2.07
2011-12,Kanchanpur,46655.0,144630.0,3.1,5950.0,11900.0,2.0,32255.0,67540.0,2.09,0.0,0.0,0.0,0.0,0.0,0.0,10.0,10.0,1.0
2011-12,Kapilbastu,71500.0,207350.0,2.9,760.0,1920.0,2.53,29995.0,89815.0,2.99,0.0,0.0,0.0,0.0,0.0,0.0,200.0,380.0,1.9
2011-12,Kaski,22500.0,76850.0,3.42,14010.0,32943.0,2.35,7130.0,14545.0,2.04,15110.0,17700.0,1.17,18.0,14.0,0.78,138.0,121.0,0.88
2011-12,Kathmandu,8000.0,46080.0,5.76,7124.0,28496.0,4.0,4742.0,15903.0,3.35,852.0,852.0,1.0,0.0,0.0,0.0,7.0,7.0,1.0
2011-12,Kavre,10100.0,31512.0,3.12,24300.0,62937.0,2.59,9950.0,21478.0,2.16,3500.0,3850.0,1.1,750.0,915.0,1.22,750.0,825.0,1.1
2011-12,Khotang,15202.0,31924.2,2.1,25000.0,63908.0,2.56,5545.0,9575.0,1.73,21375.0,23940.0,1.12,720.0,432.0,0.6,470.0,435.0,0.93
2011-12,Lalitpur,4600.0,26676.0,5.8,10806.0,34579.0,3.2,4060.0,14690.0,3.62,575.0,690.0,1.2,50.0,30.0,0.6,70.0,70.0,1.0
2011-12,Lamjung,15553.0,40437.0,2.6,15900.0,39591.0,2.49,640.0,1375.0,2.15,7919.0,9898.0,1.25,19.0,16.0,0.84,28.0,28.0,1.0
2011-12,Mahottari,34776.0,97373.0,2.8,2435.0,6451.5,2.65,26785.0,64820.0,2.42,215.0,215.0,1.0,0.0,0.0,0.0,10.0,10.0,1.0
2011-12,Makwanpur,11110.0,37552.0,3.38,23636.0,40456.0,1.71,4210.0,12007.0,2.85,2660.0,3254.0,1.22,150.0,159.0,1.06,20.0,26.0,1.3
2011-12,Manang,0.0,0.0,0.0,175.0,425.0,2.43,293.0,645.0,2.2,0.0,0.0,0.0,205.0,437.0,2.13,100.0,200.0,2.0
2011-12,Morang,78200.0,277610.0,3.55,15100.0,45300.0,3.0,16875.0,40438.0,2.4,1510.0,1812.0,1.2,65.0,62.0,0.95,0.0,0.0,0.0
2011-12,Mugu,1294.0,2556.0,1.98,610.0,959.0,1.57,1294.0,2556.0,1.98,4500.0,1315.0,0.29,495.0,495.0,1.0,610.0,959.0,1.57
2011-12,Mustang,0.0,0.0,0.0,525.0,810.0,1.54,600.0,1080.0,1.8,0.0,0.0,0.0,575.0,955.0,1.66,270.0,500.0,1.85
2011-12,Myagdi,3895.0,11486.0,2.95,11115.0,34151.0,3.07,3045.0,5757.0,1.89,3048.0,3386.0,1.11,52.0,50.0,0.96,360.0,359.0,1.0
2011-12,Nawalparasi,44890.0,191337.0,4.26,8400.0,26000.0,3.1,18830.0,54140.0,2.88,450.0,495.0,1.1,220.0,135.0,0.61,90.0,180.0,2.0
2011-12,Nuwakot,14625.0,56453.0,3.86,19590.0,56811.0,2.9,5475.0,15102.0,2.76,5805.0,10681.2,1.84,60.0,60.0,1.0,200.0,200.0,1.0
2011-12,Okhaldhunga,6573.0,14000.0,2.13,12400.0,27760.0,2.24,2425.0,4825.0,1.99,7790.0,11840.8,1.52,75.0,65.25,0.87,100.0,100.0,1.0
2011-12,Palpa,8750.0,29280.0,3.35,20210.0,43070.0,2.13,6230.0,13422.0,2.15,2540.0,2590.0,1.02,450.0,422.0,0.94,28.0,39.0,1.39
2011-12,Panchthar,11500.0,23000.0,2.0,12800.0,21760.0,1.7,4000.0,7580.0,1.9,5000.0,9350.0,1.87,60.0,42.0,0.7,494.0,593.0,1.2
2011-12,Parbat,8830.0,23023.25,2.61,14000.0,28762.0,2.05,2915.0,6665.0,2.29,8845.0,8049.0,0.91,35.0,33.0,0.94,118.0,105.0,0.89
2011-12,Parsa,44360.0,192966.0,4.35,4072.0,16288.0,4.0,23600.0,82600.0,3.5,82.0,75.44,0.92,0.0,0.0,0.0,40.0,48.0,1.2
2011-12,Pyuthan,6525.0,18270.0,2.8,12058.0,20390.0,1.69,8650.0,19206.0,2.22,1985.0,2000.0,1.01,13.0,10.5,0.81,510.0,785.0,1.54
2011-12,Ramechhap,9408.0,30199.68,3.21,20041.0,50102.0,2.5,4458.0,8292.0,1.86,5057.0,6068.4,1.2,19.0,19.0,1.0,170.0,110.0,0.65
2011-12,Rasuwa,1304.0,3599.04,2.76,2374.0,4700.52,1.98,700.0,1645.0,2.35,980.0,901.6,0.92,0.0,0.0,0.0,300.0,398.0,1.33
2011-12,Rautahat,40650.0,136177.5,3.35,1680.0,5292.0,3.15,15550.0,41626.0,2.68,60.0,51.0,0.85,0.0,0.0,0.0,5.0,5.0,1.0
2011-12,Rolpa,4715.0,12997.0,2.76,11667.0,25302.0,2.17,8860.0,16834.0,1.9,1059.0,1059.0,1.0,122.0,65.0,0.53,736.0,920.0,1.25
2011-12,Rukum,3562.0,9617.4,2.7,16785.0,30213.0,1.8,11800.0,26190.0,2.22,960.0,912.0,0.95,0.0,0.0,0.0,925.0,1480.0,1.6
2011-12,Rupandehi,70500.0,301000.0,4.27,2300.0,6900.0,3.0,30500.0,106750.0,3.5,0.0,0.0,0.0,0.0,0.0,0.0,100.0,30.0,0.3
2011-12,Salyan,6961.0,22275.0,3.2,11588.0,27803.0,2.4,15120.0,28755.0,1.9,1780.0,2320.0,1.3,75.0,80.0,1.07,1270.0,1410.0,1.11
2011-12,Sankhuwasabha,15812.0,36600.0,2.31,13055.0,22193.5,1.7,1450.0,2850.0,1.97,9975.0,9975.0,1.0,20.0,11.0,0.55,35.0,26.0,0.74
2011-12,Saptari,60000.0,177000.0,2.95,4000.0,8000.0,2.0,18000.0,45600.0,2.53,250.0,375.0,1.5,0.0,0.0,0.0,0.0,0.0,0.0
2011-12,Sarlahi,39352.0,143635.0,3.65,10050.0,17062.5,1.7,28000.0,67200.0,2.4,1000.0,1000.0,1.0,0.0,0.0,0.0,300.0,50.0,0.17
2011-12,Sindhuli,10265.0,19009.5,1.85,15450.0,40170.0,2.6,5550.0,13700.0,2.47,11610.0,10449.0,0.9,535.0,267.5,0.5,56.0,65.0,1.16
2011-12,Sindhupalchok,12300.0,28290.0,2.3,24925.0,57078.25,2.29,7010.0,7010.0,1.0,19330.0,21263.0,1.1,25.0,11.25,0.45,210.0,210.0,1.0
2011-12,Siraha,61000.0,175150.0,2.87,3100.0,6820.0,2.2,15725.0,29877.0,1.9,600.0,600.0,1.0,0.0,0.0,0.0,0.0,0.0,0.0
2011-12,Solukhumbu,1620.0,3564.0,2.2,12955.0,32388.0,2.5,3750.0,7308.0,1.95,2100.0,2940.0,1.4,320.0,224.0,0.7,200.0,200.0,1.0
2011-12,Sunsari,53550.0,166000.0,3.1,7845.0,21966.0,2.8,17500.0,45500.0,2.6,800.0,744.0,0.93,400.0,372.0,0.93,0.0,0.0,0.0
2011-12,Surkhet,14600.0,54298.0,3.72,16100.0,45692.0,2.84,16255.0,49500.0,3.05,2095.0,2800.0,1.34,0.0,0.0,0.0,1030.0,1360.0,1.32
2011-12,Syangja,17000.0,58130.0,3.42,26500.0,92750.0,3.5,5800.0,12150.0,2.09,16805.0,19325.0,1.15,205.0,130.0,0.63,9.0,8.0,0.89
2011-12,Tanahu,13150.0,43105.0,3.28,22150.0,63970.0,2.89,1900.0,3626.0,1.91,6710.0,6710.0,1.0,191.0,184.0,0.96,6.0,6.0,1.0
2011-12,Taplejung,10477.0,22167.0,2.12,16075.0,38116.0,2.37,1210.0,2783.0,2.3,3050.0,3508.0,1.15,155.0,170.0,1.1,240.0,280.0,1.17
2011-12,Tehrathum,10662.0,24522.6,2.3,12350.0,25935.0,2.1,2750.0,5445.0,1.98,2700.0,3061.0,1.13,35.0,26.0,0.74,75.0,67.0,0.89
2011-12,Udayapur,16857.0,50700.0,3.01,16880.0,34913.5,2.07,5115.0,14322.0,2.8,2575.0,4377.5,1.7,18.0,17.1,0.95,39.0,37.0,0.95
2012-13,Achham,12569.0,31138.0,2.48,3350.0,9525.0,2.84,15332.0,24145.0,1.57,1310.0,3310.0,2.53,0.0,0.0,0.0,512.0,563.0,1.1
2012-13,Arghakhanchi,8672.0,25437.0,2.93,16914.0,49441.0,2.92,7340.0,13698.0,1.87,2918.0,606.0,0.21,275.0,245.0,0.89,475.0,570.0,1.2
2012-13,Baglung,5934.0,18316.0,3.09,20344.0,56682.0,2.79,7060.0,13298.0,1.88,2743.0,21989.0,8.02,82.0,119.0,1.45,978.0,1223.0,1.25
2012-13,Baitadi,6500.0,14280.0,2.2,14500.0,18850.0,1.3,12000.0,24000.0,2.0,5810.0,910.0,0.16,0.0,0.0,0.0,1000.0,1600.0,1.6
2012-13,Bajhang,7006.0,20528.0,2.93,3652.0,6573.0,1.8,10982.0,21964.0,2.0,2610.0,2057.0,0.79,7.0,4.0,0.57,3726.0,2836.0,0.76
2012-13,Bajura,3310.0,7613.0,2.3,790.0,1817.0,2.3,4950.0,8831.0,1.78,0.0,2610.0,0.0,7.0,11.0,1.57,1072.0,1500.0,1.4
2012-13,Banke,33675.0,109226.0,3.24,10697.0,29760.0,2.78,17836.0,55900.0,3.13,20.0,0.0,0.0,0.0,0.0,0.0,10.0,10.0,1.0
2012-13,Bara,53400.0,231880.0,4.34,5150.0,21120.0,4.1,29200.0,94600.0,3.24,70.0,91.0,1.3,0.0,0.0,0.0,72.0,63.0,0.88
2012-13,Bardiya,45000.0,159575.0,3.55,8000.0,20000.0,2.5,23500.0,74400.0,3.17,0.0,0.0,0.0,0.0,0.0,0.0,10.0,10.0,1.0
2012-13,Bhaktapur,4348.0,25653.0,5.9,1969.0,7876.0,4.0,3150.0,11559.0,3.67,106.0,150.0,1.42,0.0,0.0,0.0,50.0,55.0,1.1
2012-13,Bhojpur,16150.0,44299.0,2.74,25790.0,76470.0,2.97,2510.0,5520.0,2.2,5505.0,4404.0,0.8,17.0,12.0,0.71,25.0,25.0,1.0
2012-13,Chitwan,28625.0,94800.0,3.31,3490.0,10500.0,3.01,8750.0,30125.0,3.44,1650.0,1650.0,1.0,0.0,0.0,0.0,50.0,50.0,1.0
2012-13,Dadeldhura,6221.0,16414.0,2.64,3744.0,8236.0,2.2,8710.0,18985.0,2.18,700.0,260.0,0.37,0.0,0.0,0.0,220.0,209.0,0.95
2012-13,Dailekh,8507.0,25953.0,3.05,20150.0,36975.0,1.83,16850.0,27219.0,1.62,2106.0,2643.0,1.25,29.0,20.0,0.69,195.0,261.0,1.34
2012-13,Dang,37500.0,157384.0,4.2,23400.0,46891.0,2.0,12650.0,29995.0,2.37,2095.0,20.0,0.01,0.0,0.0,0.0,50.0,50.0,1.0
2012-13,Darchula,4480.0,11027.0,2.46,5530.0,11261.0,2.04,5965.0,13312.0,2.23,2286.0,786.0,0.34,100.0,80.0,0.8,1116.0,1670.0,1.5
2012-13,Dhading,12262.0,33349.0,2.72,14873.0,24383.0,1.64,4810.0,12101.0,2.52,6930.0,6445.0,0.93,0.0,0.0,0.0,350.0,360.0,1.03
2012-13,Dhankuta,8495.0,18859.0,2.22,18200.0,39312.0,2.16,1400.0,3385.0,2.42,7780.0,7780.0,1.0,0.0,0.0,0.0,10.0,10.0,1.0
2012-13,Dhanusa,45790.0,125054.0,2.73,2019.0,6662.0,3.3,40000.0,108000.0,2.7,300.0,300.0,1.0,0.0,0.0,0.0,1.0,1.0,1.0
2012-13,Dolakha,3150.0,5625.0,1.79,5009.0,10485.0,2.09,4650.0,6278.0,1.35,3568.0,4200.0,1.18,450.0,401.0,0.89,200.0,210.0,1.05
2012-13,Dolpa,276.0,570.0,2.07,2177.0,224.0,0.1,2600.0,6300.0,2.42,0.0,273.0,0.0,703.0,632.0,0.9,300.0,500.0,1.67
2012-13,Doti,11715.0,22844.0,1.95,2630.0,5240.0,1.99,16150.0,33915.0,2.1,3414.0,5810.0,1.7,5.0,8.0,1.6,240.0,240.0,1.0
2012-13,Gorkha,12661.0,37555.0,2.97,19353.0,45471.0,2.35,3910.0,7234.0,1.85,0.0,13926.0,0.0,392.0,395.0,1.01,107.0,118.0,1.1
2012-13,Gulmi,10408.0,22312.0,2.14,24856.0,58542.0,2.36,8105.0,16048.0,1.98,18635.0,2589.0,0.14,199.0,205.0,1.03,380.0,627.0,1.65
2012-13,Humla,575.0,915.0,1.59,112.0,171.0,1.53,1015.0,1173.0,1.16,4500.0,1280.0,0.28,670.0,603.0,0.9,687.0,847.0,1.23
2012-13,Ilam,14815.0,45185.0,3.05,31480.0,78385.0,2.49,4700.0,12960.0,2.76,3000.0,2670.0,0.89,25.0,17.0,0.68,55.0,50.0,0.91
2012-13,Jajarkot,3737.0,10403.0,2.78,7890.0,11930.0,1.51,11900.0,14886.0,1.25,1780.0,3859.0,2.17,28.0,31.0,1.11,600.0,360.0,0.6
2012-13,Jhapa,86700.0,320790.0,3.7,36185.0,82140.0,2.27,6500.0,21750.0,3.35,1785.0,1785.0,1.0,1265.0,1265.0,1.0,8.0,6.0,0.75
2012-13,Jumla,2950.0,6490.0,2.2,4500.0,5400.0,1.2,2450.0,5390.0,2.2,1216.0,4560.0,3.75,290.0,290.0,1.0,3950.0,7320.0,1.85
2012-13,Kailali,64400.0,185980.0,2.89,5700.0,12000.0,2.11,34500.0,69000.0,2.0,320.0,450.0,1.41,25.0,25.0,1.0,550.0,660.0,1.2
2012-13,Kalikot,3062.0,6240.0,2.04,2520.0,5215.0,2.07,5450.0,9545.0,1.75,3800.0,1291.0,0.34,105.0,148.0,1.41,1028.0,750.0,0.73
2012-13,Kanchanpur,44500.0,138630.0,3.12,5950.0,10450.0,1.76,32255.0,72210.0,2.24,400.0,0.0,0.0,0.0,0.0,0.0,10.0,10.0,1.0
2012-13,Kapilbastu,71000.0,205118.0,2.89,1400.0,3350.0,2.39,27250.0,81248.0,2.98,0.0,0.0,0.0,0.0,0.0,0.0,200.0,400.0,2.0
2012-13,Kaski,21500.0,78256.0,3.64,15573.0,42549.0,2.73,6821.0,16100.0,2.36,6710.0,17094.0,2.55,14.0,16.0,1.14,131.0,113.0,0.86
2012-13,Kathmandu,7950.0,48500.0,6.1,7100.0,27203.0,3.83,4829.0,16138.0,3.34,850.0,850.0,1.0,5.0,5.0,1.0,8.0,8.0,1.0
2012-13,Kavre,10310.0,36350.0,3.53,25353.0,48334.0,1.91,9950.0,20905.0,2.1,3505.0,3506.0,1.0,750.0,600.0,0.8,750.0,1425.0,1.9
2012-13,Khotang,15200.0,30248.0,1.99,31066.0,69232.0,2.23,5535.0,12535.0,2.26,21315.0,24512.0,1.15,710.0,405.0,0.57,440.0,430.0,0.98
2012-13,Lalitpur,4680.0,25272.0,5.4,8589.0,24049.0,2.8,4050.0,12340.0,3.05,575.0,690.0,1.2,54.0,54.0,1.0,65.0,70.0,1.08
2012-13,Lamjung,16153.0,42115.0,2.61,15900.0,35654.0,2.24,600.0,1275.0,2.12,11605.0,9936.0,0.86,19.0,17.0,0.89,25.0,25.0,1.0
2012-13,Mahottari,28160.0,83584.0,2.97,750.0,1500.0,2.0,26815.0,63312.0,2.36,0.0,0.0,0.0,0.0,0.0,0.0,10.0,10.0,1.0
2012-13,Makwanpur,11110.0,36663.0,3.3,23636.0,63114.0,2.67,4213.0,12150.0,2.88,2660.0,3257.0,1.22,150.0,159.0,1.06,20.0,26.0,1.3
2012-13,Manang,0.0,0.0,0.0,189.0,485.0,2.57,258.0,568.0,2.2,0.0,0.0,0.0,221.0,447.0,2.02,177.0,292.0,1.65
2012-13,Morang,82840.0,259289.0,3.13,1630.0,5379.0,3.3,16000.0,36438.0,2.28,1510.0,1812.0,1.2,65.0,65.0,1.0,0.0,0.0,0.0
2012-13,Mugu,1394.0,2700.0,1.94,610.0,1170.0,1.92,4350.0,7917.0,1.82,390.0,4500.0,11.54,500.0,500.0,1.0,1550.0,1860.0,1.2
2012-13,Mustang,0.0,0.0,0.0,525.0,770.0,1.47,600.0,1080.0,1.8,0.0,0.0,0.0,575.0,955.0,1.66,270.0,500.0,1.85
2012-13,Myagdi,3895.0,12060.0,3.1,11129.0,39665.0,3.56,3048.0,6096.0,2.0,2540.0,3390.0,1.33,52.0,50.0,0.96,309.0,406.0,1.31
2012-13,Nawalparasi,45690.0,179110.0,3.92,10750.0,35025.0,3.26,18030.0,50269.0,2.79,505.0,495.0,0.98,190.0,115.0,0.61,88.0,100.0,1.14
2012-13,Nuwakot,14650.0,57500.0,3.92,20100.0,41434.0,2.06,5477.0,15062.0,2.75,5085.0,9153.0,1.8,65.0,65.0,1.0,190.0,228.0,1.2
2012-13,Okhaldhunga,6244.0,14361.0,2.3,12400.0,26040.0,2.1,2490.0,5031.0,2.02,7751.0,9998.0,1.29,105.0,91.0,0.87,100.0,100.0,1.0
2012-13,Palpa,9566.0,32292.0,3.38,21580.0,40368.0,1.87,6240.0,13737.0,2.2,16805.0,2588.0,0.15,450.0,419.0,0.93,26.0,37.0,1.42
2012-13,Panchthar,11300.0,22600.0,2.0,8000.0,12240.0,1.53,3995.0,7632.0,1.91,5000.0,9350.0,1.87,56.0,36.0,0.64,460.0,552.0,1.2
2012-13,Parbat,8830.0,26281.0,2.98,14285.0,30023.0,2.1,2605.0,6522.0,2.5,14757.0,7630.0,0.52,38.0,37.0,0.97,118.0,105.0,0.89
2012-13,Parsa,44360.0,164360.0,3.71,4075.0,14263.0,3.5,23650.0,81600.0,3.45,85.0,77.0,0.91,0.0,0.0,0.0,39.0,39.0,1.0
2012-13,Pyuthan,6410.0,18950.0,2.96,12058.0,18351.0,1.52,8650.0,19465.0,2.25,1061.0,2005.0,1.89,13.0,11.0,0.85,510.0,790.0,1.55
2012-13,Ramechhap,9408.0,26530.0,2.82,21398.0,51355.0,2.4,4470.0,8180.0,1.83,5060.0,4425.0,0.87,20.0,20.0,1.0,175.0,142.0,0.81
2012-13,Rasuwa,1304.0,2982.0,2.29,2324.0,3549.0,1.53,680.0,1720.0,2.53,980.0,791.0,0.81,0.0,0.0,0.0,290.0,383.0,1.32
2012-13,Rautahat,30125.0,67575.0,2.24,1680.0,5544.0,3.3,15500.0,48050.0,3.1,60.0,51.0,0.85,0.0,0.0,0.0,5.0,5.0,1.0
2012-13,Rolpa,4715.0,11787.0,2.5,10305.0,16304.0,1.58,8530.0,15979.0,1.87,960.0,1059.0,1.1,122.0,65.0,0.53,499.0,710.0,1.42
2012-13,Rukum,3562.0,10330.0,2.9,15107.0,16013.0,1.06,10620.0,26550.0,2.5,1232.0,922.0,0.75,0.0,0.0,0.0,980.0,1156.0,1.18
2012-13,Rupandehi,70000.0,319695.0,4.57,2550.0,10530.0,4.13,30500.0,97840.0,3.21,450.0,0.0,0.0,0.0,0.0,0.0,100.0,210.0,2.1
2012-13,Salyan,6950.0,23294.0,3.35,11560.0,22242.0,1.92,13613.0,29226.0,2.15,1985.0,2204.0,1.11,75.0,80.0,1.07,1250.0,1485.0,1.19
2012-13,Sankhuwasabha,15801.0,23701.0,1.5,13074.0,22226.0,1.7,1450.0,3000.0,2.07,9981.0,10180.0,1.02,18.0,10.0,0.56,35.0,30.0,0.86
2012-13,Saptari,30219.0,60388.0,2.0,300.0,750.0,2.5,15500.0,40000.0,2.58,250.0,215.0,0.86,0.0,0.0,0.0,0.0,0.0,0.0
2012-13,Sarlahi,38400.0,92905.0,2.42,3655.0,19677.0,5.38,26500.0,65750.0,2.48,950.0,950.0,1.0,0.0,0.0,0.0,275.0,275.0,1.0
2012-13,Sindhuli,11265.0,34910.0,3.1,18510.0,44410.0,2.4,5620.0,14230.0,2.53,11635.0,9196.0,0.79,532.0,269.0,0.51,52.0,78.0,1.5
2012-13,Sindhupalchok,12220.0,26486.0,2.17,24900.0,50833.0,2.04,7020.0,9336.0,1.33,19320.0,21252.0,1.1,0.0,0.0,0.0,205.0,205.0,1.0
2012-13,Siraha,31175.0,53814.0,1.73,1750.0,3150.0,1.8,15675.0,29800.0,1.9,645.0,574.0,0.89,0.0,0.0,0.0,0.0,0.0,0.0
2012-13,Solukhumbu,1530.0,3366.0,2.2,12955.0,32517.0,2.51,3755.0,7300.0,1.94,2100.0,2520.0,1.2,230.0,138.0,0.6,200.0,200.0,1.0
2012-13,Sunsari,52550.0,160650.0,3.06,7845.0,27000.0,3.44,15500.0,43500.0,2.81,1185.0,1078.0,0.91,400.0,380.0,0.95,0.0,0.0,0.0
2012-13,Surkhet,14000.0,48869.0,3.49,16100.0,43407.0,2.7,14955.0,46015.0,3.08,2422.0,2750.0,1.14,0.0,0.0,0.0,1030.0,1370.0,1.33
2012-13,Syangja,17030.0,60829.0,3.57,30905.0,92675.0,3.0,5800.0,11150.0,1.92,8770.0,19326.0,2.2,215.0,140.0,0.65,9.0,9.0,1.0
2012-13,Tanahu,14865.0,48168.0,3.24,26045.0,71630.0,2.75,1905.0,3662.0,1.92,7919.0,6710.0,0.85,191.0,184.0,0.96,6.0,6.0,1.0
2012-13,Taplejung,4850.0,10913.0,2.25,9150.0,27450.0,3.0,1895.0,3600.0,1.9,3050.0,3507.0,1.15,118.0,165.0,1.4,240.0,312.0,1.3
2012-13,Tehrathum,10341.0,23784.0,2.3,12400.0,26288.0,2.12,2600.0,5900.0,2.27,2750.0,3300.0,1.2,35.0,28.0,0.8,75.0,83.0,1.11
2012-13,Udayapur,11625.0,43594.0,3.75,9500.0,23275.0,2.45,5119.0,16286.0,3.18,2580.0,5031.0,1.95,19.0,19.0,1.0,40.0,34.0,0.85
2013-14,Achham,16572.0,34795.0,2.1,3652.0,10163.0,2.78,15335.0,22932.0,1.5,3415.0,3427.0,1.0,0.0,0.0,0.0,505.0,566.0,1.12
2013-14,Arghakhanchi,8672.0,26306.0,3.03,16915.0,49448.0,2.92,7335.0,12952.0,1.77,505.0,606.0,1.2,275.0,240.0,0.87,350.0,420.0,1.2
2013-14,Baglung,5927.0,18897.0,3.19,20349.0,58835.0,2.89,7011.0,16546.0,2.36,18615.0,21965.0,1.18,80.0,116.0,1.45,965.0,1206.0,1.25
2013-14,Baitadi,7000.0,15680.0,2.24,14500.0,23417.0,1.61,12000.0,24500.0,2.04,700.0,980.0,1.4,0.0,0.0,0.0,1000.0,1800.0,1.8
2013-14,Bajhang,7006.0,22769.0,3.25,3652.0,3871.0,1.06,10982.0,24959.0,2.27,2286.0,2057.0,0.9,7.0,4.0,0.57,3726.0,2938.0,0.79
2013-14,Bajura,3310.0,7993.0,2.41,790.0,1848.0,2.34,4950.0,7583.0,1.53,2610.0,2610.0,1.0,7.0,13.0,1.86,1072.0,1059.0,0.99
2013-14,Banke,36500.0,128700.0,3.53,8500.0,15300.0,1.8,18022.0,52758.0,2.93,0.0,0.0,0.0,0.0,0.0,0.0,10.0,10.0,1.0
2013-14,Bara,54680.0,259781.0,4.75,13478.0,86260.0,6.4,29100.0,93600.0,3.22,78.0,105.0,1.35,0.0,0.0,0.0,85.0,90.0,1.06
2013-14,Bardiya,52000.0,199575.0,3.84,1200.0,2500.0,2.08,19500.0,72500.0,3.72,0.0,0.0,0.0,0.0,0.0,0.0,10.0,10.0,1.0
2013-14,Bhaktapur,4352.0,26958.0,6.19,1969.0,8860.0,4.5,3100.0,10800.0,3.48,106.0,153.0,1.44,0.0,0.0,0.0,50.0,50.0,1.0
2013-14,Bhojpur,17150.0,48340.0,2.82,42776.0,124050.0,2.9,2510.0,6024.0,2.4,5500.0,5000.0,0.91,17.0,12.0,0.71,20.0,20.0,1.0
2013-14,Chitwan,29575.0,100555.0,3.4,9750.0,29250.0,3.0,8550.0,29899.0,3.5,1650.0,1600.0,0.97,0.0,0.0,0.0,40.0,45.0,1.12
2013-14,Dadeldhura,6221.0,18066.0,2.9,3744.0,10895.0,2.91,8710.0,14420.0,1.66,300.0,300.0,1.0,0.0,0.0,0.0,195.0,176.0,0.9
2013-14,Dailekh,8307.0,25464.0,3.07,20150.0,37291.0,1.85,21500.0,31175.0,1.45,2422.0,2643.0,1.09,27.0,19.0,0.7,200.0,250.0,1.25
2013-14,Dang,38230.0,156292.0,4.09,25300.0,46600.0,1.84,12655.0,29109.0,2.3,19.0,19.0,1.0,20.0,20.0,1.0,50.0,49.0,0.98
2013-14,Darchula,4480.0,10631.0,2.37,3558.0,6404.0,1.8,4480.0,12096.0,2.7,1310.0,893.0,0.68,100.0,82.0,0.82,1200.0,1560.0,1.3
2013-14,Dhading,12645.0,48100.0,3.8,19445.0,48613.0,2.5,4800.0,10100.0,2.1,6930.0,6953.0,1.0,0.0,0.0,0.0,350.0,350.0,1.0
2013-14,Dhankuta,10660.0,24244.0,2.27,5450.0,14975.0,2.75,1400.0,3200.0,2.29,8000.0,8000.0,1.0,0.0,0.0,0.0,5.0,5.0,1.0
2013-14,Dhanusa,40635.0,116647.0,2.87,2019.0,6663.0,3.3,39500.0,105000.0,2.66,300.0,300.0,1.0,0.0,0.0,0.0,1.0,1.0,1.0
2013-14,Dolakha,3175.0,5874.0,1.85,5450.0,11718.0,2.15,4650.0,6280.0,1.35,3600.0,4250.0,1.18,430.0,390.0,0.91,175.0,180.0,1.03
2013-14,Dolpa,276.0,590.0,2.14,220.0,250.0,1.14,2590.0,5420.0,2.09,390.0,285.0,0.73,680.0,690.0,1.01,300.0,459.0,1.53
2013-14,Doti,10665.0,22396.0,2.1,2748.0,5221.0,1.9,15950.0,33510.0,2.1,5121.0,6145.0,1.2,12.0,12.0,1.0,240.0,370.0,1.54
2013-14,Gorkha,12765.0,41250.0,3.23,19353.0,45480.0,2.35,3900.0,7334.0,1.88,11605.0,13928.0,1.2,393.0,396.0,1.01,108.0,119.0,1.1
2013-14,Gulmi,10484.0,25339.0,2.42,24844.0,52519.0,2.11,8095.0,14866.0,1.84,2900.0,2900.0,1.0,210.0,252.0,1.2,370.0,666.0,1.8
2013-14,Humla,572.0,966.0,1.69,113.0,178.0,1.58,1018.0,953.0,0.94,1278.0,1163.0,0.91,670.0,603.0,0.9,686.0,807.0,1.18
2013-14,Ilam,14185.0,44966.0,3.17,28200.0,69654.0,2.47,4697.0,12350.0,2.63,3000.0,3000.0,1.0,25.0,20.0,0.8,50.0,50.0,1.0
2013-14,Jajarkot,4042.0,10812.0,2.67,8266.0,10539.0,1.27,11550.0,13321.0,1.15,1932.0,2297.0,1.19,19.0,20.0,1.05,650.0,360.0,0.55
2013-14,Jhapa,88500.0,365250.0,4.13,36850.0,95000.0,2.58,7000.0,22540.0,3.22,1750.0,1800.0,1.03,1270.0,1270.0,1.0,6.0,6.0,1.0
2013-14,Jumla,2950.0,6490.0,2.2,4500.0,7650.0,1.7,2453.0,4611.0,1.88,3890.0,4279.0,1.1,85.0,85.0,1.0,4000.0,7400.0,1.85
2013-14,Kailali,71450.0,209757.0,2.94,5540.0,5755.0,1.04,34500.0,70000.0,2.03,377.0,380.0,1.01,25.0,25.0,1.0,425.0,420.0,0.99
2013-14,Kalikot,2466.0,5932.0,2.41,2525.0,5228.0,2.07,5430.0,9611.0,1.77,1232.0,1295.0,1.05,105.0,155.0,1.48,1000.0,800.0,0.8
2013-14,Kanchanpur,48796.0,143704.0,2.94,3600.0,6840.0,1.9,31433.0,71000.0,2.26,0.0,0.0,0.0,0.0,0.0,0.0,10.0,10.0,1.0
2013-14,Kapilbastu,72000.0,235436.0,3.27,1370.0,3302.0,2.41,31000.0,89900.0,2.9,0.0,0.0,0.0,0.0,0.0,0.0,200.0,350.0,1.75
2013-14,Kaski,22050.0,80560.0,3.65,20573.0,52549.0,2.55,6820.0,15503.0,2.27,14767.0,17278.0,1.17,14.0,16.0,1.14,130.0,110.0,0.85
2013-14,Kathmandu,7940.0,45245.0,5.7,9923.0,33164.0,3.34,4529.0,13138.0,2.9,852.0,852.0,1.0,5.0,5.0,1.0,5.0,5.0,1.0
2013-14,Kavre,10100.0,30418.0,3.01,24278.0,51592.0,2.13,9900.0,18900.0,1.91,3505.0,3501.0,1.0,605.0,605.0,1.0,750.0,825.0,1.1
2013-14,Khotang,15202.0,42600.0,2.8,41060.0,70378.0,1.71,5530.0,12060.0,2.18,21315.0,23377.0,1.1,700.0,400.0,0.57,400.0,400.0,1.0
2013-14,Lalitpur,4680.0,26442.0,5.65,8589.0,24908.0,2.9,4000.0,10900.0,2.72,575.0,575.0,1.0,54.0,53.0,0.98,65.0,70.0,1.08
2013-14,Lamjung,16453.0,47115.0,2.86,22725.0,52984.0,2.33,500.0,1375.0,2.75,7919.0,7523.0,0.95,19.0,19.0,1.0,28.0,27.0,0.96
2013-14,Mahottari,36144.0,65060.0,1.8,700.0,1400.0,2.0,26800.0,62312.0,2.33,0.0,0.0,0.0,0.0,0.0,0.0,10.0,10.0,1.0
2013-14,Makwanpur,11125.0,38381.0,3.45,23648.0,67870.0,2.87,4200.0,12007.0,2.86,2645.0,3280.0,1.24,170.0,189.0,1.11,20.0,26.0,1.3
2013-14,Manang,0.0,0.0,0.0,176.0,345.0,1.96,276.0,615.0,2.23,0.0,0.0,0.0,225.0,355.0,1.58,100.0,215.0,2.15
2013-14,Morang,83525.0,332100.0,3.98,15000.0,50000.0,3.33,16345.0,39900.0,2.44,1500.0,1800.0,1.2,70.0,70.0,1.0,0.0,0.0,0.0
2013-14,Mugu,1500.0,3751.0,2.5,617.0,1061.0,1.72,4335.0,8237.0,1.9,4488.0,4937.0,1.1,506.0,506.0,1.0,1540.0,1540.0,1.0
2013-14,Mustang,0.0,0.0,0.0,530.0,770.0,1.45,604.0,1110.0,1.84,0.0,0.0,0.0,585.0,1020.0,1.74,273.0,506.0,1.85
2013-14,Myagdi,3895.0,12464.0,3.2,11134.0,40900.0,3.67,3045.0,6422.0,2.11,2743.0,3425.0,1.25,58.0,98.0,1.69,304.0,395.0,1.3
2013-14,Nawalparasi,48350.0,196775.0,4.07,10750.0,25310.0,2.35,18010.0,48808.0,2.71,500.0,515.0,1.03,200.0,127.0,0.64,10.0,10.0,1.0
2013-14,Nuwakot,14695.0,63167.0,4.3,19615.0,58845.0,3.0,5470.0,17500.0,3.2,5120.0,9728.0,1.9,200.0,226.0,1.13,200.0,225.0,1.12
2013-14,Okhaldhunga,4350.0,11310.0,2.6,11580.0,25476.0,2.2,2241.0,4757.0,2.12,7751.0,12401.0,1.6,105.0,90.0,0.86,100.0,100.0,1.0
2013-14,Palpa,9430.0,35267.0,3.74,21583.0,40879.0,1.89,6200.0,13853.0,2.23,2538.0,2587.0,1.02,448.0,418.0,0.93,26.0,37.0,1.42
2013-14,Panchthar,10322.0,30127.0,2.92,18627.0,29931.0,1.61,3120.0,6732.0,2.16,4805.0,9046.0,1.88,56.0,36.0,0.64,450.0,500.0,1.11
2013-14,Parbat,9595.0,26501.0,2.76,14285.0,30405.0,2.13,2604.0,6044.0,2.32,8770.0,7893.0,0.9,38.0,37.0,0.97,95.0,86.0,0.91
2013-14,Parsa,43710.0,158814.0,3.63,4075.0,14262.0,3.5,23600.0,80680.0,3.42,86.0,86.0,1.0,0.0,0.0,0.0,39.0,40.0,1.03
2013-14,Pyuthan,6520.0,19737.0,3.03,12058.0,18462.0,1.53,8640.0,20760.0,2.4,1984.0,2006.0,1.01,13.0,15.0,1.15,510.0,816.0,1.6
2013-14,Ramechhap,9508.0,25862.0,2.72,21480.0,57352.0,2.67,4460.0,8716.0,1.95,5060.0,4402.0,0.87,19.0,19.0,1.0,173.0,190.0,1.1
2013-14,Rasuwa,1305.0,3240.0,2.48,2430.0,5080.0,2.09,740.0,1856.0,2.51,900.0,833.0,0.93,0.0,0.0,0.0,173.0,190.0,1.1
2013-14,Rautahat,30500.0,95607.0,3.13,1700.0,5500.0,3.24,15450.0,48000.0,3.11,60.0,52.0,0.87,0.0,0.0,0.0,5.0,5.0,1.0
2013-14,Rolpa,4715.0,11787.0,2.5,11881.0,26138.0,2.2,8560.0,21400.0,2.5,1061.0,1273.0,1.2,122.0,120.0,0.98,500.0,700.0,1.4
2013-14,Rukum,3562.0,9974.0,2.8,16289.0,30994.0,1.9,10600.0,27550.0,2.6,915.0,1573.0,1.72,0.0,0.0,0.0,980.0,1200.0,1.22
2013-14,Rupandehi,70500.0,329500.0,4.67,2650.0,10500.0,3.96,30400.0,106750.0,3.51,120.0,125.0,1.04,0.0,0.0,0.0,100.0,210.0,2.1
2013-14,Salyan,6934.0,24497.0,3.53,16280.0,33495.0,2.06,15108.0,30635.0,2.03,2204.0,2004.0,0.91,65.0,71.0,1.09,1265.0,1460.0,1.15
2013-14,Sankhuwasabha,13775.0,35458.0,2.57,12470.0,17000.0,1.36,775.0,1915.0,2.47,7171.0,7314.0,1.02,18.0,15.0,0.83,30.0,30.0,1.0
2013-14,Saptari,35000.0,90500.0,2.59,3500.0,7800.0,2.23,16000.0,44000.0,2.75,250.0,215.0,0.86,0.0,0.0,0.0,0.0,0.0,0.0
2013-14,Sarlahi,45500.0,112985.0,2.48,5440.0,25283.0,4.65,22500.0,63750.0,2.83,950.0,950.0,1.0,0.0,0.0,0.0,75.0,75.0,1.0
2013-14,Sindhuli,14200.0,46860.0,3.3,23642.0,59577.0,2.52,5600.0,14100.0,2.52,11618.0,9526.0,0.82,532.0,272.0,0.51,50.0,75.0,1.5
2013-14,Sindhupalchok,12235.0,28446.0,2.32,24907.0,53958.0,2.17,7010.0,7862.0,1.12,19320.0,21252.0,1.1,0.0,0.0,0.0,200.0,200.0,1.0
2013-14,Siraha,38788.0,98303.0,2.53,2000.0,4000.0,2.0,14750.0,32350.0,2.19,650.0,575.0,0.88,0.0,0.0,0.0,0.0,0.0,0.0
2013-14,Solukhumbu,1620.0,3564.0,2.2,12955.0,32517.0,2.51,1250.0,2550.0,2.04,2100.0,2688.0,1.28,230.0,150.0,0.65,190.0,200.0,1.05
2013-14,Sunsari,51550.0,180200.0,3.5,7800.0,26500.0,3.4,16300.0,45110.0,2.77,1200.0,1100.0,0.92,400.0,400.0,1.0,0.0,0.0,0.0
2013-14,Surkhet,14600.0,59322.0,4.06,16100.0,38243.0,2.38,16255.0,45765.0,2.82,2095.0,2832.0,1.35,0.0,0.0,0.0,1030.0,1360.0,1.32
2013-14,Syangja,18030.0,63662.0,3.53,30905.0,81377.0,2.63,5798.0,10150.0,1.75,16805.0,18815.0,1.12,230.0,172.0,0.75,6.0,5.0,0.83
2013-14,Tanahu,16415.0,58604.0,3.57,26045.0,71630.0,2.75,1900.0,3705.0,1.95,6350.0,5715.0,0.9,191.0,187.0,0.98,6.0,6.0,1.0
2013-14,Taplejung,6950.0,13861.0,1.99,16075.0,49408.0,3.07,925.0,2016.0,2.18,3290.0,4418.0,1.34,120.0,170.0,1.42,200.0,300.0,1.5
2013-14,Tehrathum,10180.0,27576.0,2.71,12410.0,27302.0,2.2,2500.0,5675.0,2.27,2800.0,3300.0,1.18,35.0,30.0,0.86,75.0,80.0,1.07
2013-14,Udayapur,15250.0,52850.0,3.47,9500.0,23500.0,2.47,5120.0,15826.0,3.09,2580.0,5000.0,1.94,20.0,20.0,1.0,35.0,35.0,1.0
2014-15,Taplejung,4074.0,8637.0,2.12,9150.0,30770.0,3.36,1060.0,2271.0,2.14,3350.0,4718.0,1.41,240.0,312.0,1.3,118.0,165.0,1.4
2014-15,Sankhuwasabha,13650.0,32660.0,2.39,12000.0,15000.0,1.25,805.0,1610.0,2.0,7171.0,7514.0,1.05,30.0,30.0,1.0,18.0,18.0,1.0
2014-15,Solukhumbu,1525.0,3564.0,2.34,12955.0,32517.0,2.51,1750.0,3550.0,2.03,2100.0,2688.0,1.28,180.0,190.0,1.06,320.0,192.0,0.6
2014-15,Panchthar,9200.0,20240.0,2.2,18432.0,30412.0,1.65,3912.0,6494.0,1.66,4750.0,8980.0,1.89,400.0,450.0,1.12,56.0,36.0,0.64
2014-15,Ilam,12593.0,31230.0,2.48,31395.0,0.0,0.0,4620.0,15338.0,3.32,1700.0,1700.0,1.0,50.0,50.0,1.0,25.0,20.0,0.8
2014-15,Tehrathum,7606.0,17494.0,2.3,12350.0,30875.0,2.5,2500.0,5500.0,2.2,2700.0,2969.0,1.1,75.0,80.0,1.07,35.0,28.0,0.8
2014-15,Dhankuta,7820.0,22434.0,2.87,6785.0,15500.0,2.28,1390.0,2900.0,2.09,7800.0,7800.0,1.0,5.0,5.0,1.0,0.0,0.0,0.0
2014-15,Bhojpur,16093.0,35893.0,2.23,36360.0,83735.0,2.3,2500.0,4800.0,1.92,5505.0,4404.0,0.8,10.0,10.0,1.0,35.0,25.0,0.71
2014-15,Khotang,12161.0,26755.0,2.2,41060.0,75550.0,1.84,5530.0,11460.0,2.07,21315.0,23455.0,1.1,450.0,500.0,1.11,650.0,350.0,0.54
2014-15,Okhaldhunga,4355.0,10310.0,2.37,12400.0,28520.0,2.3,2365.0,4494.0,1.9,7751.0,12626.0,1.63,100.0,100.0,1.0,105.0,89.0,0.85
2014-15,Udayapur,12100.0,47945.0,3.96,9310.0,22344.0,2.4,5126.0,12456.0,2.43,2200.0,2370.0,1.08,35.0,35.0,1.0,19.0,17.0,0.89
2014-15,Jhapa,83200.0,337792.0,4.06,35500.0,92000.0,2.59,8050.0,24150.0,3.0,1780.0,2136.0,1.2,6.0,6.0,1.0,1270.0,1270.0,1.0
2014-15,Morang,82550.0,288925.0,3.5,14200.0,48220.0,3.4,16100.0,42000.0,2.61,1510.0,1661.0,1.1,0.0,0.0,0.0,70.0,70.0,1.0
2014-15,Sunsari,44940.0,161784.0,3.6,8350.0,25050.0,3.0,16000.0,47600.0,2.98,680.0,714.0,1.05,0.0,0.0,0.0,400.0,400.0,1.0
2014-15,Saptari,35000.0,95000.0,2.71,3000.0,7000.0,2.33,15000.0,40000.0,2.67,200.0,260.0,1.3,0.0,0.0,0.0,0.0,0.0,0.0
2014-15,Siraha,36000.0,95300.0,2.65,1730.0,3460.0,2.0,15715.0,37500.0,2.39,640.0,640.0,1.0,0.0,0.0,0.0,0.0,0.0,0.0
2014-15,Dolakha,3180.0,6996.0,2.2,5700.0,12825.0,2.25,4700.0,7050.0,1.5,3600.0,4250.0,1.18,170.0,175.0,1.03,435.0,400.0,0.92
2014-15,Sindhupalchok,12200.0,28217.0,2.31,24900.0,53301.0,2.14,7819.0,1116.0,0.14,19320.0,22252.0,1.15,205.0,1000.0,4.88,0.0,0.0,0.0
2014-15,Rasuwa,1300.0,3510.0,2.7,2430.0,4033.0,1.66,2050.0,285.0,0.14,895.0,902.0,1.01,1249.0,0.0,0.0,0.0,735.0,0.0
2014-15,Ramechhap,9408.0,26164.0,2.78,21398.0,53922.0,2.52,4750.0,9120.0,1.92,5060.0,4550.0,0.9,80.0,68.0,0.85,19.0,19.0,1.0
2014-15,Sindhuli,13000.0,41600.0,3.2,23620.0,58500.0,2.48,5681.0,15310.0,2.69,11800.0,9350.0,0.79,55.0,90.0,1.64,530.0,570.0,1.08
2014-15,Kavre,11310.0,37009.0,3.27,25354.0,60849.0,2.4,9850.0,23738.0,2.41,3515.0,4042.0,1.15,700.0,750.0,1.07,671.0,669.0,1.0
2014-15,Bhaktapur,4348.0,26523.0,6.1,1965.0,8071.0,4.11,3613.0,45.0,0.01,110.0,156.0,1.42,1111.0,0.0,0.0,0.0,3100.0,0.0
2014-15,Lalitpur,4680.0,24804.0,5.3,8589.0,26626.0,3.1,3650.0,9490.0,2.6,570.0,570.0,1.0,50.0,31.0,0.62,50.0,48.0,0.96
2014-15,Kathmandu,7930.0,45245.0,5.71,9923.0,33450.0,3.37,4100.0,14500.0,3.54,852.0,852.0,1.0,4.0,4.0,1.0,5.0,5.0,1.0
2014-15,Nuwakot,15692.0,73762.0,4.7,20450.0,63435.0,3.1,4547.0,14504.0,3.19,5125.0,9950.0,1.94,185.0,166.0,0.9,200.0,245.0,1.23
2014-15,Dhading,12545.0,50369.0,4.02,19445.0,37538.0,1.93,10298.0,2150.0,0.21,6930.0,6594.0,0.95,350.0,1077.0,3.08,0.0,0.0,0.0
2014-15,Makwanpur,11130.0,38995.0,3.5,23650.0,70950.0,3.0,4215.0,12645.0,3.0,2645.0,3280.0,1.24,200.0,250.0,1.25,185.0,205.0,1.11
2014-15,Dhanusa,44200.0,141440.0,3.2,2465.0,7700.0,3.12,3026.0,1.0,0.0,300.0,300.0,1.0,1000.0,0.0,0.0,0.0,38000.0,0.0
2014-15,Mahottari,29400.0,90500.0,3.08,800.0,2100.0,2.62,2550.0,10.0,0.0,0.0,0.0,0.0,1000.0,0.0,0.0,0.0,30000.0,0.0
2014-15,Sarlahi,45500.0,127400.0,2.8,5500.0,15000.0,2.73,2539.0,70.0,0.03,950.0,817.0,0.86,1071.0,0.0,0.0,0.0,25700.0,0.0
2014-15,Rautahat,30355.0,112994.0,3.72,1800.0,5800.0,3.22,3250.0,4.0,0.0,62.0,53.0,0.85,1250.0,0.0,0.0,0.0,15500.0,0.0
2014-15,Bara,60446.0,156896.0,2.6,4750.0,13500.0,2.84,3093.0,80.0,0.03,79.0,103.0,1.3,1250.0,0.0,0.0,0.0,29150.0,0.0
2014-15,Parsa,45600.0,182400.0,4.0,4075.0,14262.0,3.5,3500.0,35.0,0.01,0.0,0.0,0.0,1286.0,0.0,0.0,0.0,22600.0,0.0
2014-15,Chitwan,29400.0,103500.0,3.52,9200.0,26700.0,2.9,3588.0,30.0,0.01,1550.0,1550.0,1.0,1500.0,0.0,0.0,0.0,8500.0,0.0
2014-15,Manang,0.0,0.0,0.0,176.0,350.0,1.99,276.0,625.0,2.26,0.0,0.0,0.0,100.0,200.0,2.0,300.0,555.0,1.85
2014-15,Mustang,0.0,0.0,0.0,516.0,774.0,1.5,582.0,1048.0,1.8,0.0,0.0,0.0,270.0,500.0,1.85,582.0,998.0,1.71
2014-15,Gorkha,12192.0,38587.0,3.16,17033.0,45480.0,2.67,3910.0,7850.0,2.01,11605.0,15929.0,1.37,108.0,119.0,1.1,393.0,396.0,1.01
2014-15,Lamjung,14930.0,37327.0,2.5,15975.0,31950.0,2.0,500.0,1450.0,2.9,7919.0,8523.0,1.08,28.0,27.0,0.96,15.0,12.0,0.8
2014-15,Tanahu,12540.0,45144.0,3.6,22000.0,64300.0,2.92,1890.0,3760.0,1.99,6360.0,5850.0,0.92,6.0,6.0,1.0,193.0,187.0,0.97
2014-15,Kaski,22025.0,83364.0,3.78,13773.0,31678.0,2.3,6800.0,17500.0,2.57,14767.0,18720.0,1.27,130.0,140.0,1.08,14.0,16.0,1.14
2014-15,Parbat,8835.0,24738.0,2.8,13925.0,29938.0,2.15,2615.0,6238.0,2.39,8750.0,7498.0,0.86,95.0,86.0,0.91,38.0,37.0,0.97
2014-15,Syangja,16800.0,60137.0,3.58,26500.0,79572.0,3.0,5600.0,12174.0,2.17,16505.0,19350.0,1.17,6.0,7.0,1.17,230.0,172.0,0.75
2014-15,Palpa,8620.0,33100.0,3.84,20210.0,42386.0,2.1,6240.0,14040.0,2.25,2573.0,2587.0,1.01,26.0,37.0,1.42,448.0,418.0,0.93
2014-15,Myagdi,3895.0,12464.0,3.2,9135.0,29414.0,3.22,3062.0,6736.0,2.2,2740.0,3493.0,1.27,304.0,395.0,1.3,148.0,112.0,0.76
2014-15,Baglung,5782.0,17715.0,3.06,19942.0,58808.0,2.95,6996.0,16975.0,2.43,18559.0,21785.0,1.17,965.0,1206.0,1.25,84.0,121.0,1.44
2014-15,Gulmi,10042.0,27950.0,2.78,24014.0,52900.0,2.2,7817.0,16500.0,2.11,2905.0,2915.0,1.0,370.0,666.0,1.8,212.0,271.0,1.28
2014-15,Arghakhanchi,8189.0,25386.0,3.1,16500.0,49500.0,3.0,7340.0,16000.0,2.18,505.0,656.0,1.3,350.0,420.0,1.2,275.0,240.0,0.87
2014-15,Nawalparasi,44800.0,180300.0,4.02,8400.0,14940.0,1.78,18751.0,53500.0,2.85,500.0,520.0,1.04,10.0,12.0,1.2,200.0,127.0,0.64
2014-15,Rupandehi,69600.0,313200.0,4.5,2550.0,10500.0,4.12,30000.0,96000.0,3.2,50.0,55.0,1.1,100.0,210.0,2.1,0.0,0.0,0.0
2014-15,Kapilbastu,69840.0,209520.0,3.0,3120.0,9500.0,3.04,32100.0,101000.0,3.15,0.0,0.0,0.0,200.0,350.0,1.75,0.0,0.0,0.0
2014-15,Dolpa,276.0,590.0,2.14,255.0,276.0,1.08,2600.0,4470.0,1.72,291.0,298.0,1.02,390.0,450.0,1.15,682.0,678.0,0.99
2014-15,Mugu,1350.0,2551.0,1.89,621.0,1092.0,1.76,3225.0,4200.0,1.3,4275.0,4916.0,1.15,1510.0,1710.0,1.13,485.0,500.0,1.03
2014-15,Humla,574.0,880.0,1.53,118.0,182.0,1.54,1021.0,1021.0,1.0,1270.0,1312.0,1.03,685.0,815.0,1.19,670.0,512.0,0.76
2014-15,Jumla,2950.0,7375.0,2.5,4500.0,7200.0,1.6,2450.0,4930.0,2.01,3840.0,4379.0,1.14,3990.0,6800.0,1.7,85.0,85.0,1.0
2014-15,Kalikot,2563.0,6671.0,2.6,2573.0,6026.0,2.34,5630.0,6474.0,1.15,1263.0,1983.0,1.57,1030.0,2063.0,2.0,123.0,179.0,1.46
2014-15,Rukum,3562.0,9795.0,2.75,16289.0,32578.0,2.0,2373.0,900.0,0.38,915.0,1601.0,1.75,1222.0,0.0,0.0,0.0,11800.0,0.0
2014-15,Rolpa,4715.0,12259.0,2.6,11880.0,27342.0,2.3,8570.0,22710.0,2.65,1065.0,1320.0,1.24,605.0,670.0,1.11,122.0,122.0,1.0
2014-15,Pyuthan,6525.0,21902.0,3.36,12058.0,21108.0,1.75,8650.0,20500.0,2.37,1995.0,2290.0,1.15,510.0,800.0,1.57,15.0,15.0,1.0
2014-15,Salyan,7024.0,24942.0,3.55,19370.0,40059.0,2.07,15565.0,36210.0,2.33,2235.0,2335.0,1.04,1270.0,1475.0,1.16,63.0,69.0,1.1
2014-15,Jajarkot,4042.0,10812.0,2.67,9366.0,14539.0,1.55,13040.0,15500.0,1.19,1935.0,2297.0,1.19,700.0,1000.0,1.43,28.0,29.0,1.04
2014-15,Dailekh,8307.0,26161.0,3.15,20150.0,39292.0,1.95,20150.0,39192.0,1.95,2425.0,2645.0,1.09,200.0,250.0,1.25,27.0,20.0,0.74
2014-15,Surkhet,13252.0,50371.0,3.8,15281.0,39730.0,2.6,2750.0,1030.0,0.37,2100.0,2950.0,1.4,1456.0,0.0,0.0,0.0,16000.0,0.0
2014-15,Dang,36508.0,156984.0,4.3,23200.0,46168.0,1.99,32500.0,2703.0,0.08,20.0,20.0,1.0,30.0,1200.0,40.0,20.0,20.0,1.0
2014-15,Banke,32500.0,102375.0,3.15,8990.0,19328.0,2.15,3022.0,10.0,0.0,0.0,0.0,0.0,1000.0,0.0,0.0,0.0,19030.0,0.0
2014-15,Bardiya,48500.0,205000.0,4.23,1200.0,3000.0,2.5,3892.0,10.0,0.0,0.0,0.0,0.0,1000.0,0.0,0.0,0.0,19400.0,0.0
2014-15,Bajura,3310.0,7993.0,2.41,790.0,1848.0,2.34,4750.0,7230.0,1.52,2610.0,2750.0,1.05,1010.0,1100.0,1.09,7.0,12.0,1.71
2014-15,Bajhang,7006.0,22769.0,3.25,3652.0,3871.0,1.06,9950.0,23500.0,2.36,2286.0,2300.0,1.01,3500.0,3500.0,1.0,7.0,7.0,1.0
2014-15,Darchula,4480.0,10631.0,2.37,3558.0,6404.0,1.8,4450.0,12300.0,2.76,1310.0,1155.0,0.88,1190.0,1850.0,1.55,100.0,82.0,0.82
2014-15,Achham,16500.0,34795.0,2.11,3652.0,10163.0,2.78,1479.0,500.0,0.34,3420.0,3550.0,1.04,1320.0,0.0,0.0,0.0,15210.0,0.0
2014-15,Doti,10600.0,22396.0,2.11,2748.0,5221.0,1.9,15940.0,32500.0,2.04,5150.0,6500.0,1.26,200.0,300.0,1.5,12.0,12.0,1.0
2014-15,Baitadi,7000.0,15680.0,2.24,14500.0,23417.0,1.61,2186.0,1000.0,0.46,710.0,1110.0,1.56,1650.0,0.0,0.0,0.0,15000.0,0.0
2014-15,Dadeldhura,5221.0,19000.0,3.64,3744.0,10895.0,2.91,2125.0,190.0,0.09,305.0,310.0,1.02,1316.0,0.0,0.0,0.0,8705.0,0.0
2014-15,Kailali,70400.0,209757.0,2.98,5540.0,5755.0,1.04,34300.0,85500.0,2.49,377.0,380.0,1.01,400.0,410.0,1.02,25.0,25.0,1.0
2014-15,Kanchanpur,45600.0,143704.0,3.15,3600.0,6840.0,1.9,2243.0,10.0,0.0,0.0,0.0,0.0,1000.0,0.0,0.0,0.0,31433.0,0.0
2015-16,Taplejung,4075.0,8680.0,2.13,9150.0,27450.0,3.0,1560.0,2811.0,1.8,3050.0,4118.0,1.35,118.0,165.0,1.4,312.0,378.0,1.21
2015-16,Sankhuwasabha,13655.0,29650.0,2.17,12070.0,20105.0,1.67,500.0,1100.0,2.2,7071.0,7195.0,1.02,15.0,16.0,1.07,14.0,13.0,0.93
2015-16,Solukhumbu,1525.0,3575.0,2.34,12950.0,29499.0,2.28,1750.0,3672.0,2.1,2100.0,2625.0,1.25,170.0,150.0,0.88,182.0,179.0,0.98
2015-16,Panchthar,9250.0,21184.0,2.29,18513.0,38435.0,2.08,3915.0,6455.0,1.65,4815.0,9004.0,1.87,0.0,0.0,0.0,354.0,412.0,1.16
2015-16,Ilam,12500.0,31750.0,2.54,31395.0,111091.0,3.54,4620.0,14264.0,3.09,1700.0,2100.0,1.24,25.0,25.0,1.0,50.0,50.0,1.0
2015-16,Tehrathum,7610.0,17300.0,2.27,12350.0,27170.0,2.2,1500.0,3150.0,2.1,2702.0,3242.0,1.2,35.0,35.0,1.0,70.0,64.0,0.91
2015-16,Dhankuta,7664.0,22090.0,2.88,7000.0,19000.0,2.71,1400.0,3050.0,2.18,7700.0,8454.0,1.1,5.0,4.0,0.8,0.0,0.0,0.0
2015-16,Bhojpur,16093.0,36970.0,2.3,36360.0,83735.0,2.3,400.0,940.0,2.35,5505.0,6250.0,1.14,35.0,35.0,1.0,15.0,23.0,1.53
2015-16,Khotang,12150.0,19400.0,1.6,41060.0,75585.0,1.84,5530.0,15208.0,2.75,21215.0,22635.0,1.07,650.0,650.0,1.0,412.0,494.0,1.2
2015-16,Okhaldhunga,4350.0,9580.0,2.2,12400.0,29760.0,2.4,2365.0,4494.0,1.9,7751.0,10177.0,1.31,105.0,110.0,1.05,101.0,94.0,0.93
2015-16,Udayapur,11500.0,40958.0,3.56,10388.0,35123.0,3.38,5100.0,12240.0,2.4,2760.0,3500.0,1.27,19.0,17.0,0.89,40.0,40.0,1.0
2015-16,Jhapa,83000.0,315175.0,3.8,35500.0,95000.0,2.68,9000.0,29700.0,3.3,1785.0,2142.0,1.2,1600.0,1500.0,0.94,10.0,9.0,0.9
2015-16,Morang,78000.0,275925.0,3.54,14000.0,46000.0,3.29,16100.0,34615.0,2.15,1348.0,1617.0,1.2,70.0,70.0,1.0,0.0,0.0,0.0
2015-16,Sunsari,44900.0,155110.0,3.45,8350.0,25100.0,3.01,14500.0,44800.0,3.09,680.0,714.0,1.05,400.0,400.0,1.0,20.0,41.0,2.05
2015-16,Saptari,31900.0,82250.0,2.58,2500.0,6500.0,2.6,17000.0,41000.0,2.41,200.0,260.0,1.3,0.0,0.0,0.0,0.0,0.0,0.0
2015-16,Siraha,33500.0,85000.0,2.54,1700.0,5400.0,3.18,15210.0,30420.0,2.0,640.0,640.0,1.0,0.0,0.0,0.0,0.0,0.0,0.0
2015-16,Dolakha,3090.0,6500.0,2.1,5500.0,12650.0,2.3,4230.0,6979.0,1.65,3600.0,4250.0,1.18,400.0,410.0,1.02,172.0,165.0,0.96
2015-16,Sindhupalchok,8750.0,20125.0,2.3,18590.0,40890.0,2.2,6815.0,7074.0,1.04,18445.0,20270.0,1.1,0.0,0.0,0.0,207.0,193.0,0.93
2015-16,Rasuwa,1050.0,2520.0,2.4,2430.0,3850.0,1.58,715.0,1363.0,1.91,895.0,902.0,1.01,0.0,0.0,0.0,288.0,336.0,1.17
2015-16,Ramechhap,9020.0,21654.0,2.4,19345.0,48462.0,2.51,3852.0,8089.0,2.1,5060.0,5100.0,1.01,19.0,19.0,1.0,80.0,68.0,0.85
2015-16,Sindhuli,13265.0,35900.0,2.71,23620.0,58500.0,2.48,5650.0,14125.0,2.5,11700.0,11880.0,1.02,535.0,270.0,0.5,56.0,85.0,1.52
2015-16,Kavre,11308.0,33975.0,3.0,25354.0,60849.0,2.4,8925.0,21177.0,2.37,3515.0,4042.0,1.15,608.0,666.0,1.1,708.0,707.0,1.0
2015-16,Bhaktapur,4250.0,24400.0,5.74,1855.0,7605.0,4.1,3000.0,10500.0,3.5,110.0,156.0,1.42,0.0,0.0,0.0,46.0,47.0,1.02
2015-16,Lalitpur,4650.0,21166.0,4.55,8589.0,27485.0,3.2,3000.0,7800.0,2.6,560.0,575.0,1.03,54.0,53.0,0.98,51.0,29.0,0.57
2015-16,Kathmandu,7905.0,40200.0,5.09,9923.0,33650.0,3.39,3900.0,12480.0,3.2,852.0,860.0,1.01,5.0,5.0,1.0,4.0,4.0,1.0
2015-16,Nuwakot,15695.0,62627.0,3.99,20450.0,63800.0,3.12,4158.0,13306.0,3.2,5200.0,6000.0,1.15,200.0,245.0,1.23,187.0,157.0,0.84
2015-16,Dhading,11545.0,41369.0,3.58,19445.0,37538.0,1.93,4798.0,10220.0,2.13,6930.0,7095.0,1.02,0.0,0.0,0.0,329.0,330.0,1.0
2015-16,Makwanpur,11130.0,35500.0,3.19,23652.0,70956.0,3.0,4205.0,12280.0,2.92,2645.0,3306.0,1.25,185.0,205.0,1.11,202.0,236.0,1.17
2015-16,Dhanusa,35200.0,121100.0,3.44,2465.0,7800.0,3.16,40000.0,105000.0,2.62,300.0,300.0,1.0,0.0,0.0,0.0,1.0,1.0,1.0
2015-16,Mahottari,25400.0,83500.0,3.29,9200.0,26700.0,2.9,29000.0,63800.0,2.2,0.0,0.0,0.0,0.0,0.0,0.0,10.0,9.0,0.9
2015-16,Sarlahi,42540.0,117500.0,2.76,11140.0,48954.0,4.39,25622.0,60595.0,2.36,950.0,968.0,1.02,0.0,0.0,0.0,71.0,71.0,1.0
2015-16,Rautahat,30400.0,101100.0,3.33,2055.0,6800.0,3.31,15453.0,46780.0,3.03,62.0,63.0,1.02,0.0,0.0,0.0,4.0,5.0,1.25
2015-16,Bara,55400.0,143900.0,2.6,13400.0,42800.0,3.19,29150.0,87450.0,3.0,79.0,103.0,1.3,0.0,0.0,0.0,81.0,94.0,1.16
2015-16,Parsa,40500.0,152000.0,3.75,4075.0,14262.0,3.5,22532.0,73455.0,3.26,85.0,90.0,1.06,0.0,0.0,0.0,35.0,42.0,1.2
2015-16,Chitwan,27342.0,92925.0,3.4,9310.0,26200.0,2.81,6020.0,20119.0,3.34,1500.0,1630.0,1.09,0.0,0.0,0.0,30.0,42.0,1.4
2015-16,Manang,0.0,0.0,0.0,177.0,347.0,1.96,195.0,460.0,2.36,0.0,0.0,0.0,300.0,456.0,1.52,101.0,189.0,1.87
2015-16,Mustang,0.0,0.0,0.0,516.0,758.0,1.47,582.0,922.0,1.58,0.0,0.0,0.0,582.0,995.0,1.71,273.0,472.0,1.73
2015-16,Gorkha,9756.0,20292.0,2.08,17036.0,40887.0,2.4,3910.0,7234.0,1.85,11505.0,13780.0,1.2,394.0,399.0,1.01,109.0,112.0,1.03
2015-16,Lamjung,14059.0,37772.0,2.69,9650.0,22265.0,2.31,425.0,1190.0,2.8,7919.0,8861.0,1.12,15.0,16.0,1.07,28.0,25.0,0.89
2015-16,Tanahu,12538.0,44384.0,3.54,22000.0,66000.0,3.0,1880.0,3722.0,1.98,6340.0,6886.0,1.09,193.0,187.0,0.97,6.0,6.0,1.0
2015-16,Kaski,22000.0,75544.0,3.43,13773.0,31678.0,2.3,6820.0,12890.0,1.89,14667.0,17600.0,1.2,14.0,16.0,1.14,131.0,132.0,1.01
2015-16,Parbat,8830.0,20924.0,2.37,13930.0,25695.0,1.84,2615.0,6276.0,2.4,8630.0,8630.0,1.0,38.0,37.0,0.97,96.0,81.0,0.84
2015-16,Syangja,16800.0,59848.0,3.56,26500.0,81562.0,3.08,5600.0,9974.0,1.78,16405.0,18692.0,1.14,230.0,172.0,0.75,6.0,7.0,1.17
2015-16,Palpa,6820.0,30266.0,4.44,21583.0,42942.0,1.99,6240.0,12792.0,2.05,2535.0,2573.0,1.01,500.0,612.0,1.22,26.0,35.0,1.35
2015-16,Myagdi,3738.0,12090.0,3.23,9215.0,29488.0,3.2,3062.0,6768.0,2.21,2740.0,3493.0,1.27,148.0,150.0,1.01,307.0,372.0,1.21
2015-16,Baglung,5874.0,17849.0,3.04,19959.0,63771.0,3.2,6991.0,17038.0,2.44,18605.0,22173.0,1.19,84.0,121.0,1.44,976.0,1138.0,1.17
2015-16,Gulmi,9992.0,25815.0,2.58,23094.0,50674.0,2.19,7814.0,17465.0,2.24,2800.0,2895.0,1.03,212.0,271.0,1.28,374.0,628.0,1.68
2015-16,Arghakhanchi,8050.0,23345.0,2.9,16500.0,49350.0,2.99,7340.0,12952.0,1.76,2900.0,3080.0,1.06,275.0,280.0,1.02,354.0,396.0,1.12
2015-16,Nawalparasi,44500.0,157873.0,3.55,8252.0,12940.0,1.57,18745.0,37490.0,2.0,500.0,516.0,1.03,200.0,105.0,0.52,10.0,11.0,1.1
2015-16,Rupandehi,69600.0,275880.0,3.96,2500.0,9955.0,3.98,29400.0,79380.0,2.7,50.0,55.0,1.1,0.0,0.0,0.0,101.0,198.0,1.96
2015-16,Kapilbastu,58000.0,128520.0,2.22,3100.0,9500.0,3.06,27927.0,84451.0,3.02,0.0,0.0,0.0,0.0,0.0,0.0,202.0,330.0,1.63
2015-16,Dolpa,276.0,475.0,1.72,220.0,256.0,1.16,2600.0,3800.0,1.46,391.0,390.0,1.0,682.0,950.0,1.39,390.0,250.0,0.64
2015-16,Mugu,1400.0,2196.0,1.57,621.0,928.0,1.49,3136.0,3798.0,1.21,4275.0,4178.0,0.98,485.0,500.0,1.03,1527.0,1612.0,1.06
2015-16,Humla,574.0,443.0,0.77,118.0,94.0,0.8,1270.0,850.0,0.67,670.0,685.0,1.02,1018.0,1082.0,1.06,693.0,769.0,1.11
2015-16,Jumla,2900.0,5900.0,2.03,4505.0,6307.0,1.4,3840.0,4250.0,1.11,87.0,97.0,1.11,2382.0,4459.0,1.87,4035.0,6413.0,1.59
2015-16,Kalikot,2500.0,4726.0,1.89,2930.0,4445.0,1.52,1230.0,1558.0,1.27,90.0,139.0,1.54,5475.0,5856.0,1.07,1042.0,1946.0,1.87
2015-16,Rukum,3562.0,10481.0,2.94,16276.0,32274.0,1.98,918.0,1601.0,1.74,0.0,0.0,0.0,11772.0,25984.0,2.21,910.0,1037.0,1.14
2015-16,Rolpa,4715.0,11928.0,2.53,11665.0,26830.0,2.3,1061.0,1295.0,1.22,115.0,115.0,1.0,8334.0,20542.0,2.46,612.0,632.0,1.03
2015-16,Pyuthan,6525.0,23135.0,3.55,12043.0,22766.0,1.89,1990.0,2190.0,1.1,13.0,15.0,1.15,8411.0,18543.0,2.2,516.0,755.0,1.46
2015-16,Salyan,6951.0,25371.0,3.65,19395.0,39759.0,2.05,1053.0,1648.0,1.57,61.0,73.0,1.2,13220.0,25003.0,1.89,1079.0,1277.0,1.18
2015-16,Jajarkot,3063.0,5580.0,1.82,9365.0,15540.0,1.66,1850.0,1540.0,0.83,28.0,30.0,1.07,12680.0,14024.0,1.11,708.0,944.0,1.33
2015-16,Dailekh,8307.0,26529.0,3.19,20150.0,35292.0,1.75,2423.0,2450.0,1.01,27.0,30.0,1.11,19594.0,35449.0,1.81,202.0,236.0,1.17
2015-16,Surkhet,13252.0,42803.0,3.23,15251.0,33464.0,2.19,2095.0,2835.0,1.35,0.0,0.0,0.0,14710.0,37627.0,2.56,1042.0,1415.0,1.36
2015-16,Dang,36508.0,123870.0,3.39,23150.0,53043.0,2.29,15.0,15.0,1.0,20.0,21.0,1.05,12655.0,25310.0,2.0,25.0,28.0,1.12
2015-16,Banke,31900.0,92725.0,2.91,8500.0,18863.0,2.22,0.0,0.0,0.0,0.0,0.0,0.0,18359.0,49533.0,2.7,10.0,9.0,0.9
2015-16,Bardiya,48500.0,173500.0,3.58,1500.0,4837.0,3.22,0.0,0.0,0.0,0.0,0.0,0.0,18716.0,65033.0,3.47,10.0,9.0,0.9
2015-16,Bajura,3310.0,8606.0,2.6,790.0,1950.0,2.47,2610.0,2688.0,1.03,7.0,11.0,1.57,4950.0,4607.0,0.93,1072.0,910.0,0.85
2015-16,Bajhang,7006.0,21791.0,3.11,3680.0,5690.0,1.55,2268.0,2250.0,0.99,7.0,7.0,1.0,10982.0,13398.0,1.22,3726.0,3182.0,0.85
2015-16,Darchula,4480.0,10061.0,2.25,3858.0,6816.0,1.77,1310.0,1300.0,0.99,100.0,85.0,0.85,4465.0,8595.0,1.92,1200.0,905.0,0.75
2015-16,Achham,16571.0,31539.0,1.9,3650.0,10693.0,2.93,3413.0,3550.0,1.04,0.0,0.0,0.0,14300.0,21010.0,1.47,505.0,564.0,1.12
2015-16,Doti,10668.0,22114.0,2.07,3502.0,7354.0,2.1,4326.0,4912.0,1.14,5.0,5.0,1.0,12335.0,24670.0,2.0,210.0,189.0,0.9
2015-16,Baitadi,7000.0,16470.0,2.35,14500.0,18945.0,1.31,710.0,750.0,1.06,0.0,0.0,0.0,20900.0,16302.0,0.78,1000.0,620.0,0.62
2015-16,Dadeldhura,5225.0,17419.0,3.33,3745.0,10112.0,2.7,295.0,300.0,1.02,0.0,0.0,0.0,8465.0,16732.0,1.98,192.0,236.0,1.23
2015-16,Kailali,71250.0,233250.0,3.27,5550.0,15618.0,2.81,350.0,350.0,1.0,7.0,11.0,1.57,34000.0,78540.0,2.31,400.0,300.0,0.75
2015-16,Kanchanpur,45796.0,145207.0,3.17,2750.0,7125.0,2.59,0.0,0.0,0.0,0.0,0.0,0.0,31343.0,75439.0,2.41,10.0,9.0,0.9
2018-19,Taplejung,3877.0,10352.0,2.67,9968.0,34160.0,3.43,1538.0,2876.0,1.87,3005.0,4193.0,1.4,265.0,364.0,1.37,109.0,153.0,1.4
2018-19,Sankhuwasabha,12134.0,32519.0,2.68,12457.0,24154.0,1.94,715.0,1608.0,2.25,6663.0,8456.0,1.27,15.0,17.0,1.13,18.0,18.0,1.0
2018-19,Solukhumbu,1353.0,3572.0,2.64,13528.0,32751.0,2.42,2665.0,5103.0,1.91,1948.0,2672.0,1.37,171.0,185.0,1.08,294.0,264.0,0.9
2018-19,Panchthar,8134.0,21230.0,2.61,18879.0,37418.0,1.98,3055.0,7419.0,2.43,4751.0,9092.0,1.91,302.0,405.0,1.34,59.0,43.0,0.73
2018-19,Ilam,12887.0,38146.0,2.96,32798.0,120533.0,3.68,4720.0,15449.0,3.27,1692.0,1977.0,1.17,47.0,59.0,1.26,25.0,30.0,1.2
2018-19,Tehrathum,8534.0,20908.0,2.45,12897.0,31082.0,2.41,2401.0,4755.0,1.98,2604.0,2979.0,1.14,64.0,75.0,1.17,26.0,24.0,0.92
2018-19,Dhankuta,7021.0,24222.0,3.45,13467.0,41613.0,3.09,1302.0,2800.0,2.15,7934.0,9587.0,1.21,0.0,0.0,0.0,6.0,5.0,0.83
2018-19,Bhojpur,16197.0,38225.0,2.36,37629.0,99378.0,2.64,405.0,856.0,2.11,5531.0,6983.0,1.26,10.0,12.0,1.2,32.0,28.0,0.88
2018-19,Khotang,12192.0,34260.0,2.81,42621.0,94219.0,2.21,5169.0,12584.0,2.43,23744.0,26456.0,1.11,355.0,485.0,1.37,575.0,538.0,0.94
2018-19,Okhaldhunga,3928.0,10370.0,2.64,12937.0,33352.0,2.58,2210.0,4611.0,2.09,7988.0,15285.0,1.91,88.0,149.0,1.69,96.0,90.0,0.94
2018-19,Udayapur,14578.0,59041.0,4.05,17836.0,39846.0,2.23,5799.0,14020.0,2.42,2864.0,5631.0,1.97,33.0,58.0,1.76,17.0,16.0,0.94
2018-19,Jhapa,85879.0,365845.0,4.26,38913.0,151644.0,3.9,7500.0,29450.0,3.93,1224.0,1570.0,1.28,4.0,7.0,1.75,1032.0,1219.0,1.18
2018-19,Morang,87800.0,363492.0,4.14,17290.0,67103.0,3.88,12305.0,42773.0,3.48,1321.0,1606.0,1.22,0.0,0.0,0.0,59.0,62.0,1.05
2018-19,Sunsari,54214.0,215772.0,3.98,8896.0,24126.0,2.71,11848.0,47945.0,4.05,592.0,693.0,1.17,10.0,21.0,2.1,285.0,294.0,1.03
2018-19,Saptari,52241.0,183888.0,3.52,3854.0,10999.0,2.85,15273.0,53103.0,3.48,189.0,241.0,1.28,0.0,0.0,0.0,0.0,0.0,0.0
2018-19,Siraha,50197.0,172176.0,3.43,3816.0,8895.0,2.33,11777.0,39955.0,3.39,445.0,446.0,1.0,0.0,0.0,0.0,0.0,0.0,0.0
2018-19,Dolakha,2901.0,8210.0,2.83,6054.0,17018.0,2.81,4236.0,8260.0,1.95,3556.0,4759.0,1.34,145.0,173.0,1.19,899.0,1043.0,1.16
2018-19,Sindhupalchok,12547.0,36010.0,2.87,24687.0,69445.0,2.81,6927.0,8058.0,1.16,16659.0,21853.0,1.31,172.0,199.0,1.16,0.0,0.0,0.0
2018-19,Rasuwa,1256.0,4082.0,3.25,2507.0,6017.0,2.4,701.0,1371.0,1.96,831.0,890.0,1.07,254.0,324.0,1.28,0.0,0.0,0.0
2018-19,Ramechhap,8909.0,27885.0,3.13,22034.0,63370.0,2.88,3899.0,8816.0,2.26,4933.0,5701.0,1.16,62.0,80.0,1.29,17.0,17.0,1.0
2018-19,Sindhuli,14287.0,53576.0,3.75,25136.0,80284.0,3.19,5645.0,17318.0,3.07,11801.0,12954.0,1.1,42.0,66.0,1.57,498.0,474.0,0.95
2018-19,Kavre,11136.0,42762.0,3.84,24643.0,76590.0,3.11,8292.0,24030.0,2.9,3595.0,4176.0,1.16,357.0,596.0,1.67,593.0,593.0,1.0
2018-19,Bhaktapur,3979.0,19815.0,4.98,1998.0,8016.0,4.01,2172.0,11113.0,5.12,112.0,139.0,1.24,18.0,37.0,2.06,0.0,0.0,0.0
2018-19,Lalitpur,4211.0,18613.0,4.42,9165.0,31253.0,3.41,2601.0,8870.0,3.41,560.0,576.0,1.03,40.0,53.0,1.32,44.0,45.0,1.02
2018-19,Kathmandu,6015.0,26346.0,4.38,6420.0,24653.0,3.84,2141.0,8862.0,4.14,608.0,638.0,1.05,3.0,3.0,1.0,4.0,5.0,1.25
2018-19,Nuwakot,16678.0,72049.0,4.32,16879.0,59650.0,3.53,4134.0,14069.0,3.4,5158.0,6382.0,1.24,152.0,196.0,1.29,177.0,183.0,1.03
2018-19,Dhading,13864.0,61695.0,4.45,20678.0,58601.0,2.83,4638.0,12276.0,2.65,6933.0,6408.0,0.92,255.0,346.0,1.36,0.0,0.0,0.0
2018-19,Makwanpur,11520.0,45043.0,3.91,25886.0,81722.0,3.16,3915.0,13202.0,3.37,2774.0,3467.0,1.25,252.0,355.0,1.41,184.0,198.0,1.08
2018-19,Dhanusa,63112.0,251186.0,3.98,3284.0,9556.0,2.91,36290.0,116708.0,3.22,184.0,178.0,0.97,2.0,3.0,1.5,0.0,0.0,0.0
2018-19,Mahottari,40124.0,138829.0,3.46,9714.0,24907.0,2.56,24292.0,72050.0,2.97,0.0,0.0,0.0,8.0,8.0,1.0,0.0,0.0,0.0
2018-19,Sarlahi,48769.0,173618.0,3.56,11123.0,36050.0,3.24,22462.0,74138.0,3.3,747.0,653.0,0.87,62.0,69.0,1.11,0.0,0.0,0.0
2018-19,Rautahat,39519.0,134760.0,3.41,3416.0,10907.0,3.19,14982.0,53719.0,3.59,66.0,70.0,1.06,3.0,4.0,1.33,0.0,0.0,0.0
2018-19,Bara,61247.0,248663.0,4.06,11941.0,43477.0,3.64,27094.0,94329.0,3.48,69.0,75.0,1.09,39.0,85.0,2.18,0.0,0.0,0.0
2018-19,Parsa,46697.0,191925.0,4.11,4412.0,16973.0,3.85,21981.0,78563.0,3.57,0.0,0.0,0.0,30.0,41.0,1.37,0.0,0.0,0.0
2018-19,Chitwan,26539.0,105360.0,3.97,5763.0,21381.0,3.71,5055.0,23199.0,4.59,1483.0,1522.0,1.03,19.0,36.0,1.89,67.0,73.0,1.09
2018-19,Manang,0.0,0.0,0.0,68.0,107.0,1.57,199.0,278.0,1.4,0.0,0.0,0.0,109.0,191.0,1.75,263.0,491.0,1.87
2018-19,Mustang,0.0,0.0,0.0,551.0,920.0,1.67,544.0,1028.0,1.89,0.0,0.0,0.0,255.0,479.0,1.88,544.0,956.0,1.76
2018-19,Gorkha,12347.0,42474.0,3.44,17567.0,45253.0,2.58,3653.0,7951.0,2.18,11721.0,14903.0,1.27,97.0,138.0,1.42,358.0,374.0,1.04
2018-19,Lamjung,14576.0,49704.0,3.41,9935.0,23943.0,2.41,1627.0,1381.0,0.85,7511.0,7291.0,0.97,36.0,53.0,1.47,13.0,13.0,1.0
2018-19,Tanahu,11284.0,44797.0,3.97,22647.0,73693.0,3.25,1682.0,3821.0,2.27,6558.0,5905.0,0.9,5.0,5.0,1.0,169.0,170.0,1.01
2018-19,Kaski,20387.0,76451.0,3.75,13624.0,34632.0,2.54,5951.0,13303.0,2.24,15441.0,18973.0,1.23,110.0,171.0,1.55,12.0,15.0,1.25
2018-19,Parbat,8434.0,26483.0,3.14,13673.0,31721.0,2.32,2646.0,6775.0,2.56,8502.0,7997.0,0.94,79.0,104.0,1.32,44.0,45.0,1.02
2018-19,Syangja,15879.0,65739.0,4.14,26457.0,96489.0,3.65,5185.0,13446.0,2.59,15932.0,18544.0,1.16,4.0,5.0,1.25,213.0,211.0,0.99
2018-19,Palpa,7954.0,32691.0,4.11,21031.0,48624.0,2.31,5741.0,14710.0,2.56,2634.0,2792.0,1.06,19.0,33.0,1.74,432.0,407.0,0.94
2018-19,Myagdi,3884.0,13322.0,3.43,9431.0,32697.0,3.47,2861.0,7132.0,2.49,2531.0,3366.0,1.33,274.0,370.0,1.35,141.0,138.0,0.98
2018-19,Baglung,5987.0,21374.0,3.57,20697.0,72170.0,3.49,6493.0,15439.0,2.38,18163.0,22505.0,1.24,776.0,1115.0,1.44,76.0,111.0,1.46
2018-19,Gulmi,8524.0,27362.0,3.21,24086.0,61829.0,2.57,6601.0,19480.0,2.95,2997.0,3044.0,1.02,242.0,425.0,1.76,213.0,254.0,1.19
2018-19,Arghakhanchi,7425.0,24131.0,3.25,16729.0,57715.0,3.45,5446.0,16067.0,2.95,499.0,639.0,1.28,219.0,387.0,1.77,248.0,223.0,0.9
2018-19,Nawalparasi,42008.0,174690.0,4.16,9302.0,23366.0,2.51,16818.0,46043.0,2.74,472.0,488.0,1.03,13.0,16.0,1.23,159.0,156.0,0.98
2018-19,Rupandehi,64213.0,266484.0,4.15,2691.0,10522.0,3.91,26460.0,91832.0,3.47,41.0,46.0,1.12,75.0,194.0,2.59,0.0,0.0,0.0
2018-19,Kapilbastu,67216.0,237945.0,3.54,2688.0,9803.0,3.65,25667.0,103935.0,4.05,0.0,0.0,0.0,178.0,328.0,1.84,0.0,0.0,0.0
2018-19,Dolpa,198.0,333.0,1.68,2308.0,3148.0,1.36,2794.0,5015.0,1.79,277.0,302.0,1.09,355.0,344.0,0.97,644.0,681.0,1.06
2018-19,Mugu,903.0,1201.0,1.33,588.0,934.0,1.59,3255.0,3282.0,1.01,4219.0,3250.0,0.77,1036.0,1149.0,1.11,455.0,431.0,0.95
2018-19,Humla,567.0,919.0,1.62,141.0,255.0,1.81,957.0,1263.0,1.32,1294.0,1497.0,1.16,614.0,799.0,1.3,632.0,770.0,1.22
2018-19,Jumla,2821.0,6545.0,2.32,4327.0,6534.0,1.51,2310.0,4204.0,1.82,3698.0,3885.0,1.05,3379.0,5732.0,1.7,77.0,79.0,1.03
2018-19,Kalikot,2454.0,5791.0,2.36,2998.0,6569.0,2.19,5039.0,6119.0,1.21,1228.0,1290.0,1.05,829.0,1252.0,1.51,111.0,126.0,1.14
2018-19,Rukum,3510.0,9358.0,2.67,16938.0,39668.0,2.34,10932.0,28496.0,2.61,921.0,1223.0,1.33,812.0,1020.0,1.26,0.0,0.0,0.0
2018-19,Rolpa,4407.0,14323.0,3.25,13264.0,34314.0,2.59,8417.0,24693.0,2.93,1024.0,1162.0,1.13,560.0,654.0,1.17,114.0,102.0,0.89
2018-19,Pyuthan,6264.0,24492.0,3.91,11354.0,25172.0,2.22,8036.0,24885.0,3.1,2088.0,2324.0,1.11,467.0,762.0,1.63,11.0,12.0,1.09
2018-19,Salyan,6712.0,27452.0,4.09,20679.0,47334.0,2.29,13914.0,32327.0,2.32,1015.0,1126.0,1.11,952.0,1270.0,1.33,58.0,68.0,1.17
2018-19,Jajarkot,2451.0,9093.0,3.71,14693.0,36248.0,2.47,14003.0,21634.0,1.54,1724.0,1916.0,1.11,618.0,694.0,1.12,28.0,26.0,0.93
2018-19,Dailekh,7987.0,26597.0,3.33,21331.0,52112.0,2.44,17785.0,30953.0,1.74,2489.0,2865.0,1.15,178.0,207.0,1.16,24.0,24.0,1.0
2018-19,Surkhet,12679.0,50970.0,4.02,15781.0,44092.0,2.79,14179.0,42122.0,2.97,2066.0,2934.0,1.42,929.0,1420.0,1.53,0.0,0.0,0.0
2018-19,Dang,35728.0,149343.0,4.18,25691.0,62095.0,2.42,11772.0,30048.0,2.55,15.0,16.0,1.07,22.0,27.0,1.23,18.0,18.0,1.0
2018-19,Banke,34182.0,107673.0,3.15,9183.0,20386.0,2.22,17798.0,66521.0,3.74,0.0,0.0,0.0,9.0,10.0,1.11,0.0,0.0,0.0
2018-19,Bardiya,49236.0,212207.0,4.31,2697.0,7921.0,2.94,17638.0,67057.0,3.8,0.0,0.0,0.0,9.0,10.0,1.11,0.0,0.0,0.0
2018-19,Bajura,2917.0,6534.0,2.24,904.0,1444.0,1.6,6664.0,6265.0,0.94,2545.0,2588.0,1.02,955.0,958.0,1.0,7.0,11.0,1.57
2018-19,Bajhang,6431.0,22766.0,3.54,4164.0,5792.0,1.39,10260.0,16138.0,1.57,2736.0,2057.0,0.75,3971.0,2943.0,0.74,6.0,7.0,1.17
2018-19,Darchula,4197.0,11542.0,2.75,5739.0,12236.0,2.13,6581.0,9688.0,1.47,1374.0,1133.0,0.82,1069.0,866.0,0.81,92.0,95.0,1.03
2018-19,Achham,15467.0,34955.0,2.26,6907.0,16349.0,2.37,14460.0,25207.0,1.74,3430.0,3840.0,1.12,446.0,544.0,1.22,0.0,0.0,0.0
2018-19,Doti,9938.0,23454.0,2.36,3642.0,8595.0,2.36,12334.0,27770.0,2.25,4577.0,4933.0,1.08,187.0,175.0,0.94,12.0,11.0,0.92
2018-19,Baitadi,7624.0,19365.0,2.54,14990.0,27791.0,1.85,19527.0,21961.0,1.12,352.0,408.0,1.16,885.0,599.0,0.68,0.0,0.0,0.0
2018-19,Dadeldhura,5917.0,23372.0,3.95,3871.0,14280.0,3.69,9560.0,19363.0,2.03,259.0,304.0,1.17,175.0,238.0,1.36,0.0,0.0,0.0
2018-19,Kailali,68347.0,284324.0,4.16,6386.0,18334.0,2.87,34994.0,109234.0,3.12,363.0,369.0,1.02,175.0,345.0,1.97,21.0,26.0,1.24
2018-19,Kanchanpur,46215.0,179314.0,3.88,3168.0,7404.0,2.34,33073.0,84544.0,2.56,0.0,0.0,0.0,8.0,10.0,1.25,0.0,0.0,0.0
2019-20,Taplejung,7538.0,19270.0,2.56,9598.0,26874.0,2.8,1535.0,3546.0,2.31,3008.0,4181.0,1.39,103.0,140.0,1.36,270.0,402.0,1.49
2019-20,Sankhuwasabha,12054.0,34292.0,2.84,12858.0,28147.0,2.19,715.0,1681.0,2.35,6361.0,8029.0,1.26,18.0,18.0,1.0,13.0,17.0,1.31
2019-20,Solukhumbu,1325.0,3688.0,2.78,14050.0,35309.0,2.51,2669.0,5603.0,2.1,1827.0,2460.0,1.35,297.0,288.0,0.97,165.0,193.0,1.17
2019-20,Panchthar,8243.0,22687.0,2.75,18983.0,41103.0,2.17,3904.0,8433.0,2.16,4550.0,8432.0,1.85,62.0,49.0,0.79,305.0,446.0,1.46
2019-20,Ilam,11845.0,37899.0,3.2,33815.0,126458.0,3.74,4608.0,13822.0,3.0,1782.0,2406.0,1.35,28.0,33.0,1.18,52.0,64.0,1.23
2019-20,Tehrathum,7140.0,19678.0,2.76,12117.0,32615.0,2.69,2400.0,5064.0,2.11,2603.0,3269.0,1.26,23.0,22.0,0.96,64.0,85.0,1.33
2019-20,Dhankuta,6963.0,23245.0,3.34,14004.0,45647.0,3.26,1302.0,2930.0,2.25,7530.0,9421.0,1.25,7.0,7.0,1.0,0.0,0.0,0.0
2019-20,Bhojpur,14112.0,33475.0,2.37,36121.0,99213.0,2.75,400.0,820.0,2.05,5429.0,6980.0,1.29,35.0,32.0,0.91,12.0,17.0,1.42
2019-20,Khotang,12105.0,34674.0,2.86,42945.0,98986.0,2.3,5030.0,11569.0,2.3,23535.0,26496.0,1.13,580.0,537.0,0.93,350.0,529.0,1.51
2019-20,Okhaldhunga,3222.0,8912.0,2.77,12400.0,35844.0,2.89,2145.0,4569.0,2.13,7585.0,14361.0,1.89,91.0,90.0,0.99,80.0,106.0,1.32
2019-20,Udayapur,13811.0,54188.0,3.92,17907.0,42350.0,2.36,5130.0,14108.0,2.75,2963.0,5589.0,1.89,16.0,17.0,1.06,25.0,39.0,1.56
2019-20,Jhapa,84875.0,373732.0,4.4,39302.0,158985.0,4.05,7125.0,23014.0,3.23,1153.0,1495.0,1.3,1110.0,1353.0,1.22,5.0,9.0,1.8
2019-20,Morang,86634.0,367070.0,4.24,17255.0,68286.0,3.96,12639.0,39434.0,3.12,1218.0,1507.0,1.24,62.0,69.0,1.11,0.0,0.0,0.0
2019-20,Sunsari,53350.0,212735.0,3.99,8949.0,27900.0,3.12,12959.0,42117.0,3.25,499.0,575.0,1.15,291.0,306.0,1.05,11.0,24.0,2.18
2019-20,Saptari,49519.0,176508.0,3.56,3922.0,12517.0,3.19,15314.0,54343.0,3.55,181.0,227.0,1.25,0.0,0.0,0.0,0.0,0.0,0.0
2019-20,Siraha,47707.0,167729.0,3.52,3991.0,11993.0,3.01,11781.0,41287.0,3.5,435.0,450.0,1.03,0.0,0.0,0.0,0.0,0.0,0.0
2019-20,Dolakha,2814.0,8133.0,2.89,5718.0,16684.0,2.92,4248.0,8454.0,1.99,3635.0,5133.0,1.41,901.0,1097.0,1.22,146.0,175.0,1.2
2019-20,Sindhupalchok,11981.0,35547.0,2.97,25168.0,70470.0,2.8,6908.0,13954.0,2.02,16952.0,22079.0,1.3,0.0,0.0,0.0,172.0,205.0,1.19
2019-20,Rasuwa,1172.0,3999.0,3.41,2298.0,6088.0,2.65,689.0,1385.0,2.01,828.0,814.0,0.98,0.0,0.0,0.0,253.0,336.0,1.33
2019-20,Ramechhap,8762.0,27447.0,3.13,21686.0,62121.0,2.86,3875.0,9106.0,2.35,4831.0,5399.0,1.12,16.0,17.0,1.06,63.0,85.0,1.35
2019-20,Sindhuli,13947.0,52728.0,3.78,25657.0,81197.0,3.16,6875.0,19388.0,2.82,11934.0,12163.0,1.02,505.0,486.0,0.96,41.0,65.0,1.59
2019-20,Kavre,10755.0,42101.0,3.91,24823.0,80137.0,3.23,8860.0,26591.0,3.0,3444.0,3490.0,1.01,563.0,581.0,1.03,367.0,599.0,1.63
2019-20,Bhaktapur,3925.0,19705.0,5.02,1951.0,8377.0,4.29,2094.0,10488.0,5.01,115.0,155.0,1.35,0.0,0.0,0.0,17.0,35.0,2.06
2019-20,Lalitpur,4175.0,18579.0,4.45,9203.0,34659.0,3.77,2512.0,8671.0,3.45,572.0,646.0,1.13,46.0,47.0,1.02,38.0,55.0,1.45
2019-20,Kathmandu,5959.0,26518.0,4.45,5532.0,23192.0,4.19,2075.0,9155.0,4.41,613.0,742.0,1.21,4.0,5.0,1.25,3.0,4.0,1.33
2019-20,Nuwakot,16129.0,70535.0,4.37,16218.0,62235.0,3.84,4165.0,13745.0,3.3,5245.0,6926.0,1.32,178.0,187.0,1.05,152.0,198.0,1.3
2019-20,Dhading,12811.0,57268.0,4.47,20860.0,62939.0,3.02,4560.0,13602.0,2.98,6940.0,7175.0,1.03,0.0,0.0,0.0,252.0,350.0,1.39
2019-20,Makwanpur,11395.0,43565.0,3.82,26169.0,85580.0,3.27,3929.0,14532.0,3.7,2773.0,3308.0,1.19,185.0,202.0,1.09,250.0,348.0,1.39
2019-20,Dhanusa,57401.0,228618.0,3.98,3469.0,10989.0,3.17,36374.0,120724.0,3.32,174.0,177.0,1.02,0.0,0.0,0.0,2.0,2.0,1.0
2019-20,Mahottari,38200.0,132717.0,3.47,9733.0,28853.0,2.96,24373.0,74671.0,3.06,0.0,0.0,0.0,0.0,0.0,0.0,8.0,9.0,1.12
2019-20,Sarlahi,46468.0,168208.0,3.62,11276.0,37620.0,3.34,22479.0,76592.0,3.41,702.0,627.0,0.89,0.0,0.0,0.0,62.0,71.0,1.15
2019-20,Rautahat,36750.0,126558.0,3.44,3506.0,12421.0,3.54,14987.0,55831.0,3.73,70.0,73.0,1.04,0.0,0.0,0.0,3.0,5.0,1.67
2019-20,Bara,56116.0,232179.0,4.14,11915.0,44229.0,3.71,27137.0,97438.0,3.59,75.0,87.0,1.16,0.0,0.0,0.0,38.0,85.0,2.24
2019-20,Parsa,45450.0,187920.0,4.13,4580.0,17018.0,3.72,21992.0,80822.0,3.68,0.0,0.0,0.0,0.0,0.0,0.0,29.0,42.0,1.45
2019-20,Chitwan,26005.0,104075.0,4.0,5986.0,24083.0,4.02,5088.0,19360.0,3.81,1473.0,1645.0,1.12,70.0,77.0,1.1,18.0,34.0,1.89
2019-20,Manang,0.0,0.0,0.0,70.0,111.0,1.59,202.0,305.0,1.51,0.0,0.0,0.0,262.0,491.0,1.87,109.0,189.0,1.73
2019-20,Mustang,0.0,0.0,0.0,565.0,967.0,1.71,535.0,887.0,1.66,0.0,0.0,0.0,541.0,953.0,1.76,254.0,471.0,1.85
2019-20,Gorkha,11195.0,38611.0,3.45,17703.0,47656.0,2.69,3561.0,8298.0,2.33,11816.0,15654.0,1.32,359.0,380.0,1.06,100.0,141.0,1.41
2019-20,Lamjung,13575.0,46996.0,3.46,10098.0,26397.0,2.61,1596.0,3910.0,2.45,7708.0,8331.0,1.08,16.0,15.0,0.94,39.0,57.0,1.46
2019-20,Tanahu,10807.0,42824.0,3.96,22835.0,73594.0,3.22,1643.0,4119.0,2.51,6656.0,6587.0,0.99,176.0,176.0,1.0,6.0,6.0,1.0
2019-20,Kaski,18394.0,70594.0,3.84,14111.0,37149.0,2.63,5650.0,13061.0,2.31,15434.0,20706.0,1.34,12.0,14.0,1.17,109.0,175.0,1.61
2019-20,Parbat,7849.0,25446.0,3.24,13958.0,34843.0,2.5,2656.0,6772.0,2.55,8499.0,8417.0,0.99,50.0,51.0,1.02,81.0,105.0,1.3
2019-20,Syangja,16093.0,66855.0,4.15,26275.0,96452.0,3.67,5098.0,14509.0,2.85,15926.0,20004.0,1.26,221.0,220.0,1.0,4.0,6.0,1.5
2019-20,Palpa,7601.0,32084.0,4.22,21185.0,55766.0,2.63,5744.0,15673.0,2.73,2655.0,3109.0,1.17,410.0,407.0,0.99,19.0,35.0,1.84
2019-20,Myagdi,3850.0,12974.0,3.37,9180.0,31149.0,3.39,2812.0,7116.0,2.53,2530.0,3296.0,1.3,144.0,142.0,0.99,279.0,372.0,1.33
2019-20,Baglung,5580.0,19132.0,3.43,20420.0,72351.0,3.54,6384.0,16638.0,2.61,18255.0,22856.0,1.25,79.0,112.0,1.42,774.0,1137.0,1.47
2019-20,Gulmi,8090.0,26640.0,3.29,24451.0,63269.0,2.59,6617.0,19586.0,2.96,2896.0,3261.0,1.13,203.0,245.0,1.21,243.0,424.0,1.74
2019-20,Arghakhanchi,6819.0,22597.0,3.31,16041.0,51063.0,3.18,5451.0,16025.0,2.94,505.0,568.0,1.12,236.0,216.0,0.92,200.0,386.0,1.93
2019-20,Nawalparasi,42529.0,175659.0,4.13,9175.0,28237.0,3.08,16672.0,48770.0,2.93,482.0,521.0,1.08,156.0,154.0,0.99,13.0,16.0,1.23
2019-20,Rupandehi,63882.0,264839.0,4.15,2639.0,10359.0,3.93,26819.0,95497.0,3.56,46.0,52.0,1.13,0.0,0.0,0.0,74.0,188.0,2.54
2019-20,Kapilbastu,66495.0,233470.0,3.51,2651.0,9938.0,3.75,26118.0,103167.0,3.95,0.0,0.0,0.0,0.0,0.0,0.0,177.0,330.0,1.86
2019-20,Dolpa,201.0,360.0,1.79,2354.0,3729.0,1.58,2779.0,5114.0,1.84,277.0,305.0,1.1,646.0,679.0,1.05,354.0,355.0,1.0
2019-20,Mugu,915.0,1285.0,1.4,589.0,941.0,1.6,3201.0,3986.0,1.25,4218.0,4126.0,0.98,456.0,433.0,0.95,1034.0,1158.0,1.12
2019-20,Humla,555.0,925.0,1.67,146.0,266.0,1.82,941.0,1362.0,1.45,1294.0,1383.0,1.07,636.0,773.0,1.22,622.0,812.0,1.31
2019-20,Jumla,2800.0,5788.0,2.07,4404.0,6858.0,1.56,2271.0,5396.0,2.38,3696.0,3924.0,1.06,79.0,83.0,1.05,3405.0,5819.0,1.71
2019-20,Kalikot,2527.0,6061.0,2.4,3030.0,6973.0,2.3,4953.0,6797.0,1.37,1227.0,1339.0,1.09,112.0,128.0,1.14,821.0,1298.0,1.58
2019-20,Rukum,3554.0,9476.0,2.67,18745.0,42600.0,2.27,10846.0,30257.0,2.79,929.0,1220.0,1.31,0.0,0.0,0.0,826.0,1046.0,1.27
2019-20,Rolpa,4490.0,14407.0,3.21,13438.0,34482.0,2.57,8407.0,24884.0,2.96,1113.0,1276.0,1.15,108.0,98.0,0.91,556.0,661.0,1.19
2019-20,Pyuthan,6250.0,24030.0,3.84,11306.0,27986.0,2.48,7951.0,23693.0,2.98,2182.0,2672.0,1.22,11.0,11.0,1.0,468.0,764.0,1.63
2019-20,Salyan,7012.0,28500.0,4.06,20005.0,49386.0,2.47,13992.0,43375.0,3.1,1020.0,1194.0,1.17,60.0,71.0,1.18,950.0,1276.0,1.34
2019-20,Jajarkot,2845.0,10111.0,3.55,14047.0,37262.0,2.65,13774.0,29201.0,2.12,1813.0,1855.0,1.02,28.0,27.0,0.96,616.0,699.0,1.13
2019-20,Dailekh,7982.0,25589.0,3.21,21512.0,54527.0,2.53,17497.0,42868.0,2.45,2538.0,2698.0,1.06,26.0,26.0,1.0,181.0,236.0,1.3
2019-20,Surkhet,12276.0,50999.0,4.15,15011.0,43844.0,2.92,13941.0,42425.0,3.04,2215.0,2957.0,1.33,0.0,0.0,0.0,931.0,1424.0,1.53
2019-20,Dang,35556.0,148913.0,4.19,26250.0,75081.0,2.86,11783.0,32993.0,2.8,14.0,15.0,1.07,17.0,17.0,1.0,23.0,28.0,1.22
2019-20,Banke,31500.0,109500.0,3.48,9336.0,25913.0,2.78,17840.0,68428.0,3.84,0.0,0.0,0.0,0.0,0.0,0.0,8.0,11.0,1.38
2019-20,Bardiya,49753.0,213972.0,4.3,2758.0,8112.0,2.94,17711.0,69043.0,3.9,0.0,0.0,0.0,0.0,0.0,0.0,8.0,12.0,1.5
2019-20,Bajura,4200.0,10500.0,2.5,914.0,1460.0,1.6,6660.0,9324.0,1.4,2494.0,2531.0,1.01,7.0,11.0,1.57,976.0,990.0,1.01
2019-20,Bajhang,7006.0,23865.0,3.41,4186.0,5859.0,1.4,10187.0,15571.0,1.53,2735.0,2187.0,0.8,6.0,7.0,1.17,3941.0,3097.0,0.79
2019-20,Darchula,4180.0,11528.0,2.76,5799.0,13423.0,2.31,6580.0,14213.0,2.16,1254.0,1169.0,0.93,88.0,91.0,1.03,1060.0,884.0,0.83
2019-20,Achham,16580.0,34818.0,2.1,6540.0,17697.0,2.71,14419.0,30714.0,2.13,3538.0,3649.0,1.03,0.0,0.0,0.0,445.0,564.0,1.27
2019-20,Doti,10710.0,29988.0,2.8,3474.0,8712.0,2.51,12328.0,27482.0,2.23,4575.0,5440.0,1.19,12.0,11.0,0.92,191.0,189.0,0.99
2019-20,Baitadi,8545.0,18190.0,2.13,14999.0,29005.0,1.93,19497.0,41334.0,2.12,350.0,399.0,1.14,0.0,0.0,0.0,885.0,620.0,0.7
2019-20,Dadeldhura,5876.0,22211.0,3.78,3811.0,13491.0,3.54,9009.0,22073.0,2.45,269.0,338.0,1.26,0.0,0.0,0.0,174.0,240.0,1.38
2019-20,Kailali,71710.0,306202.0,4.27,6405.0,18691.0,2.92,35950.0,140545.0,3.91,352.0,398.0,1.13,22.0,27.0,1.23,176.0,370.0,2.1
2019-20,Kanchanpur,48475.0,188757.0,3.89,3271.0,8959.0,2.74,34554.0,133032.0,3.85,0.0,0.0,0.0,0.0,0.0,0.0,8.0,12.0,1.5
2020-21,Taplejung,7437.0,18944.0,2.55,9718.0,30740.0,3.16,1540.0,2889.0,1.88,3041.0,4252.0,1.4,113.0,143.0,1.27,269.0,405.0,1.51
2020-21,Sankhuwasabha,11769.0,32256.0,2.74,11885.0,29054.0,2.44,715.0,1616.0,2.26,6431.0,8166.0,1.27,20.0,19.0,0.95,12.0,16.0,1.33
2020-21,Solukhumbu,1410.0,3911.0,2.77,14080.0,36446.0,2.59,2669.0,5315.0,1.99,1847.0,2502.0,1.35,299.0,295.0,0.99,162.0,193.0,1.19
2020-21,Panchthar,7590.0,21147.0,2.79,19023.0,42426.0,2.23,3903.0,6479.0,1.66,4600.0,8576.0,1.86,67.0,50.0,0.75,299.0,431.0,1.44
2020-21,Ilam,11279.0,36855.0,3.27,33886.0,130530.0,3.85,4585.0,14463.0,3.15,1801.0,2447.0,1.36,30.0,34.0,1.13,49.0,59.0,1.2
2020-21,Tehrathum,7171.0,19812.0,2.76,12142.0,33665.0,2.77,2399.0,5798.0,2.42,2632.0,3325.0,1.26,25.0,22.0,0.88,64.0,85.0,1.33
2020-21,Dhankuta,6196.0,22160.0,3.58,14033.0,47117.0,3.36,1302.0,2734.0,2.1,7613.0,9582.0,1.26,8.0,7.0,0.88,39.0,32.0,0.82
2020-21,Bhojpur,14043.0,31900.0,2.27,36197.0,98407.0,2.72,395.0,454.0,1.15,5489.0,7099.0,1.29,39.0,32.0,0.82,10.0,15.0,1.5
2020-21,Khotang,11749.0,30972.0,2.64,43035.0,99173.0,2.3,5030.0,11020.0,2.19,23794.0,26949.0,1.13,435.0,551.0,1.27,341.0,522.0,1.53
2020-21,Okhaldhunga,3921.0,10383.0,2.65,11426.0,35998.0,3.15,2145.0,5325.0,2.48,7668.0,14607.0,1.9,100.0,92.0,0.92,75.0,107.0,1.43
2020-21,Udayapur,14102.0,55051.0,3.9,17945.0,43714.0,2.44,5130.0,12825.0,2.5,2996.0,5685.0,1.9,17.0,17.0,1.0,29.0,43.0,1.48
2020-21,Jhapa,93364.0,404157.0,4.33,39385.0,159105.0,4.04,7000.0,23600.0,3.37,1166.0,1520.0,1.3,1016.0,1389.0,1.37,4.0,8.0,2.0
2020-21,Morang,86853.0,369195.0,4.25,17991.0,69485.0,3.86,12640.0,38440.0,3.04,1231.0,1533.0,1.25,68.0,71.0,1.04,68.0,71.0,1.04
2020-21,Sunsari,53555.0,218810.0,4.09,8968.0,28799.0,3.21,12765.0,41486.0,3.25,505.0,585.0,1.16,319.0,314.0,0.98,14.0,22.0,1.57
2020-21,Saptari,50325.0,178045.0,3.54,3930.0,12920.0,3.29,15317.0,53300.0,3.48,183.0,231.0,1.26,0.0,0.0,0.0,12.0,19.0,1.58
2020-21,Siraha,48925.0,174077.0,3.56,3699.0,12379.0,3.35,11784.0,40254.0,3.42,440.0,458.0,1.04,0.0,0.0,0.0,19.0,25.0,1.32
2020-21,Dolakha,2814.0,7457.0,2.65,5730.0,17221.0,3.01,4246.0,7515.0,1.77,3675.0,5221.0,1.42,935.0,876.0,0.94,136.0,165.0,1.21
2020-21,Sindhupalchok,11982.0,36283.0,3.03,25221.0,72739.0,2.88,6904.0,8723.0,1.26,17139.0,22457.0,1.31,200.0,170.0,0.85,172.0,205.0,1.19
2020-21,Rasuwa,1233.0,2749.0,2.23,2302.0,6284.0,2.73,761.0,1232.0,1.62,838.0,828.0,0.99,19.0,16.0,0.84,243.0,335.0,1.38
2020-21,Ramechhap,7954.0,24578.0,3.09,21731.0,64122.0,2.95,3674.0,8560.0,2.33,4884.0,5492.0,1.12,18.0,16.0,0.89,63.0,85.0,1.35
2020-21,Sindhuli,12878.0,47486.0,3.69,24711.0,83812.0,3.39,6354.0,16890.0,2.66,12065.0,12371.0,1.03,570.0,455.0,0.8,41.0,65.0,1.59
2020-21,Kavre,11058.0,43369.0,3.92,24875.0,82717.0,3.33,8860.0,26483.0,2.99,3482.0,3550.0,1.02,750.0,700.0,0.93,360.0,588.0,1.63
2020-21,Bhaktapur,3979.0,20094.0,5.05,1955.0,8646.0,4.42,3450.0,14409.0,4.18,116.0,158.0,1.36,0.0,0.0,0.0,17.0,35.0,2.06
2020-21,Lalitpur,4211.0,18107.0,4.3,8223.0,33775.0,4.11,3485.0,11858.0,3.4,578.0,657.0,1.14,50.0,48.0,0.96,38.0,55.0,1.45
2020-21,Kathmandu,6015.0,26887.0,4.47,5544.0,22939.0,4.14,2565.0,9148.0,3.57,620.0,754.0,1.22,6.0,6.0,1.0,2.0,4.0,2.0
2020-21,Nuwakot,17098.0,69411.0,4.06,15952.0,60239.0,3.78,4495.0,17044.0,3.79,5303.0,7044.0,1.33,194.0,191.0,0.98,152.0,198.0,1.3
2020-21,Dhading,13664.0,57370.0,4.2,19904.0,61965.0,3.11,4748.0,14056.0,2.96,7017.0,7298.0,1.04,12.0,12.0,1.0,252.0,350.0,1.39
2020-21,Makwanpur,11470.0,42421.0,3.7,24224.0,78335.0,3.23,4128.0,13622.0,3.3,2803.0,3365.0,1.2,172.0,188.0,1.09,245.0,344.0,1.4
2020-21,Dhanusa,58353.0,233553.0,4.0,3476.0,11343.0,3.26,36383.0,118628.0,3.26,176.0,180.0,1.02,0.0,0.0,0.0,7.0,9.0,1.29
2020-21,Mahottari,39436.0,150438.0,3.81,9754.0,29783.0,3.05,28379.0,92611.0,3.26,0.0,0.0,0.0,0.0,0.0,0.0,8.0,9.0,1.12
2020-21,Sarlahi,46600.0,170287.0,3.65,12299.0,40831.0,3.32,22484.0,71531.0,3.18,709.0,638.0,0.9,0.0,0.0,0.0,62.0,71.0,1.15
2020-21,Rautahat,36998.0,129953.0,3.51,3513.0,12821.0,3.65,14991.0,52786.0,3.52,71.0,74.0,1.04,0.0,0.0,0.0,3.0,5.0,1.67
2020-21,Bara,58625.0,220381.0,3.76,11940.0,46653.0,3.91,27143.0,97360.0,3.59,76.0,88.0,1.16,0.0,0.0,0.0,38.0,85.0,2.24
2020-21,Parsa,43013.0,176084.0,4.09,4589.0,18566.0,4.05,21998.0,81758.0,3.72,0.0,0.0,0.0,0.0,0.0,0.0,29.0,42.0,1.45
2020-21,Chitwan,28457.0,113376.0,3.98,26019.0,98644.0,3.79,5151.0,23248.0,4.51,1489.0,1673.0,1.12,1150.0,920.0,0.8,15.0,33.0,2.2
2020-21,Manang,0.0,0.0,0.0,70.0,115.0,1.64,202.0,305.0,1.51,0.0,0.0,0.0,286.0,504.0,1.76,111.0,175.0,1.58
2020-21,Mustang,0.0,0.0,0.0,566.0,998.0,1.76,535.0,887.0,1.66,0.0,0.0,0.0,503.0,978.0,1.94,244.0,465.0,1.91
2020-21,Gorkha,11287.0,39063.0,3.46,17740.0,49191.0,2.77,3562.0,8291.0,2.33,11946.0,15921.0,1.33,293.0,390.0,1.33,100.0,141.0,1.41
2020-21,Lamjung,14332.0,48260.0,3.37,20119.0,42247.0,2.1,1596.0,3907.0,2.45,7793.0,8473.0,1.09,17.0,15.0,0.88,39.0,57.0,1.46
2020-21,Tanahu,10525.0,41448.0,3.94,22883.0,75963.0,3.32,1743.0,4116.0,2.36,6729.0,6700.0,1.0,192.0,181.0,0.94,6.0,6.0,1.0
2020-21,Kaski,18577.0,71061.0,3.83,14140.0,38345.0,2.71,6820.0,17201.0,2.52,15604.0,21060.0,1.35,13.0,14.0,1.08,109.0,175.0,1.61
2020-21,Parbat,7325.0,23933.0,3.27,13987.0,34965.0,2.5,2646.0,6767.0,2.56,8592.0,8560.0,1.0,55.0,52.0,0.95,81.0,105.0,1.3
2020-21,Syangja,15993.0,65191.0,4.08,26330.0,98557.0,3.74,5099.0,14498.0,2.84,16101.0,20346.0,1.26,242.0,226.0,0.93,4.0,6.0,1.5
2020-21,Palpa,7850.0,27858.0,3.55,21230.0,55562.0,2.62,5795.0,14660.0,2.53,2684.0,3162.0,1.18,409.0,478.0,1.17,15.0,25.0,1.67
2020-21,Myagdi,3842.0,12602.0,3.28,9199.0,32153.0,3.5,2113.0,7110.0,3.36,2558.0,3352.0,1.31,157.0,146.0,0.93,279.0,372.0,1.33
2020-21,Baglung,5707.0,18261.0,3.2,19863.0,65680.0,3.31,6900.0,17319.0,2.51,18456.0,23247.0,1.26,87.0,115.0,1.32,644.0,1133.0,1.76
2020-21,Gulmi,8411.0,26049.0,3.1,24502.0,67306.0,2.75,6699.0,19571.0,2.92,2927.0,3317.0,1.13,243.0,424.0,1.74,243.0,424.0,1.74
2020-21,Arghakhanchi,6385.0,21219.0,3.32,16075.0,51707.0,3.22,5782.0,16012.0,2.77,511.0,577.0,1.13,310.0,372.0,1.2,196.0,376.0,1.92
2020-21,Nawalparasi,42332.0,181739.0,4.29,9494.0,24346.0,2.56,16303.0,47895.0,2.94,259228.0,292238.0,1.13,875.0,816.0,0.93,13.0,16.0,1.23
2020-21,Rupandehi,64158.0,271771.0,4.24,3145.0,10693.0,3.4,26118.0,103167.0,3.95,46.0,53.0,1.15,74.0,89.0,1.2,74.0,145.0,1.96
2020-21,Kapilbastu,64362.0,234878.0,3.65,2657.0,10258.0,3.86,26725.0,99085.0,3.71,0.0,0.0,0.0,75.0,78.0,1.04,177.0,330.0,1.86
2020-21,Dolpa,198.0,395.0,1.99,2359.0,3749.0,1.59,3000.0,4010.0,1.34,280.0,310.0,1.11,807.0,997.0,1.24,334.0,345.0,1.03
2020-21,Mugu,894.0,1532.0,1.71,560.0,971.0,1.73,1780.0,2870.0,1.61,4264.0,4196.0,0.98,609.0,684.0,1.12,1034.0,1140.0,1.1
2020-21,Humla,567.0,945.0,1.67,149.0,274.0,1.84,1072.0,1526.0,1.42,1308.0,1407.0,1.08,806.0,893.0,1.11,642.0,811.0,1.26
2020-21,Jumla,2821.0,6050.0,2.14,4413.0,7079.0,1.6,2300.0,5290.0,2.3,3737.0,3991.0,1.07,87.0,95.0,1.09,3003.0,4615.0,1.54
2020-21,Kalikot,2429.0,6096.0,2.51,3036.0,7198.0,2.37,5606.0,8535.0,1.52,1241.0,1362.0,1.1,123.0,142.0,1.15,821.0,1297.0,1.58
2020-21,Rukum,3795.0,11091.0,2.92,15784.0,43971.0,2.79,14834.0,30714.0,2.07,473466.0,607633.0,1.28,2535.0,2945.0,1.16,826.0,1046.0,1.27
2020-21,Rolpa,4610.0,13323.0,2.89,13966.0,37593.0,2.69,8429.0,24864.0,2.95,1126.0,1298.0,1.15,548.0,625.0,1.14,551.0,654.0,1.19
2020-21,Pyuthan,6064.0,18704.0,3.08,11330.0,28887.0,2.55,7960.0,24959.0,3.14,2205.0,2718.0,1.23,510.0,833.0,1.63,468.0,764.0,1.63
2020-21,Salyan,7059.0,28642.0,4.06,19047.0,53976.0,2.83,14217.0,38610.0,2.72,1031.0,1214.0,1.18,66.0,73.0,1.11,749.0,1275.0,1.7
2020-21,Jajarkot,2965.0,10450.0,3.52,10206.0,32462.0,3.18,10432.0,26080.0,2.5,1833.0,1887.0,1.03,31.0,47.0,1.52,615.0,698.0,1.13
2020-21,Dailekh,7907.0,26051.0,3.29,21057.0,51283.0,2.44,13710.0,32018.0,2.34,2566.0,2744.0,1.07,28.0,26.0,0.93,181.0,226.0,1.25
2020-21,Surkhet,12463.0,52108.0,4.18,14943.0,46256.0,3.1,12191.0,41354.0,3.39,2235.0,3008.0,1.35,56.0,85.0,1.52,631.0,998.0,1.58
2020-21,Dang,37986.0,153873.0,4.05,24305.0,77999.0,3.21,11876.0,37966.0,3.2,14.0,15.0,1.07,50.0,52.0,1.04,23.0,28.0,1.22
2020-21,Banke,31250.0,109670.0,3.51,19356.0,55747.0,2.88,21944.0,73373.0,3.34,0.0,0.0,0.0,8.0,11.0,1.38,8.0,11.0,1.38
2020-21,Bardiya,50638.0,236494.0,4.67,2764.0,8373.0,3.03,19775.0,74988.0,3.79,0.0,0.0,0.0,8.0,12.0,1.5,8.0,12.0,1.5
2020-21,Bajura,4251.0,11265.0,2.65,918.0,1507.0,1.64,9831.0,15675.0,1.59,2521.0,2575.0,1.02,45.0,57.0,1.27,973.0,1228.0,1.26
2020-21,Bajhang,6491.0,17266.0,2.66,4185.0,5998.0,1.43,10300.0,21558.0,2.09,2761.0,2225.0,0.81,51.0,65.0,1.27,2391.0,2542.0,1.06
2020-21,Darchula,3494.0,9258.0,2.65,5311.0,16855.0,3.17,5882.0,9202.0,1.56,1263.0,1189.0,0.94,96.0,93.0,0.97,1045.0,878.0,0.84
2020-21,Achham,16590.0,44295.0,2.67,6554.0,19266.0,2.94,14453.0,22689.0,1.57,3557.0,3712.0,1.04,77.0,81.0,1.05,444.0,563.0,1.27
2020-21,Doti,10715.0,27430.0,2.56,3481.0,8993.0,2.58,12631.0,25461.0,2.02,4625.0,5533.0,1.2,13.0,10.0,0.77,191.0,289.0,1.51
2020-21,Baitadi,8447.0,20695.0,2.45,11031.0,26939.0,2.44,15901.0,25801.0,1.62,354.0,408.0,1.15,45.0,85.0,1.89,885.0,801.0,0.91
2020-21,Dadeldhura,5961.0,20613.0,3.46,3819.0,12340.0,3.23,9013.0,22055.0,2.45,272.0,343.0,1.26,35.0,48.0,1.37,174.0,240.0,1.38
2020-21,Kailali,70520.0,306894.0,4.35,6519.0,21293.0,3.27,34565.0,123433.0,3.57,356.0,404.0,1.13,24.0,28.0,1.17,176.0,275.0,1.56
2020-21,Kanchanpur,48749.0,187274.0,3.84,3378.0,9248.0,2.74,31210.0,99995.0,3.2,0.0,0.0,0.0,12.0,15.0,1.25,8.0,12.0,1.5
2021-22,Taplejung,6772.0,20451.0,3.02,11198.0,38312.0,3.42,1537.0,2875.0,1.87,2987.0,4242.0,1.42,131.0,174.0,1.33,269.0,405.0,1.51
2021-22,Sankhuwasabha,11998.0,33401.0,2.78,12458.0,33146.0,2.66,715.0,1650.0,2.31,6664.0,8664.0,1.3,18.0,23.0,1.28,12.0,16.0,1.33
2021-22,Solukhumbu,1276.0,3485.0,2.73,13770.0,39048.0,2.84,2665.0,5306.0,1.99,2105.0,2830.0,1.34,339.0,358.0,1.06,162.0,193.0,1.19
2021-22,Panchthar,7852.0,22769.0,2.9,18683.0,42971.0,2.3,3902.0,6476.0,1.66,3738.0,6217.0,1.66,57.0,61.0,1.07,299.0,431.0,1.44
2021-22,Ilam,11999.0,41750.0,3.48,33915.0,131700.0,3.88,4580.0,11679.0,2.55,1600.0,2525.0,1.58,25.0,41.0,1.64,49.0,59.0,1.2
2021-22,Tehrathum,7782.0,21676.0,2.79,12897.0,38756.0,3.01,2399.0,4796.0,2.0,2505.0,2956.0,1.18,27.0,27.0,1.0,64.0,85.0,1.33
2021-22,Dhankuta,6362.0,24626.0,3.87,13467.0,45114.0,3.35,1302.0,2733.0,2.1,7230.0,8759.0,1.21,5.0,8.0,1.6,0.0,0.0,0.0
2021-22,Bhojpur,14570.0,37303.0,2.56,36898.0,97555.0,2.64,414.0,745.0,1.8,5284.0,6657.0,1.26,36.0,39.0,1.08,10.0,15.0,1.5
2021-22,Khotang,12267.0,32017.0,2.61,35845.0,98079.0,2.74,3530.0,6531.0,1.85,22315.0,31308.0,1.4,622.0,734.0,1.18,341.0,522.0,1.53
2021-22,Okhaldhunga,4021.0,10008.0,2.49,12400.0,39680.0,3.2,2145.0,3330.0,1.55,8251.0,15378.0,1.86,105.0,111.0,1.06,75.0,107.0,1.43
2021-22,Udayapur,14233.0,55170.0,3.88,17836.0,55239.0,3.1,5130.0,12825.0,2.5,2768.0,5147.0,1.86,21.0,23.0,1.1,29.0,43.0,1.48
2021-22,Jhapa,92915.0,406738.0,4.38,41059.0,162613.0,3.96,5000.0,13505.0,2.7,1000.0,1300.0,1.3,1850.0,3224.0,1.74,4.0,7.0,1.75
2021-22,Morang,87746.0,354000.0,4.03,18552.0,68801.0,3.71,11755.0,33687.0,2.87,1531.0,1833.0,1.2,245.0,255.0,1.04,0.0,0.0,0.0
2021-22,Sunsari,53392.0,200320.0,3.75,9034.0,29432.0,3.26,12127.0,41195.0,3.4,505.0,585.0,1.16,299.0,380.0,1.27,14.0,22.0,1.57
2021-22,Saptari,50864.0,172195.0,3.39,6589.0,23211.0,3.52,15017.0,54351.0,3.62,183.0,231.0,1.26,0.0,0.0,0.0,0.0,0.0,0.0
2021-22,Siraha,48885.0,164931.0,3.37,3755.0,14007.0,3.73,11794.0,41468.0,3.52,440.0,458.0,1.04,0.0,0.0,0.0,0.0,0.0,0.0
2021-22,Dolakha,0.0,0.0,0.0,6171.0,22155.0,3.59,4246.0,7515.0,1.77,3659.0,4854.0,1.33,1057.0,1160.0,1.1,136.0,165.0,1.21
2021-22,Sindhupalchok,11862.0,38878.0,3.28,26190.0,75713.0,2.89,6904.0,8723.0,1.26,17350.0,18500.0,1.07,226.0,206.0,0.91,172.0,205.0,1.19
2021-22,Rasuwa,1245.0,3525.0,2.83,2524.0,6310.0,2.5,761.0,1232.0,1.62,898.0,1032.0,1.15,21.0,19.0,0.9,243.0,335.0,1.38
2021-22,Ramechhap,8709.0,19207.0,2.21,22367.0,68286.0,3.05,3674.0,8560.0,2.33,4989.0,5690.0,1.14,20.0,20.0,1.0,63.0,85.0,1.35
2021-22,Sindhuli,14161.0,54526.0,3.85,27556.0,85601.0,3.11,6354.0,14890.0,2.34,11700.0,11089.0,0.95,644.0,651.0,1.01,41.0,65.0,1.59
2021-22,Kavre,10861.0,38004.0,3.5,26010.0,88550.0,3.4,8860.0,28700.0,3.24,3505.0,4530.0,1.29,548.0,597.0,1.09,378.0,658.0,1.74
2021-22,Bhaktapur,3939.0,20169.0,5.12,1900.0,7750.0,4.08,3150.0,12409.0,3.94,110.0,117.0,1.06,4.0,5.0,1.25,17.0,29.0,1.71
2021-22,Lalitpur,4169.0,18552.0,4.45,8573.0,33656.0,3.93,3485.0,11858.0,3.4,600.0,804.0,1.34,57.0,58.0,1.02,38.0,55.0,1.45
2021-22,Kathmandu,5955.0,26499.0,4.45,6897.0,29748.0,4.31,3200.0,11174.0,3.49,770.0,1300.0,1.69,7.0,7.0,1.0,2.0,4.0,2.0
2021-22,Nuwakot,17868.0,75235.0,4.21,16206.0,49408.0,3.05,4495.0,16044.0,3.57,5110.0,7234.0,1.42,219.0,231.0,1.05,155.0,198.0,1.28
2021-22,Dhading,13632.0,55038.0,4.04,19776.0,45785.0,2.32,4748.0,15496.0,3.26,6940.0,7445.0,1.07,114.0,119.0,1.04,301.0,385.0,1.28
2021-22,Makwanpur,3.7,42421.0,11465.14,24224.0,78335.0,3.23,4128.0,13622.0,3.3,2803.0,3365.0,1.2,172.0,188.0,1.09,245.0,344.0,1.4
2021-22,Dhanusa,55806.0,179000.0,3.21,3476.0,11343.0,3.26,37788.0,126387.0,3.34,176.0,180.0,1.02,0.0,0.0,0.0,1.0,2.0,2.0
2021-22,Mahottari,39436.0,148086.0,3.76,9754.0,29783.0,3.05,29379.0,95874.0,3.26,0.0,0.0,0.0,0.0,0.0,0.0,8.0,9.0,1.12
2021-22,Sarlahi,45964.0,159263.0,3.46,10205.0,35831.0,3.51,22984.0,77128.0,3.36,709.0,638.0,0.9,0.0,0.0,0.0,260.0,290.0,1.12
2021-22,Rautahat,40529.0,129765.0,3.2,3513.0,12821.0,3.65,15991.0,52888.0,3.31,71.0,74.0,1.04,0.0,0.0,0.0,3.0,5.0,1.67
2021-22,Bara,55198.0,214553.0,3.89,11940.0,46653.0,3.91,27103.0,94650.0,3.49,76.0,88.0,1.16,0.0,0.0,0.0,38.0,41.0,1.08
2021-22,Parsa,45216.0,221411.0,4.9,4189.0,17166.0,4.1,23008.0,86163.0,3.74,0.0,0.0,0.0,0.0,0.0,0.0,29.0,42.0,1.45
2021-22,Chitwan,27403.0,104544.0,3.82,28055.0,105239.0,3.75,5151.0,23248.0,4.51,1478.0,1693.0,1.15,1300.0,1393.0,1.07,15.0,28.0,1.87
2021-22,Manang,0.0,0.0,0.0,177.0,351.0,1.98,213.0,500.0,2.35,0.0,0.0,0.0,361.0,610.0,1.69,111.0,175.0,1.58
2021-22,Mustang,0.0,0.0,0.0,67.0,99.0,1.48,84.0,142.0,1.69,0.0,0.0,0.0,568.0,805.0,1.42,255.0,495.0,1.94
2021-22,Gorkha,12586.0,48250.0,3.83,18935.0,46400.0,2.45,3910.0,9235.0,2.36,12180.0,14820.0,1.22,332.0,472.0,1.42,110.0,141.0,1.28
2021-22,Lamjung,14598.0,46481.0,3.18,19255.0,48166.0,2.5,368.0,962.0,2.61,7793.0,9473.0,1.22,19.0,18.0,0.95,16.0,28.0,1.75
2021-22,Tanahu,11007.0,43962.0,3.99,22316.0,74574.0,3.34,1643.0,4119.0,2.51,6729.0,7700.0,1.14,217.0,219.0,1.01,5.0,6.0,1.2
2021-22,Kaski,20055.0,59531.0,2.97,13583.0,39229.0,2.89,6820.0,17201.0,2.52,13604.0,21060.0,1.55,15.0,17.0,1.13,8.0,8.0,1.0
2021-22,Parbat,8384.0,33158.0,3.95,13700.0,35500.0,2.59,2600.0,6350.0,2.44,8592.0,9560.0,1.11,193.0,254.0,1.32,80.0,105.0,1.31
2021-22,Syangja,16305.0,62103.0,3.81,28945.0,97930.0,3.38,5560.0,16008.0,2.88,16501.0,20346.0,1.23,273.0,294.0,1.08,6.0,6.0,1.0
2021-22,Palpa,7775.0,29621.0,3.81,21643.0,55779.0,2.58,5786.0,13572.0,2.35,2684.0,3762.0,1.4,438.0,403.0,0.92,24.0,24.2,1.01
2021-22,Myagdi,3884.0,13357.0,3.44,9435.0,32200.0,3.41,2530.0,6272.0,2.48,2958.0,3652.0,1.23,178.0,197.0,1.11,275.0,395.0,1.44
2021-22,Baglung,5893.0,20307.0,3.45,18850.0,64260.0,3.41,6900.0,17319.0,2.51,18456.0,23247.0,1.26,98.0,140.0,1.43,90.0,120.0,1.33
2021-22,Gulmi,8190.0,24924.0,3.04,22445.0,68269.0,3.04,6517.0,19386.0,2.97,2927.0,3817.0,1.3,275.0,513.0,1.87,426.0,353.0,0.83
2021-22,Arghakhanchi,7164.0,21942.0,3.06,16955.0,54975.0,3.24,7340.0,19955.0,2.72,511.0,577.0,1.13,350.0,450.0,1.29,375.0,388.0,1.03
2021-22,Nawalparasi,39155.0,151659.0,3.87,9567.0,30975.0,3.24,15243.0,43233.0,2.84,487.0,530.0,1.09,105.0,105.0,1.0,210.0,229.0,1.09
2021-22,Rupandehi,63873.0,249151.0,3.9,2751.0,10752.0,3.91,26118.0,103167.0,3.95,46.0,53.0,1.15,74.0,145.0,1.96,0.0,0.0,0.0
2021-22,Kapilbastu,66261.0,211484.0,3.19,1334.0,4451.0,3.34,26292.0,98184.0,3.73,0.0,0.0,0.0,18.0,17.0,0.94,330.0,1.87,0.01
2021-22,Dolpa,198.0,348.0,1.76,2204.0,2798.0,1.27,2805.0,4010.0,1.43,280.0,310.0,1.11,986.0,858.0,0.87,334.0,345.0,1.03
2021-22,Mugu,903.0,998.0,1.11,1120.0,2350.0,2.1,1795.0,1870.0,1.04,4264.0,4996.0,1.17,677.0,637.0,0.94,994.0,1205.0,1.21
2021-22,Humla,567.0,852.0,1.5,219.0,252.0,1.15,1172.0,1526.0,1.3,1308.0,1607.0,1.23,911.0,960.0,1.05,642.0,811.0,1.26
2021-22,Jumla,2821.0,4324.0,1.53,4200.0,6720.0,1.6,2355.0,5290.0,2.25,3737.0,5191.0,1.39,243.0,285.0,1.17,3003.0,4615.0,1.54
2021-22,Kalikot,2454.0,5464.0,2.23,3036.0,8535.0,2.81,5508.0,8567.0,1.56,1241.0,1662.0,1.34,139.0,159.0,1.14,647.0,772.0,1.19
2021-22,Rukum,3475.0,9121.0,2.62,13387.0,46513.0,3.47,12658.0,31199.0,2.46,1107.0,1466.0,1.32,328.0,393.0,1.2,1442.0,1669.0,1.16
2021-22,Rolpa,4407.0,11617.0,2.64,12335.0,38500.0,3.12,8596.0,24400.0,2.84,1126.0,1498.0,1.33,102.0,95.0,0.93,620.0,625.0,1.01
2021-22,Pyuthan,6029.0,18597.0,3.08,12158.0,35626.0,2.93,8690.0,24959.0,2.87,2205.0,2918.0,1.32,11.0,14.0,1.27,736.0,787.0,1.07
2021-22,Salyan,6758.0,24238.0,3.59,19335.0,60256.0,3.12,13217.0,41610.0,3.15,1231.0,1314.0,1.07,74.0,89.0,1.2,749.0,1275.0,1.7
2021-22,Jajarkot,2651.0,9296.0,3.51,10500.0,34650.0,3.3,10432.0,26080.0,2.5,1833.0,2387.0,1.3,35.0,44.0,1.26,595.0,784.0,1.32
2021-22,Dailekh,7987.0,24125.0,3.02,18680.0,55880.0,2.99,13710.0,33801.0,2.47,2760.0,3080.0,1.12,32.0,32.0,1.0,185.0,212.0,1.15
2021-22,Surkhet,12818.0,50903.0,3.97,13252.0,46756.0,3.53,12191.0,42354.0,3.47,2995.0,3497.0,1.17,56.0,85.0,1.52,630.0,1105.0,1.75
2021-22,Dang,35114.0,129903.0,3.7,24900.0,77847.0,3.13,12690.0,39694.0,3.13,14.0,15.0,1.07,57.0,63.0,1.11,23.0,28.0,1.22
2021-22,Banke,33896.0,78316.0,2.31,19545.0,62192.0,3.18,23500.0,79000.0,3.36,0.0,0.0,0.0,8.0,11.0,1.38,0.0,0.0,0.0
2021-22,Bardiya,49557.0,146971.0,2.97,5350.0,20008.0,3.74,23500.0,79500.0,3.38,0.0,0.0,0.0,8.0,12.0,1.5,0.0,0.0,0.0
2021-22,Bajura,4150.0,10832.0,2.61,3293.0,4850.0,1.47,10450.0,15675.0,1.5,5870.0,5907.0,1.01,255.0,267.0,1.05,1470.0,1970.0,1.34
2021-22,Bajhang,6367.0,16553.0,2.6,4050.0,6599.0,1.63,10927.0,21944.0,2.01,2761.0,3525.0,1.28,105.0,143.0,1.36,2354.0,4102.0,1.74
2021-22,Darchula,3494.0,9433.0,2.7,5530.0,15401.0,2.78,5962.0,9658.0,1.62,1263.0,1589.0,1.26,109.0,113.0,1.04,1087.0,1598.0,1.47
2021-22,Achham,15003.0,31887.0,2.13,6688.0,20714.0,3.1,14730.0,24676.0,1.68,3857.0,4912.0,1.27,83.0,76.0,0.92,412.0,455.0,1.1
2021-22,Doti,9633.0,22406.0,2.33,3998.0,12038.0,3.01,14302.0,28162.0,1.97,4570.0,5833.0,1.28,14.0,14.0,1.0,240.0,321.0,1.34
2021-22,Baitadi,7219.0,16676.0,2.31,10864.0,32078.0,2.95,15400.0,24122.0,1.57,354.0,408.0,1.15,17.0,20.0,1.18,671.0,812.0,1.21
2021-22,Dadeldhura,5799.0,17803.0,3.07,3810.0,11430.0,3.0,8744.0,23905.0,2.73,572.0,647.0,1.13,34.0,45.0,1.32,205.0,355.0,1.73
2021-22,Kailali,72377.0,181859.0,2.51,6130.0,21289.0,3.47,34944.0,125252.0,3.58,356.0,404.0,1.13,27.0,34.0,1.26,410.0,469.0,1.14
2021-22,Kanchanpur,48745.0,132465.0,2.72,3250.0,11534.0,3.55,31355.0,101995.0,3.25,0.0,0.0,0.0,0.0,0.0,0.0,133.0,232.0,1.74
2022-23,Taplejung,6423.0,19438.0,3.03,11210.0,39908.0,3.56,1537.0,2875.0,1.87,2966.0,4270.0,1.44,116.0,126.0,1.09,266.0,372.0,1.4
2022-23,Sankhuwasabha,12033.0,37661.0,3.13,12455.0,31138.0,2.5,715.0,1650.0,2.31,6666.0,8666.0,1.3,16.0,20.0,1.25,13.0,16.0,1.23
2022-23,Solukhumbu,1275.0,3589.0,2.81,13770.0,33187.0,2.41,2665.0,5306.0,1.99,2105.0,2800.0,1.33,301.0,275.0,0.91,165.0,178.0,1.08
2022-23,Panchthar,7762.0,22864.0,2.95,18658.0,42913.0,2.3,3902.0,6476.0,1.66,3208.0,6416.0,2.0,51.0,38.0,0.75,300.0,390.0,1.3
2022-23,Ilam,11969.0,43034.0,3.6,32995.0,126370.0,3.83,4580.0,11679.0,2.55,1597.0,1916.0,1.2,19.0,20.0,1.05,50.0,62.0,1.24
2022-23,Tehrathum,7886.0,22617.0,2.87,12907.0,30977.0,2.4,2399.0,4796.0,2.0,2123.0,2548.0,1.2,21.0,20.0,0.95,52.0,61.0,1.17
2022-23,Dhankuta,6355.0,23303.0,3.67,0.0,0.0,0.0,0.0,0.0,0.0,7228.0,8240.0,1.14,4.0,405.0,101.25,3.0,3.0,1.0
2022-23,Bhojpur,14522.0,43279.0,2.98,32812.0,77108.0,2.35,414.0,745.0,1.8,5048.0,7067.0,1.4,27.0,22.0,0.81,10.0,12.0,1.2
2022-23,Khotang,12149.0,34369.0,2.83,31845.0,56684.0,1.78,3530.0,6531.0,1.85,21315.0,38367.0,1.8,550.0,579.0,1.05,350.0,478.0,1.37
2022-23,Okhaldhunga,4043.0,12004.0,2.97,12400.0,40920.0,3.3,2145.0,3330.0,1.55,7751.0,19378.0,2.5,93.0,87.0,0.94,80.0,110.0,1.38
2022-23,Udayapur,14205.0,55670.0,3.92,17842.0,43891.0,2.46,5130.0,12825.0,2.5,2768.0,5453.0,1.97,18.0,20.0,1.11,23.0,40.0,1.74
2022-23,Jhapa,92910.0,407753.0,4.39,44250.0,225675.0,5.1,5000.0,13505.0,2.7,850.0,1105.0,1.3,1850.0,3719.0,2.01,5.0,10.0,2.0
2022-23,Morang,88045.0,392465.0,4.46,20052.0,132343.0,6.6,11755.0,33687.0,2.87,1290.0,1587.0,1.23,52.0,59.0,1.13,0.0,0.0,0.0
2022-23,Sunsari,53041.0,218012.0,4.11,9674.0,45701.0,4.72,12127.0,41195.0,3.4,457.0,562.0,1.23,253.0,264.0,1.04,0.0,0.0,0.0
2022-23,Saptari,50445.0,170473.0,3.38,6589.0,23211.0,3.52,19400.0,70500.0,3.63,210.0,273.0,1.3,0.0,0.0,0.0,59.0,59.0,1.0
2022-23,Siraha,48392.0,167244.0,3.46,3755.0,14007.0,3.73,14230.0,52800.0,3.71,645.0,696.0,1.08,0.0,0.0,0.0,10.0,12.0,1.2
2022-23,Dolakha,2814.0,6894.0,2.45,5844.0,17590.0,3.01,4243.0,7553.0,1.78,3675.0,5219.0,1.42,935.0,870.0,0.93,136.0,165.0,1.21
2022-23,Sindhupalchok,9335.0,27771.0,2.97,26298.0,78894.0,3.0,6898.0,11175.0,1.62,17550.0,23693.0,1.35,205.0,185.0,0.9,165.0,155.0,0.94
2022-23,Rasuwa,1187.0,2629.0,2.21,2524.0,6374.0,2.53,759.0,1230.0,1.62,895.0,1012.0,1.13,21.0,19.0,0.9,243.0,331.0,1.36
2022-23,Ramechhap,8629.0,18747.0,2.17,22166.0,65168.0,2.94,3674.0,8560.0,2.33,4884.0,5470.0,1.12,18.0,15.0,0.83,63.0,85.0,1.35
2022-23,Sindhuli,14070.0,54171.0,3.85,24924.0,81981.0,3.29,5083.0,13712.0,2.7,12065.0,12371.0,1.03,456.0,376.0,0.82,36.0,58.0,1.61
2022-23,Kavre,9980.0,38400.0,3.85,25620.0,89670.0,3.5,8550.0,24795.0,2.9,3510.0,4563.0,1.3,600.0,648.0,1.08,347.0,340.0,0.98
2022-23,Bhaktapur,3891.0,19922.0,5.12,1849.0,9337.0,5.05,1892.0,9782.0,5.17,86.0,224.0,2.6,0.0,0.0,0.0,16.0,50.0,3.12
2022-23,Lalitpur,4012.0,17894.0,4.46,9160.0,36823.0,4.02,2502.0,9357.0,3.74,520.0,546.0,1.05,0.0,0.0,0.0,40.0,48.0,1.2
2022-23,Kathmandu,5556.0,25058.0,4.51,6317.0,25331.0,4.01,2043.0,9480.0,4.64,602.0,632.0,1.05,4.0,4.0,1.0,0.0,0.0,0.0
2022-23,Nuwakot,17847.0,75223.0,4.21,16218.0,49457.0,3.05,4493.0,16021.0,3.57,5114.0,7258.0,1.42,219.0,231.0,1.05,154.0,194.0,1.26
2022-23,Dhading,13545.0,55600.0,4.1,19530.0,48750.0,2.5,4650.0,13113.0,2.82,6920.0,6445.0,0.93,92.0,78.0,0.85,278.0,312.0,1.12
2022-23,Makwanpur,12070.0,48316.0,4.0,24120.0,72360.0,3.0,3840.0,13440.0,3.5,2655.0,3186.0,1.2,170.0,187.0,1.1,240.0,312.0,1.3
2022-23,Dhanusa,55730.0,187092.0,3.36,3476.0,11343.0,3.26,34000.0,115600.0,3.4,210.0,189.0,0.9,0.0,0.0,0.0,1.0,1.0,1.0
2022-23,Mahottari,34135.0,119735.0,3.51,9754.0,29783.0,3.05,29320.0,98640.0,3.36,300.0,330.0,1.1,0.0,0.0,0.0,10.0,12.0,1.2
2022-23,Sarlahi,46905.0,164640.0,3.51,10205.0,35831.0,3.51,23367.0,78279.0,3.35,835.0,1670.0,2.0,0.0,0.0,0.0,26.0,29.0,1.12
2022-23,Rautahat,36943.0,132479.0,3.59,3513.0,12821.0,3.65,15900.0,57000.0,3.58,70.0,60.0,0.86,0.0,0.0,0.0,3.0,3.0,1.0
2022-23,Bara,55660.0,248133.0,4.46,11940.0,46653.0,3.91,29700.0,103950.0,3.5,5.0,5.0,1.0,0.0,0.0,0.0,3.0,3.0,1.0
2022-23,Parsa,47130.0,199047.0,4.22,4189.0,17166.0,4.1,26065.0,97612.0,3.74,36.0,36.0,1.0,0.0,0.0,0.0,35.0,51.0,1.46
2022-23,Chitwan,27378.0,109822.0,4.01,26116.0,96629.0,3.7,3460.0,15224.0,4.4,1464.0,1610.0,1.1,1050.0,1113.0,1.06,15.0,26.0,1.73
2022-23,Manang,0.0,0.0,0.0,135.0,267.0,1.98,105.0,247.0,2.35,2.0,2.0,1.0,80.0,128.0,1.6,122.0,195.0,1.6
2022-23,Mustang,0.0,0.0,0.0,55.0,81.0,1.47,74.0,125.0,1.69,2.0,2.0,1.0,125.0,237.0,1.9,44.0,69.0,1.57
2022-23,Gorkha,11225.0,43510.0,3.88,18005.0,44832.0,2.49,2500.0,5925.0,2.37,11200.0,13664.0,1.22,200.0,284.0,1.42,110.0,141.0,1.28
2022-23,Lamjung,13305.0,44861.0,3.37,12570.0,30797.0,2.45,15.0,39.0,2.6,7200.0,8784.0,1.22,15.0,14.0,0.93,10.0,18.0,1.8
2022-23,Tanahu,10525.0,41360.0,3.93,19200.0,62976.0,3.28,1200.0,3012.0,2.51,6105.0,7021.0,1.15,100.0,102.0,1.02,4.0,5.0,1.25
2022-23,Kaski,18386.0,57692.0,3.14,12443.0,36707.0,2.95,5500.0,13805.0,2.51,9195.0,14252.0,1.55,10.0,12.0,1.2,6.0,6.0,1.0
2022-23,Parbat,7625.0,27980.0,3.67,12500.0,32313.0,2.59,2230.0,5441.0,2.44,7350.0,8159.0,1.11,110.0,145.0,1.32,55.0,72.0,1.31
2022-23,Syangja,15841.0,59904.0,3.78,20800.0,68432.0,3.29,4175.0,12024.0,2.88,11075.0,13622.0,1.23,150.0,162.0,1.08,6.0,6.0,1.0
2022-23,Palpa,8610.0,27100.0,3.15,21867.0,58136.0,2.66,5760.0,13248.0,2.3,2418.0,3216.0,1.33,198.0,182.2,0.92,144.0,162.7,1.13
2022-23,Myagdi,3830.0,13562.0,3.54,8800.0,29920.0,3.4,2400.0,5952.0,2.48,2500.0,3075.0,1.23,160.0,178.0,1.11,260.0,374.0,1.44
2022-23,Baglung,5717.0,20302.0,3.55,15500.0,52700.0,3.4,6005.0,15072.0,2.51,8460.0,10744.0,1.27,80.0,120.0,1.5,95.0,141.0,1.48
2022-23,Gulmi,7556.0,29158.0,3.86,22488.0,68389.0,3.04,6480.0,19375.0,2.99,2921.0,3827.0,1.31,205.0,389.5,1.9,420.0,546.0,1.3
2022-23,Arghakhanchi,7064.0,22266.0,3.15,16965.0,54381.0,3.21,5245.0,14424.0,2.75,501.0,615.0,1.23,97.0,91.2,0.94,300.0,345.0,1.15
2022-23,Nawalparasi,1992620505.0,8195084278.0,4.11,11646.0,36242.0,3.11,15610.0,46256.0,2.96,303.0,341.0,1.13,100.0,100.8,1.01,160.0,200.0,1.25
2022-23,Rupandehi,63557.0,252998.0,3.98,2600.0,10214.0,3.93,26702.0,105695.0,3.96,38.0,44.0,1.16,0.0,0.0,0.0,70.0,138.5,1.98
2022-23,Kapilbastu,65855.0,234444.0,3.56,1352.0,4519.0,3.34,28305.0,97540.0,3.45,0.0,0.0,0.0,19.0,18.5,0.97,97.0,181.4,1.87
2022-23,Dolpa,200.0,322.0,1.61,2359.0,3732.0,1.58,2375.0,4065.0,1.71,294.0,303.0,1.03,807.0,997.0,1.24,334.0,345.0,1.03
2022-23,Mugu,565.0,850.0,1.5,2635.0,1341.0,0.51,1782.0,3276.0,1.84,2122.0,4196.0,1.98,609.0,684.0,1.12,630.0,1140.0,1.81
2022-23,Humla,626.0,983.0,1.57,239.0,273.0,1.14,1072.0,1137.0,1.06,1308.0,1402.0,1.07,806.0,893.0,1.11,642.0,811.0,1.26
2022-23,Jumla,2850.0,4854.0,1.7,4452.0,11175.0,2.51,2461.0,5400.0,2.19,3165.0,3971.0,1.25,87.0,95.0,1.09,815.0,4615.0,5.66
2022-23,Kalikot,2322.0,4899.0,2.11,3773.0,8268.0,2.19,5606.0,11594.0,2.07,1261.0,1362.0,1.08,123.0,142.0,1.15,660.0,1297.0,1.97
2022-23,Rukum,14192051.0,44145435.0,3.11,14963.0,34594.0,2.31,12335.0,30488.0,2.47,1042.0,1389.0,1.33,190.0,225.0,1.18,861.0,1190.0,1.38
2022-23,Rolpa,4438.0,12648.0,2.85,12735.0,38842.0,3.05,8598.0,22219.0,2.58,1235.0,1535.0,1.24,80.0,76.1,0.95,546.0,640.0,1.17
2022-23,Pyuthan,5989.0,22944.0,3.83,12140.0,36650.0,3.02,8696.0,25114.0,2.89,1894.0,2519.0,1.33,65.0,74.8,1.15,560.0,606.0,1.08
2022-23,Salyan,6858.0,23930.0,3.49,17650.0,53825.0,3.05,13125.0,28528.0,2.17,1031.0,1205.0,1.17,66.0,73.0,1.11,749.0,1275.0,1.7
2022-23,Jajarkot,2565.0,8795.0,3.43,10450.0,25637.0,2.45,10432.0,25110.0,2.41,1315.0,1887.0,1.43,31.0,47.0,1.52,615.0,698.0,1.13
2022-23,Dailekh,7925.0,26501.0,3.34,19125.0,42213.0,2.21,13285.0,15405.0,1.16,2005.0,2744.0,1.37,28.0,26.0,0.93,181.0,226.0,1.25
2022-23,Surkhet,12665.0,52904.0,4.18,15252.0,46036.0,3.02,12192.0,35370.0,2.9,1842.0,3002.0,1.63,56.0,85.0,1.52,631.0,998.0,1.58
2022-23,Dang,37630.0,144261.0,3.83,24990.0,81554.0,3.26,12235.0,39215.0,3.21,15.0,21.0,1.4,35.0,53.6,1.53,16.0,32.0,2.0
2022-23,Banke,30396.0,110943.0,3.65,9023.0,37544.0,4.16,23510.0,79090.0,3.36,0.0,0.0,0.0,0.0,0.0,0.0,6.0,8.0,1.33
2022-23,Bardiya,48971.0,205859.0,4.2,5660.0,21192.0,3.74,22900.0,83550.0,3.65,0.0,0.0,0.0,0.0,0.0,0.0,6.0,8.0,1.33
2022-23,Bajura,4050.0,10611.0,2.62,1350.0,2025.0,1.5,6450.0,9675.0,1.5,2050.0,2460.0,1.2,20.0,14.0,0.7,960.0,958.0,1.0
2022-23,Bajhang,6135.0,16012.0,2.61,4080.0,6038.0,1.48,9372.0,16879.0,1.8,2200.0,2404.0,1.09,16.0,16.0,1.0,1440.0,2270.0,1.58
2022-23,Darchula,3521.0,9542.0,2.71,4538.0,8259.0,1.82,5965.0,10396.0,1.74,1185.0,1185.0,1.0,12.0,10.0,0.83,807.0,906.0,1.12
2022-23,Achham,10705.0,22909.0,2.14,5688.0,12514.0,2.2,10730.0,17168.0,1.6,3002.0,2762.0,0.92,10.0,7.0,0.7,752.0,412.0,0.55
2022-23,Doti,8435.0,19738.0,2.34,3650.0,10200.0,2.79,10290.0,17209.0,1.67,3250.0,3938.0,1.21,8.0,6.0,0.75,295.0,181.0,0.61
2022-23,Baitadi,4956.0,11647.0,2.35,7560.0,21244.0,2.81,12400.0,22996.0,1.85,400.0,640.0,1.6,18.0,13.0,0.72,700.0,420.0,0.6
2022-23,Dadeldhura,4732.0,14669.0,3.1,3500.0,7829.0,2.24,7600.0,14440.0,1.9,320.0,568.0,1.78,2.0,1.0,0.5,200.0,267.0,1.34
2022-23,Kailali,71380.0,322646.0,4.52,5975.0,19419.0,3.25,39565.0,145995.0,3.69,105.0,125.0,1.19,0.0,0.0,0.0,19.0,19.0,1.0
2022-23,Kanchanpur,48606.0,161447.0,3.32,3095.0,13928.0,4.5,31210.0,100808.0,3.23,0.0,0.0,0.0,0.0,0.0,0.0,13.0,9.0,0.69
2023-24,Taplejung,5585.0,15964.0,2.86,11210.0,39918.0,3.56,1498.0,2786.0,1.86,2966.0,4270.0,1.44,118.0,130.0,1.1,266.0,372.0,1.4
2023-24,Sankhuwasabha,10336.0,30376.0,2.94,12460.0,30527.0,2.45,714.0,1714.0,2.4,6669.0,8803.0,1.32,17.0,22.0,1.29,13.5,17.55,1.3
2023-24,Solukhumbu,1225.0,3344.0,2.73,13770.0,33184.0,2.41,2665.0,5304.0,1.99,2105.0,2819.0,1.34,301.0,276.0,0.92,165.0,177.21,1.07
2023-24,Panchthar,7799.0,23136.0,2.97,18808.0,67709.0,3.6,3725.0,6035.0,1.62,3208.0,6416.0,2.0,50.0,37.0,0.74,302.0,393.0,1.3
2023-24,Ilam,11222.0,39211.0,3.49,33002.0,129368.0,3.92,4520.0,11526.0,2.55,1578.0,1894.0,1.2,16.0,16.0,1.0,48.0,53.76,1.12
2023-24,Tehrathum,6839.0,16777.0,2.45,12907.0,36269.0,2.81,1396.0,2781.0,1.99,2120.0,2521.0,1.19,21.0,21.0,1.0,50.0,58.6,1.17
2023-24,Dhankuta,5830.0,21062.0,3.61,13470.0,45488.0,3.38,1295.0,2720.0,2.1,7230.0,8242.0,1.14,4.0,4.0,1.0,2.3,2.3,1.0
2023-24,Bhojpur,11556.0,34795.0,3.01,32825.0,78780.0,2.4,390.0,710.0,1.82,5052.0,7578.0,1.5,28.0,23.0,0.82,8.0,9.6,1.2
2023-24,Khotang,11306.0,29741.0,2.63,21814.0,39919.0,1.83,1494.0,2212.0,1.48,13332.0,23598.0,1.77,69.0,73.0,1.06,23.3,31.28,1.34
2023-24,Okhaldhunga,4048.0,10544.0,2.6,12400.0,42160.0,3.4,2145.0,4076.0,1.9,7751.0,12517.0,1.61,93.0,79.0,0.85,80.0,125.0,1.56
2023-24,Udayapur,14349.0,58329.0,4.07,17842.0,43891.0,2.46,5130.0,12825.0,2.5,2768.0,5453.0,1.97,18.0,20.0,1.11,23.0,40.25,1.75
2023-24,Jhapa,93800.0,477462.0,5.09,44350.0,260335.0,5.87,3000.0,7950.0,2.65,800.0,1032.0,1.29,2.0,4.0,2.0,5.0,9.5,1.9
2023-24,Morang,87487.0,434074.0,4.96,20452.0,141119.0,6.9,11960.0,35880.0,3.0,1320.0,1637.0,1.24,55.0,62.0,1.13,0.0,0.0,0.0
2023-24,Sunsari,53019.0,240765.0,4.54,10641.0,55333.0,5.2,12248.0,41298.0,3.37,458.0,564.0,1.23,248.0,258.0,1.04,0.0,0.0,0.0
2023-24,Saptari,59846.0,192341.0,3.21,5150.0,18025.0,3.5,19412.0,70543.0,3.63,210.0,273.0,1.3,0.0,0.0,0.0,79.0,79.0,1.0
2023-24,Siraha,47232.0,166724.0,3.53,3411.0,16374.0,4.8,14250.0,52896.0,3.71,645.0,6967.0,10.8,0.0,0.0,0.0,95.0,152.0,1.6
2023-24,Dolakha,2795.0,7285.0,2.61,6171.0,22030.0,3.57,4242.0,7508.0,1.77,3657.0,4864.0,1.33,1052.0,1157.0,1.1,134.0,162.0,1.21
2023-24,Sindhupalchok,8112.0,24650.0,3.04,26691.0,85146.0,3.19,6687.0,11034.0,1.65,17371.0,22756.0,1.31,203.0,183.0,0.9,150.0,141.0,0.94
2023-24,Rasuwa,1246.0,2769.0,2.22,2530.0,6401.0,2.53,760.0,1231.0,1.62,897.0,1014.0,1.13,21.0,19.0,0.9,242.0,329.0,1.36
2023-24,Ramechhap,7954.0,19609.0,2.47,22169.0,64290.0,2.9,3677.0,8163.0,2.22,4886.0,5472.0,1.12,18.0,15.0,0.83,61.0,82.0,1.34
2023-24,Sindhuli,12663.0,50768.0,4.01,25982.0,84701.0,3.26,5208.0,13645.0,2.62,10842.0,11059.0,1.02,365.0,621.0,1.7,13.0,22.0,1.69
2023-24,Kavre,9445.0,38724.0,4.1,25448.0,92122.0,3.62,8250.0,23925.0,2.9,3020.0,3896.0,1.29,510.0,520.0,1.02,345.0,338.0,0.98
2023-24,Bhaktapur,3719.0,20455.0,5.5,1839.0,9287.0,5.05,1872.0,9678.0,5.17,81.0,211.0,2.6,0.0,0.0,0.0,15.0,47.0,3.13
2023-24,Lalitpur,4163.0,19233.0,4.62,9158.0,36815.0,4.02,2497.0,9339.0,3.74,518.0,544.0,1.05,0.0,0.0,0.0,39.0,47.0,1.21
2023-24,Kathmandu,5226.0,24562.0,4.7,6315.0,25323.0,4.01,2040.0,9466.0,4.64,599.0,629.0,1.05,4.0,4.0,1.0,0.0,0.0,0.0
2023-24,Nuwakot,17867.0,73532.0,4.12,16217.0,49462.0,3.05,4493.0,16040.0,3.57,5114.0,7262.0,1.42,219.0,230.0,1.05,153.0,193.0,1.26
2023-24,Dhading,13855.0,51264.0,3.7,19300.0,48250.0,2.5,3620.0,8145.0,2.25,7350.0,6762.0,0.92,7.0,4.0,0.57,215.0,191.0,0.89
2023-24,Makwanpur,12168.0,46287.0,3.8,19069.0,64072.0,3.36,1704.0,4976.0,2.92,5550.0,7382.0,1.33,1050.0,1365.0,1.3,0.0,0.0,0.0
2023-24,Dhanusa,43065.0,121318.0,2.82,3350.0,9515.0,2.84,33500.0,97150.0,2.9,310.0,370.0,1.19,0.0,0.0,0.0,1.0,1.0,1.0
2023-24,Mahottari,40701.0,125482.0,3.08,5000.0,22500.0,4.5,29100.0,97951.0,3.37,350.0,385.0,1.1,0.0,0.0,0.0,8.0,14.0,1.75
2023-24,Sarlahi,46325.0,144310.0,3.12,11400.0,62700.0,5.5,23350.0,78456.0,3.36,709.0,638.0,0.9,0.0,0.0,0.0,62.0,71.0,1.15
2023-24,Rautahat,36834.0,118913.0,3.23,4950.0,20700.0,4.18,14800.0,58200.0,3.93,25.0,25.0,1.0,0.0,0.0,0.0,2.0,3.0,1.5
2023-24,Bara,58550.0,251738.0,4.3,15050.0,90055.0,5.98,30000.0,90000.0,3.0,5.0,5.0,1.0,0.0,0.0,0.0,3.0,3.0,1.0
2023-24,Parsa,50630.0,216846.0,4.28,3890.0,15599.0,4.01,23020.0,85865.0,3.73,407.0,440.0,1.08,0.0,0.0,0.0,28.0,37.0,1.32
2023-24,Chitwan,29690.0,125208.0,4.22,17110.0,68611.0,4.01,4711.0,15593.0,3.31,1050.0,1208.0,1.15,85.0,94.0,1.11,0.0,0.0,0.0
2023-24,Manang,0.0,0.0,0.0,135.0,267.0,1.98,110.0,231.0,2.1,2.0,2.0,1.0,296.0,295.0,1.0,50.0,102.0,2.04
2023-24,Mustang,0.0,0.0,0.0,41.0,61.0,1.49,115.0,430.0,3.74,0.0,0.0,0.0,130.0,247.0,1.9,44.0,91.0,2.07
2023-24,Gorkha,10865.0,41686.0,3.84,18005.0,46815.0,2.6,2500.0,5925.0,2.37,11200.0,13550.0,1.21,200.0,285.0,1.42,110.0,141.0,1.28
2023-24,Lamjung,12680.0,42673.0,3.37,15570.0,33631.0,2.16,13.0,31.0,2.38,7200.0,8640.0,1.2,17.0,16.0,0.94,9.0,14.0,1.56
2023-24,Tanahu,9479.0,37724.0,3.98,22195.0,73243.0,3.3,1150.0,2887.0,2.51,6050.0,7017.0,1.16,125.0,127.0,1.02,4.0,4.0,1.0
2023-24,Kaski,16660.0,63584.0,3.82,12343.0,36205.0,2.93,6010.0,14725.0,2.45,10152.0,15228.0,1.5,8.0,9.0,1.12,5.0,5.0,1.0
2023-24,Parbat,7625.0,26600.0,3.49,13600.0,33120.0,2.44,2220.0,5220.0,2.35,7340.0,7850.0,1.07,81.0,100.0,1.23,53.0,54.0,1.02
2023-24,Syangja,15165.0,61117.0,4.03,18048.0,57754.0,3.2,4175.0,7515.0,1.8,11186.0,12305.0,1.1,150.0,120.0,0.8,6.0,5.0,0.83
2023-24,Palpa,8089.0,35860.0,4.43,21862.0,75661.0,3.46,5765.0,16430.0,2.85,2363.0,3101.0,1.31,210.0,233.1,1.11,110.0,124.3,1.13
2023-24,Myagdi,3806.0,13702.0,3.6,9200.0,28520.0,3.1,2310.0,5336.0,2.31,2450.0,3400.0,1.39,150.0,165.0,1.1,250.0,360.0,1.44
2023-24,Baglung,5717.0,20551.0,3.59,15600.0,54600.0,3.5,6000.0,15082.0,2.51,10300.0,13287.0,1.29,80.0,120.0,1.5,95.0,141.0,1.48
2023-24,Gulmi,7460.0,24721.0,3.31,22418.0,77173.0,3.44,6370.0,19005.0,2.98,2883.0,3690.0,1.28,198.0,216.8,1.09,411.0,542.5,1.32
2023-24,Arghakhanchi,7182.0,25935.0,3.61,15200.0,53677.0,3.53,4665.0,13706.0,2.94,490.0,596.0,1.22,96.0,105.9,1.1,285.0,330.6,1.16
2023-24,Nawalparasi,1992619890.0,8398891494.0,4.21,8463.0,29182.0,3.45,15623.0,47486.0,3.04,295.0,345.0,1.17,97.0,96.3,0.99,147.0,182.7,1.24
2023-24,Rupandehi,60382.0,278374.0,4.61,2639.0,10985.0,4.16,27356.0,108490.0,3.97,28.0,32.0,1.14,0.0,0.0,0.0,65.0,105.5,1.62
2023-24,Kapilbastu,65876.0,276684.0,4.2,1390.0,5675.0,4.08,31735.0,111072.0,3.5,0.0,0.0,0.0,18.0,18.0,1.0,140.0,216.0,1.54
2023-24,Dolpa,199.0,342.0,1.72,2159.0,3750.0,1.74,2275.0,4165.0,1.83,294.0,305.0,1.04,805.0,997.0,1.24,325.0,312.0,0.96
2023-24,Mugu,591.0,1005.0,1.7,1222.0,2139.0,1.75,1757.0,3272.0,1.86,2125.0,4196.0,1.97,608.0,653.0,1.07,512.0,910.0,1.78
2023-24,Humla,599.0,1036.0,1.73,231.0,290.0,1.26,1072.0,1115.0,1.04,1062.0,1125.0,1.06,810.0,895.0,1.1,642.0,827.0,1.29
2023-24,Jumla,2950.0,5900.0,2.0,4450.0,10500.0,2.36,2476.0,5408.0,2.18,2750.0,3875.0,1.41,95.0,98.0,1.03,1935.0,3515.0,1.82
2023-24,Kalikot,2515.0,5282.0,2.1,3550.0,8060.0,2.27,5596.0,11313.0,2.02,1255.0,1365.0,1.09,85.0,142.0,1.67,551.0,975.0,1.77
2023-24,Rukum,8203048.0,25589449.0,3.12,13948.0,51981.0,3.73,12293.0,30998.0,2.52,805.0,1083.0,1.35,70.0,80.0,1.14,880.0,1247.0,1.42
2023-24,Rolpa,4545.0,12993.0,2.86,12700.0,39724.0,3.13,8490.0,21225.0,2.5,1236.0,1618.0,1.31,91.0,97.3,1.07,540.0,637.2,1.18
2023-24,Pyuthan,6500.0,23952.0,3.68,12140.0,40097.0,3.3,8651.0,25087.0,2.9,1885.0,2488.0,1.32,61.0,66.7,1.09,544.0,587.5,1.08
2023-24,Salyan,6132.0,23308.0,3.8,17650.0,74700.0,4.23,13125.0,28528.0,2.17,1010.0,1210.0,1.2,30.0,27.0,0.9,520.0,875.0,1.68
2023-24,Jajarkot,2850.0,9120.0,3.2,10250.0,33313.0,3.25,10410.0,25100.0,2.41,1305.0,1581.0,1.21,31.0,45.0,1.45,479.0,685.0,1.43
2023-24,Dailekh,7925.0,26470.0,3.34,19120.0,45310.0,2.37,13175.0,17274.0,1.31,1950.0,2541.0,1.3,27.0,26.0,0.96,181.0,230.0,1.27
2023-24,Surkhet,15095.0,63152.0,4.18,15225.0,45475.0,2.99,12050.0,34102.0,2.83,1830.0,2700.0,1.48,56.0,85.0,1.52,476.0,870.0,1.83
2023-24,Dang,35382.0,159129.0,4.5,24985.0,86475.0,3.46,11530.0,35743.0,3.1,14.0,19.0,1.36,32.0,38.8,1.21,15.0,29.9,1.99
2023-24,Banke,34710.0,145777.0,4.2,8783.0,32575.0,3.71,21515.0,73090.0,3.4,0.0,0.0,0.0,0.0,0.0,0.0,5.0,5.9,1.18
2023-24,Bardiya,51550.0,233352.0,4.53,5530.0,25198.0,4.56,23335.0,86340.0,3.7,0.0,0.0,0.0,0.0,0.0,0.0,6.0,7.9,1.32
2023-24,Bajura,3915.0,10218.0,2.61,1120.0,2800.0,2.5,6430.0,11896.0,1.85,2555.0,3194.0,1.25,20.0,13.0,0.65,1550.0,1829.0,1.18
2023-24,Bajhang,6150.0,16298.0,2.65,4075.0,10717.0,2.63,9365.0,20697.0,2.21,2250.0,2903.0,1.29,28.0,28.0,1.0,2440.0,3050.0,1.25
2023-24,Darchula,3480.0,9048.0,2.6,5538.0,15618.0,2.82,5950.0,11350.0,1.91,1215.0,1531.0,1.26,63.0,54.0,0.86,1018.0,1212.0,1.19
2023-24,Achham,9590.0,19180.0,2.0,5354.0,13171.0,2.46,10670.0,18993.0,1.78,3402.0,4079.0,1.2,10.0,7.0,0.7,391.0,395.0,1.01
2023-24,Doti,6988.0,18448.0,2.64,3650.0,10622.0,2.91,10300.0,21836.0,2.12,4350.0,5264.0,1.21,5.0,4.0,0.8,210.0,181.0,0.86
2023-24,Baitadi,5225.0,13794.0,2.64,8700.0,24492.0,2.82,12350.0,20378.0,1.65,315.0,420.0,1.33,18.0,13.0,0.72,687.0,586.0,0.85
2023-24,Dadeldhura,3780.0,11264.0,2.98,3800.0,10000.0,2.63,7590.0,16678.0,2.2,335.0,569.0,1.7,2.0,1.0,0.5,200.0,171.0,0.86
2023-24,Kailali,68536.0,316504.0,4.62,6054.0,22460.0,3.71,34840.0,123682.0,3.55,100.0,121.0,1.21,20.0,20.0,1.0,208.0,166.0,0.8
2023-24,Kanchanpur,48625.0,184369.0,3.79,2950.0,11859.0,4.02,31115.0,106102.0,3.41,0.0,0.0,0.0,0.0,0.0,0.0,9.0,7.0,0.78
